============================= test session starts =============================
collecting ... collected 3500 items / 29 deselected / 3471 selected

tests/integration/test_audit_log.py::test_an_update_against_the_audit_table_fails PASSED [  0%]
tests/integration/test_audit_log.py::test_a_delete_against_the_audit_table_fails PASSED [  0%]
tests/integration/test_audit_log.py::test_a_truncate_against_the_audit_table_fails PASSED [  0%]
tests/integration/test_audit_log.py::test_an_update_matching_no_rows_raises_nothing PASSED [  0%]
tests/integration/test_audit_log.py::test_recording_writes_the_row_and_stages_the_event_together PASSED [  0%]
tests/integration/test_audit_log.py::test_the_audit_row_and_its_event_share_one_transaction PASSED [  0%]
tests/integration/test_audit_log.py::test_the_published_event_survives_the_wire_format PASSED [  0%]
tests/integration/test_audit_log.py::test_a_blank_actor_or_subject_is_refused_by_the_table[-actor] PASSED [  0%]
tests/integration/test_audit_log.py::test_a_blank_actor_or_subject_is_refused_by_the_table[-subject] PASSED [  0%]
tests/integration/test_audit_log.py::test_a_blank_actor_or_subject_is_refused_by_the_table[   -actor] PASSED [  0%]
tests/integration/test_audit_log.py::test_a_blank_actor_or_subject_is_refused_by_the_table[   -subject] PASSED [  0%]
tests/integration/test_audit_log.py::test_a_blank_actor_or_subject_is_refused_by_the_table[\t-actor] PASSED [  0%]
tests/integration/test_audit_log.py::test_a_blank_actor_or_subject_is_refused_by_the_table[\t-subject] PASSED [  0%]
tests/integration/test_audit_log.py::test_a_missing_required_value_is_refused_by_the_table[account] PASSED [  0%]
tests/integration/test_audit_log.py::test_a_missing_required_value_is_refused_by_the_table[actor] PASSED [  0%]
tests/integration/test_audit_log.py::test_a_missing_required_value_is_refused_by_the_table[correlation] PASSED [  0%]
tests/integration/test_audit_log.py::test_a_record_cannot_predate_the_action_it_records PASSED [  0%]
tests/integration/test_audit_log.py::test_the_table_carries_a_row_level_security_policy PASSED [  0%]
tests/integration/test_audit_log.py::test_everything_under_one_correlation_comes_back_in_order PASSED [  0%]
tests/integration/test_audit_log.py::test_a_read_by_account_does_not_return_another_tenant_s_rows PASSED [  0%]
tests/integration/test_audit_log.py::test_a_record_survives_a_round_trip_through_postgresql PASSED [  0%]
tests/integration/test_authentication_flow.py::test_a_failed_authentication_leaves_a_committed_audit_row PASSED [  0%]
tests/integration/test_authentication_flow.py::test_an_unknown_subject_leaves_a_committed_audit_row PASSED [  0%]
tests/integration/test_authentication_flow.py::test_a_failed_authentication_issues_no_session PASSED [  0%]
tests/integration/test_authentication_flow.py::test_a_successful_login_writes_the_session_the_audit_row_and_the_event PASSED [  0%]
tests/integration/test_authentication_flow.py::test_the_issued_access_token_verifies PASSED [  0%]
tests/integration/test_authentication_flow.py::test_a_session_rotates_and_the_old_token_stops_working PASSED [  0%]
tests/integration/test_authentication_flow.py::test_reuse_revokes_the_lineage_in_the_database PASSED [  0%]
tests/integration/test_authentication_flow.py::test_reuse_is_recorded_distinctly_from_the_error_it_raises PASSED [  0%]
tests/integration/test_authentication_flow.py::test_one_stolen_session_does_not_end_the_others PASSED [  0%]
tests/integration/test_authentication_flow.py::test_a_disabled_principal_cannot_refresh PASSED [  0%]
tests/integration/test_authorisation_store.py::test_a_role_and_its_permission_evidence_survive_a_round_trip PASSED [  0%]
tests/integration/test_authorisation_store.py::test_an_unknown_role_returns_none PASSED [  0%]
tests/integration/test_authorisation_store.py::test_a_concurrent_role_update_is_refused PASSED [  0%]
tests/integration/test_authorisation_store.py::test_an_unassigned_principal_has_no_role PASSED [  1%]
tests/integration/test_authorisation_store.py::test_a_principal_role_is_loaded_with_its_permissions PASSED [  1%]
tests/integration/test_authorisation_store.py::test_a_principal_cannot_hold_two_roles PASSED [  1%]
tests/integration/test_authorisation_store.py::test_a_principal_cannot_borrow_another_tenants_role PASSED [  1%]
tests/integration/test_authorisation_store.py::test_deleting_a_principal_cascades_its_live_assignment PASSED [  1%]
tests/integration/test_authorisation_store.py::test_deleting_a_role_cascades_its_live_assignment PASSED [  1%]
tests/integration/test_authorisation_store.py::test_authority_directory_counts_only_active_enrolled_managers PASSED [  1%]
tests/integration/test_broker_authentication.py::test_enrolment_and_session_are_two_rows_for_one_broker PASSED [  1%]
tests/integration/test_broker_authentication.py::test_the_sealed_documents_survive_bytea_intact PASSED [  1%]
tests/integration/test_broker_authentication.py::test_no_plaintext_reaches_the_table PASSED [  1%]
tests/integration/test_broker_authentication.py::test_a_second_login_replaces_only_the_session_row PASSED [  1%]
tests/integration/test_broker_authentication.py::test_rotating_the_application_leaves_the_session_row_alone PASSED [  1%]
tests/integration/test_broker_authentication.py::test_a_lost_update_on_the_session_is_refused PASSED [  1%]
tests/integration/test_broker_authentication.py::test_status_reports_absence_before_anything_is_enrolled PASSED [  1%]
tests/integration/test_broker_authentication.py::test_logging_in_without_enrolment_raises_against_the_database PASSED [  1%]
tests/integration/test_broker_authentication.py::test_another_account_reads_none_of_this_one PASSED [  1%]
tests/integration/test_broker_authentication.py::test_a_reconnecting_reader_sees_the_stored_session PASSED [  1%]
tests/integration/test_broker_authentication.py::test_an_expired_session_is_reported_as_expired_not_missing PASSED [  1%]
tests/integration/test_broker_authentication.py::test_the_flow_writes_exactly_two_credential_rows PASSED [  1%]
tests/integration/test_candidate_observation_ledger.py::test_candidate_freeze_is_complete_and_idempotent PASSED [  1%]
tests/integration/test_candidate_observation_ledger.py::test_candidate_freeze_refuses_mutation PASSED [  1%]
tests/integration/test_candidate_outcome_ledger.py::test_outcome_append_is_idempotent_and_account_scoped PASSED [  1%]
tests/integration/test_candidate_outcome_ledger.py::test_outcome_refuses_update PASSED [  1%]
tests/integration/test_candidate_outcome_ledger.py::test_outcome_migration_downgrades_reapplies_and_has_no_drift PASSED [  1%]
tests/integration/test_credential_store.py::test_a_credential_survives_a_round_trip_through_postgresql PASSED [  1%]
tests/integration/test_credential_store.py::test_a_read_returns_ciphertext_and_nothing_else PASSED [  1%]
tests/integration/test_credential_store.py::test_an_absent_credential_reads_as_none PASSED [  1%]
tests/integration/test_credential_store.py::test_a_credential_is_findable_by_its_own_identity PASSED [  1%]
tests/integration/test_credential_store.py::test_one_credential_per_broker_per_purpose_per_account PASSED [  1%]
tests/integration/test_credential_store.py::test_two_accounts_may_hold_a_credential_for_the_same_broker PASSED [  1%]
tests/integration/test_credential_store.py::test_a_rotated_credential_persists_and_opens_to_the_new_secret PASSED [  1%]
tests/integration/test_credential_store.py::test_a_lost_update_is_refused PASSED [  1%]
tests/integration/test_credential_store.py::test_the_check_constraint_refuses_a_version_below_one PASSED [  1%]
tests/integration/test_credential_store.py::test_a_ciphertext_moved_between_rows_in_sql_no_longer_opens PASSED [  1%]
tests/integration/test_credential_store.py::test_the_victim_row_still_opens_after_the_theft PASSED [  1%]
tests/integration/test_credential_store.py::test_a_credential_re_parented_in_sql_no_longer_opens PASSED [  2%]
tests/integration/test_credential_store.py::test_the_repository_stages_rather_than_writes PASSED [  2%]
tests/integration/test_credential_store.py::test_the_repository_offers_no_way_to_decrypt PASSED [  2%]
tests/integration/test_credential_store.py::test_one_broker_holds_an_enrolment_and_a_session_at_once PASSED [  2%]
tests/integration/test_credential_store.py::test_a_lookup_never_returns_the_other_purpose PASSED [  2%]
tests/integration/test_credential_store.py::test_replacing_a_session_leaves_the_enrolment_row_untouched PASSED [  2%]
tests/integration/test_credential_store.py::test_a_session_ciphertext_copied_into_the_enrolment_row_no_longer_opens PASSED [  2%]
tests/integration/test_credential_store.py::test_a_row_relabelled_to_the_other_purpose_no_longer_opens PASSED [  2%]
tests/integration/test_credential_store.py::test_the_check_constraint_refuses_an_unrecognised_purpose PASSED [  2%]
tests/integration/test_credential_store.py::test_two_brokers_hold_their_purposes_independently PASSED [  2%]
tests/integration/test_credential_store.py::test_a_lost_update_on_one_purpose_is_refused PASSED [  2%]
tests/integration/test_credential_store.py::test_the_purpose_migration_downgrades_reapplies_and_has_no_drift PASSED [  2%]
tests/integration/test_credential_store.py::test_the_downgrade_refuses_to_discard_a_second_purpose PASSED [  2%]
tests/integration/test_daily_market_bars.py::test_daily_bars_are_idempotent_and_queries_are_point_in_time PASSED [  2%]
tests/integration/test_daily_market_bars.py::test_incomplete_latest_bar_is_persisted_but_refused_by_complete_query PASSED [  2%]
tests/integration/test_daily_market_bars.py::test_market_data_unit_of_work_rolls_back_by_default PASSED [  2%]
tests/integration/test_daily_market_bars.py::test_daily_bar_migration_downgrades_reapplies_and_has_no_drift PASSED [  2%]
tests/integration/test_dead_letters.py::test_a_terminal_failure_appears_in_the_dead_letter_queue PASSED [  2%]
tests/integration/test_dead_letters.py::test_a_deliverable_event_is_not_in_the_queue PASSED [  2%]
tests/integration/test_dead_letters.py::test_the_queue_is_listed_oldest_first PASSED [  2%]
tests/integration/test_dead_letters.py::test_the_listing_is_bounded_and_filterable PASSED [  2%]
tests/integration/test_dead_letters.py::test_a_non_positive_limit_is_refused PASSED [  2%]
tests/integration/test_dead_letters.py::test_requeueing_returns_the_event_to_the_queue_with_a_fresh_budget PASSED [  2%]
tests/integration/test_dead_letters.py::test_a_requeued_event_is_actually_delivered_on_the_next_pass PASSED [  2%]
tests/integration/test_dead_letters.py::test_requeueing_a_published_event_is_refused PASSED [  2%]
tests/integration/test_dead_letters.py::test_requeueing_a_live_event_is_refused PASSED [  2%]
tests/integration/test_dead_letters.py::test_requeueing_an_unknown_event_says_so PASSED [  2%]
tests/integration/test_dead_letters.py::test_a_bulk_requeue_is_bounded_and_reports_each_outcome PASSED [  2%]
tests/integration/test_dead_letters.py::test_a_bulk_requeue_reports_refusals_rather_than_failing PASSED [  2%]
tests/integration/test_digest_market_context.py::test_stored_bars_produce_a_usable_summary PASSED [  2%]
tests/integration/test_digest_market_context.py::test_a_multi_day_return_uses_the_bar_that_many_sessions_back PASSED [  2%]
tests/integration/test_digest_market_context.py::test_volume_is_compared_against_the_stored_prior_sessions PASSED [  2%]
tests/integration/test_digest_market_context.py::test_an_instrument_with_no_bars_returns_a_reported_absence PASSED [  2%]
tests/integration/test_digest_market_context.py::test_one_stored_bar_yields_a_close_and_no_comparison PASSED [  2%]
tests/integration/test_digest_market_context.py::test_bars_older_than_the_bound_are_reported_as_stale PASSED [  2%]
tests/integration/test_digest_market_context.py::test_a_bar_retrieved_after_the_cutoff_cannot_influence_the_summary PASSED [  3%]
tests/integration/test_digest_market_context.py::test_a_correction_retrieved_later_does_not_rewrite_the_earlier_answer PASSED [  3%]
tests/integration/test_digest_market_context.py::test_a_cutoff_before_every_stored_bar_reports_no_data PASSED [  3%]
tests/integration/test_digest_market_context.py::test_news_and_market_context_appear_together_for_one_instrument PASSED [  3%]
tests/integration/test_digest_market_context.py::test_market_context_appears_for_an_instrument_with_no_news PASSED [  3%]
tests/integration/test_digest_market_context.py::test_news_with_no_market_data_still_renders_its_news PASSED [  3%]
tests/integration/test_digest_market_context.py::test_several_instruments_each_get_their_own_context PASSED [  3%]
tests/integration/test_digest_market_context.py::test_reading_market_context_writes_nothing PASSED [  3%]
tests/integration/test_digest_market_context.py::test_the_summary_is_deterministic_across_repeated_reads PASSED [  3%]
tests/integration/test_event_flow_end_to_end.py::test_an_event_reaches_a_consumer_with_every_value_intact PASSED [  3%]
tests/integration/test_event_flow_end_to_end.py::test_the_two_timestamps_stay_distinct_all_the_way_through PASSED [  3%]
tests/integration/test_event_flow_end_to_end.py::test_events_for_one_aggregate_arrive_in_the_order_they_were_committed PASSED [  3%]
tests/integration/test_event_flow_end_to_end.py::test_the_outbox_row_is_marked_only_after_the_broker_has_it PASSED [  3%]
tests/integration/test_event_flow_end_to_end.py::test_a_relay_that_dies_after_publishing_redelivers_rather_than_losing PASSED [  3%]
tests/integration/test_event_flow_end_to_end.py::test_an_unroutable_event_dead_letters_without_reaching_the_broker PASSED [  3%]
tests/integration/test_event_flow_end_to_end.py::test_a_second_pass_over_a_drained_outbox_publishes_nothing PASSED [  3%]
tests/integration/test_historical_dataset_import.py::test_ready_pack_import_is_atomic_provenanced_and_idempotent PASSED [  3%]
tests/integration/test_historical_dataset_import.py::test_dataset_ledger_refuses_mutation PASSED [  3%]
tests/integration/test_historical_dataset_import.py::test_public_reconstructed_evidence_class_is_persisted PASSED [  3%]
tests/integration/test_historical_dataset_import.py::test_mid_apply_conflict_rolls_back_every_context PASSED [  3%]
tests/integration/test_historical_universe.py::test_historical_membership_identity_and_known_at_are_pit_correct PASSED [  3%]
tests/integration/test_historical_universe.py::test_historical_evidence_migration_is_reversible PASSED [  3%]
tests/integration/test_idempotency_ledger.py::test_the_first_delivery_is_processed_and_recorded PASSED [  3%]
tests/integration/test_idempotency_ledger.py::test_a_duplicate_delivery_rolls_back_the_side_effect_with_it PASSED [  3%]
tests/integration/test_idempotency_ledger.py::test_two_consumer_groups_each_process_the_same_event PASSED [  3%]
tests/integration/test_idempotency_ledger.py::test_a_replay_run_processes_history_the_live_run_already_processed PASSED [  3%]
tests/integration/test_idempotency_ledger.py::test_a_replay_repeated_twice_processes_history_twice PASSED [  3%]
tests/integration/test_idempotency_ledger.py::test_a_duplicate_inside_one_run_is_still_refused PASSED [  3%]
tests/integration/test_idempotency_ledger.py::test_the_conflict_surfaces_on_the_claim_rather_than_at_commit PASSED [  3%]
tests/integration/test_idempotency_ledger.py::test_pruning_removes_only_rows_older_than_the_cutoff PASSED [  3%]
tests/integration/test_idempotency_ledger.py::test_a_replay_prunes_its_own_run_and_leaves_live_history_alone PASSED [  3%]
tests/integration/test_idempotency_ledger.py::test_a_ledger_without_a_consumer_group_refuses_to_be_built PASSED [  3%]
tests/integration/test_idempotency_ledger.py::test_the_live_run_identifier_cannot_be_generated_by_accident PASSED [  3%]
tests/integration/test_identity_store.py::test_a_principal_survives_a_round_trip PASSED [  3%]
tests/integration/test_identity_store.py::test_a_principal_is_found_by_subject PASSED [  4%]
tests/integration/test_identity_store.py::test_an_unknown_subject_returns_none PASSED [  4%]
tests/integration/test_identity_store.py::test_two_principals_cannot_share_a_subject PASSED [  4%]
tests/integration/test_identity_store.py::test_a_concurrent_update_is_refused PASSED [  4%]
tests/integration/test_identity_store.py::test_enrolment_can_be_written_and_read_back PASSED [  4%]
tests/integration/test_identity_store.py::test_the_subject_cannot_be_changed_by_an_update PASSED [  4%]
tests/integration/test_identity_store.py::test_half_a_sealed_secret_is_refused_by_the_table PASSED [  4%]
tests/integration/test_identity_store.py::test_a_refresh_token_survives_a_round_trip PASSED [  4%]
tests/integration/test_identity_store.py::test_two_tokens_cannot_share_a_hash PASSED [  4%]
tests/integration/test_identity_store.py::test_exactly_one_of_two_simultaneous_rotations_wins PASSED [  4%]
tests/integration/test_identity_store.py::test_revoking_a_lineage_reaches_every_token_in_it PASSED [  4%]
tests/integration/test_identity_store.py::test_revoking_a_lineage_does_not_touch_another PASSED [  4%]
tests/integration/test_identity_store.py::test_revoking_an_already_dead_lineage_revokes_nothing PASSED [  4%]
tests/integration/test_identity_store.py::test_the_first_revocation_instant_is_preserved PASSED [  4%]
tests/integration/test_identity_store.py::test_a_root_token_must_anchor_its_own_lineage PASSED [  4%]
tests/integration/test_identity_store.py::test_a_token_cannot_expire_before_it_is_issued PASSED [  4%]
tests/integration/test_identity_store.py::test_the_table_carries_row_level_security_policies PASSED [  4%]
tests/integration/test_instrument_archive.py::test_archive_round_trips_raw_evidence_and_mapped_facts_idempotently PASSED [  4%]
tests/integration/test_instrument_archive.py::test_same_daily_key_with_changed_source_bytes_fails_closed PASSED [  4%]
tests/integration/test_instrument_archive.py::test_token_turnover_creates_a_revision_not_a_new_contract_identity PASSED [  4%]
tests/integration/test_instrument_archive.py::test_archive_unit_of_work_rolls_back_by_default PASSED [  4%]
tests/integration/test_instrument_archive.py::test_get_latest_returns_none_before_any_archive_exists PASSED [  4%]
tests/integration/test_instrument_archive.py::test_get_latest_returns_the_most_recently_dated_archive PASSED [  4%]
tests/integration/test_instrument_archive.py::test_archive_migration_downgrades_and_reapplies_cleanly PASSED [  4%]
tests/integration/test_marketdata_refresh.py::test_coverage_reports_an_empty_watchlist_with_zero_aggregate PASSED [  4%]
tests/integration/test_marketdata_refresh.py::test_coverage_reports_missing_mapping_before_any_archive_exists PASSED [  4%]
tests/integration/test_marketdata_refresh.py::test_coverage_shows_ready_after_a_full_synchronized_refresh PASSED [  4%]
tests/integration/test_marketdata_refresh.py::test_refresh_refuses_with_nothing_enrolled PASSED [  4%]
tests/integration/test_marketdata_refresh.py::test_refresh_refuses_when_never_logged_in PASSED [  4%]
tests/integration/test_marketdata_refresh.py::test_refresh_refuses_when_the_session_has_expired PASSED [  4%]
tests/integration/test_marketdata_refresh.py::test_refresh_never_checks_the_session_when_nothing_is_missing PASSED [  4%]
tests/integration/test_marketdata_refresh.py::test_refresh_ingests_within_the_configured_bootstrap_bound PASSED [  4%]
tests/integration/test_marketdata_refresh.py::test_refresh_uses_one_latest_completed_session_for_the_whole_batch[cutoff0-expected_through0] PASSED [  4%]
tests/integration/test_marketdata_refresh.py::test_refresh_uses_one_latest_completed_session_for_the_whole_batch[cutoff1-expected_through1] PASSED [  4%]
tests/integration/test_marketdata_refresh.py::test_refresh_uses_one_latest_completed_session_for_the_whole_batch[cutoff2-expected_through2] PASSED [  4%]
tests/integration/test_marketdata_refresh.py::test_refresh_uses_one_latest_completed_session_for_the_whole_batch[cutoff3-expected_through3] PASSED [  5%]
tests/integration/test_marketdata_refresh.py::test_missing_expected_friday_refuses_before_any_bar_is_persisted PASSED [  5%]
tests/integration/test_marketdata_refresh.py::test_monday_close_transitions_friday_coverage_from_ready_to_refreshable PASSED [  5%]
tests/integration/test_marketdata_refresh.py::test_a_provider_timeout_on_one_instrument_refuses_the_whole_batch PASSED [  5%]
tests/integration/test_marketdata_refresh.py::test_a_repeated_refresh_is_idempotent PASSED [  5%]
tests/integration/test_marketdata_refresh.py::test_a_future_observed_bar_does_not_leak_into_an_earlier_coverage_read PASSED [  5%]
tests/integration/test_news_archive.py::test_a_poll_persists_the_revision_its_analysis_and_its_links PASSED [  5%]
tests/integration/test_news_archive.py::test_repolling_is_idempotent_and_preserves_the_first_observation PASSED [  5%]
tests/integration/test_news_archive.py::test_a_correction_appends_and_cannot_overwrite_earlier_history PASSED [  5%]
tests/integration/test_news_archive.py::test_an_item_observed_after_the_cutoff_is_invisible PASSED [  5%]
tests/integration/test_news_archive.py::test_the_stored_analysis_round_trips_with_its_evidence PASSED [  5%]
tests/integration/test_news_archive.py::test_deduplication_survives_a_restart PASSED [  5%]
tests/integration/test_news_archive.py::test_a_repeated_official_filing_is_stored_with_its_attribution PASSED [  5%]
tests/integration/test_news_archive.py::test_a_read_can_be_narrowed_to_one_canonical_symbol PASSED [  5%]
tests/integration/test_news_archive.py::test_the_transaction_rolls_back_by_default PASSED [  5%]
tests/integration/test_news_archive.py::test_the_database_refuses_an_article_body PASSED [  5%]
tests/integration/test_news_archive.py::test_the_database_refuses_an_item_observed_before_publication PASSED [  5%]
tests/integration/test_news_archive.py::test_two_polls_on_different_days_are_separate_events PASSED [  5%]
tests/integration/test_news_archive.py::test_the_published_date_is_what_the_linker_reads PASSED [  5%]
tests/integration/test_news_workflow.py::test_a_polled_batch_can_be_read_back_at_a_later_cutoff PASSED [  5%]
tests/integration/test_news_workflow.py::test_several_batches_are_ingested_in_one_pass PASSED [  5%]
tests/integration/test_news_workflow.py::test_a_read_can_be_narrowed_to_one_instrument PASSED [  5%]
tests/integration/test_news_workflow.py::test_repeating_the_pass_stores_nothing_new PASSED [  5%]
tests/integration/test_news_workflow.py::test_a_correction_is_visible_only_after_it_was_first_seen PASSED [  5%]
tests/integration/test_news_workflow.py::test_both_revisions_are_stored_rather_than_one_overwriting_the_other PASSED [  5%]
tests/integration/test_news_workflow.py::test_nothing_first_seen_after_the_cutoff_is_ever_returned PASSED [  5%]
tests/integration/test_news_workflow.py::test_a_read_is_deterministic_when_repeated PASSED [  5%]
tests/integration/test_news_workflow.py::test_the_source_and_its_citation_link_are_read_back PASSED [  5%]
tests/integration/test_news_workflow.py::test_the_publishers_own_url_survives_the_round_trip PASSED [  5%]
tests/integration/test_news_workflow.py::test_a_stored_item_renders_with_everything_needed_to_cite_it PASSED [  5%]
tests/integration/test_news_workflow.py::test_a_rate_limit_keeps_what_arrived_and_asks_for_no_more PASSED [  5%]
tests/integration/test_news_workflow.py::test_a_pass_that_returns_nothing_writes_nothing PASSED [  5%]
tests/integration/test_news_workflow.py::test_the_read_writes_nothing PASSED [  5%]
tests/integration/test_news_workflow.py::test_a_failed_ingestion_leaves_the_archive_untouched PASSED [  5%]
tests/integration/test_news_workflow.py::test_the_result_limit_bounds_what_comes_back PASSED [  5%]
tests/integration/test_news_workflow.py::test_an_impossible_limit_is_refused_before_the_database_is_touched PASSED [  6%]
tests/integration/test_news_workflow.py::test_a_backwards_window_is_refused PASSED [  6%]
tests/integration/test_news_workflow.py::test_an_unknown_symbol_returns_nothing_rather_than_everything PASSED [  6%]
tests/integration/test_outbox_relay.py::test_a_staged_event_is_published_and_marked PASSED [  6%]
tests/integration/test_outbox_relay.py::test_an_idle_relay_reports_idle PASSED [  6%]
tests/integration/test_outbox_relay.py::test_a_crash_before_publishing_loses_nothing PASSED [  6%]
tests/integration/test_outbox_relay.py::test_a_crash_after_publishing_redelivers_rather_than_losing PASSED [  6%]
tests/integration/test_outbox_relay.py::test_a_restarted_relay_resumes_from_durable_state PASSED [  6%]
tests/integration/test_outbox_relay.py::test_marking_published_is_idempotent PASSED [  6%]
tests/integration/test_outbox_relay.py::test_a_published_row_is_never_claimed_again PASSED [  6%]
tests/integration/test_outbox_relay.py::test_two_relays_partition_the_work_without_overlap PASSED [  6%]
tests/integration/test_outbox_relay.py::test_a_leased_row_is_invisible_to_another_relay PASSED [  6%]
tests/integration/test_outbox_relay.py::test_an_expired_lease_is_reclaimed_by_another_relay PASSED [  6%]
tests/integration/test_outbox_relay.py::test_a_transient_failure_schedules_a_retry_via_next_attempt_at PASSED [  6%]
tests/integration/test_outbox_relay.py::test_a_row_is_not_retried_before_next_attempt_at PASSED [  6%]
tests/integration/test_outbox_relay.py::test_a_transient_failure_eventually_succeeds PASSED [  6%]
tests/integration/test_outbox_relay.py::test_a_terminal_failure_dead_letters_without_consuming_retries PASSED [  6%]
tests/integration/test_outbox_relay.py::test_retry_exhaustion_leads_to_the_dead_letter_state PASSED [  6%]
tests/integration/test_outbox_relay.py::test_a_dead_lettered_row_is_never_claimed_again PASSED [  6%]
tests/integration/test_outbox_relay.py::test_one_poison_message_does_not_block_the_others PASSED [  6%]
tests/integration/test_outbox_relay.py::test_a_broker_outage_loses_nothing_and_recovers PASSED [  6%]
tests/integration/test_outbox_staging.py::test_a_staged_event_survives_the_commit_that_carried_it PASSED [  6%]
tests/integration/test_outbox_staging.py::test_a_rollback_leaves_no_outbox_row PASSED [  6%]
tests/integration/test_outbox_staging.py::test_the_event_and_the_aggregate_change_share_one_fate PASSED [  6%]
tests/integration/test_outbox_staging.py::test_the_row_carries_the_bitemporal_pair_and_starts_unpublished PASSED [  6%]
tests/integration/test_outbox_staging.py::test_the_event_id_is_unique_across_the_outbox PASSED [  6%]
tests/integration/test_permission_management_flow.py::test_grant_is_durable_with_version_and_audit_in_one_transaction PASSED [  6%]
tests/integration/test_permission_management_flow.py::test_refused_protected_grant_commits_audit_without_mutating_role PASSED [  6%]
tests/integration/test_redis_conformance.py::TestRedisTransportConformance::test_the_adapters_satisfy_the_ports PASSED [  6%]
tests/integration/test_redis_conformance.py::TestRedisTransportConformance::test_an_envelope_arrives_exactly_as_it_was_published PASSED [  6%]
tests/integration/test_redis_conformance.py::TestRedisTransportConformance::test_a_batch_is_reported_envelope_by_envelope PASSED [  6%]
tests/integration/test_redis_conformance.py::TestRedisTransportConformance::test_publication_order_is_delivery_order PASSED [  6%]
tests/integration/test_redis_conformance.py::TestRedisTransportConformance::test_an_idle_stream_returns_nothing_rather_than_blocking PASSED [  6%]
tests/integration/test_redis_conformance.py::TestRedisTransportConformance::test_read_never_returns_more_than_the_limit PASSED [  6%]
tests/integration/test_redis_conformance.py::TestRedisTransportConformance::test_a_non_positive_limit_is_refused PASSED [  7%]
tests/integration/test_redis_conformance.py::TestRedisTransportConformance::test_an_unacknowledged_delivery_is_not_offered_again PASSED [  7%]
tests/integration/test_redis_conformance.py::TestRedisTransportConformance::test_reading_makes_a_delivery_pending_and_acknowledging_clears_it PASSED [  7%]
tests/integration/test_redis_conformance.py::TestRedisTransportConformance::test_acknowledging_twice_reports_nothing_the_second_time PASSED [  7%]
tests/integration/test_redis_conformance.py::TestRedisTransportConformance::test_acknowledging_nothing_is_not_an_error PASSED [  7%]
tests/integration/test_redis_conformance.py::TestRedisTransportConformance::test_a_token_this_stream_did_not_issue_is_refused PASSED [  7%]
tests/integration/test_redis_conformance.py::TestRedisTransportConformance::test_the_ack_token_carries_nothing_a_consumer_can_act_on PASSED [  7%]
tests/integration/test_redis_conformance.py::TestRedisTransportConformance::test_deliveries_are_frozen PASSED [  7%]
tests/integration/test_redis_streams.py::test_an_envelope_survives_the_transport_byte_for_byte PASSED [  7%]
tests/integration/test_redis_streams.py::test_each_aggregate_type_gets_its_own_stream PASSED [  7%]
tests/integration/test_redis_streams.py::test_a_group_created_after_the_fact_still_sees_earlier_events PASSED [  7%]
tests/integration/test_redis_streams.py::test_a_consumer_may_start_before_any_producer PASSED [  7%]
tests/integration/test_redis_streams.py::test_creating_the_group_twice_is_quiet PASSED [  7%]
tests/integration/test_redis_streams.py::test_two_consumers_in_one_group_divide_the_work PASSED [  7%]
tests/integration/test_redis_streams.py::test_separate_groups_each_receive_everything PASSED [  7%]
tests/integration/test_redis_streams.py::test_an_unacknowledged_entry_stays_pending_and_is_not_re_offered PASSED [  7%]
tests/integration/test_redis_streams.py::test_acknowledgement_clears_the_pending_entry PASSED [  7%]
tests/integration/test_redis_streams.py::test_acknowledging_the_same_entry_twice_reports_nothing_the_second_time PASSED [  7%]
tests/integration/test_redis_streams.py::test_pending_sums_across_every_subscribed_stream PASSED [  7%]
tests/integration/test_redis_streams.py::test_a_token_from_another_namespace_is_refused PASSED [  7%]
tests/integration/test_redis_streams.py::test_a_dead_consumers_entries_can_be_reclaimed PASSED [  7%]
tests/integration/test_redis_streams.py::test_a_live_consumers_entries_are_not_taken_from_it PASSED [  7%]
tests/integration/test_redis_streams.py::test_the_client_reconnects_without_the_adapter_noticing PASSED [  7%]
tests/integration/test_redis_streams.py::test_a_malformed_entry_raises_and_stays_recoverable PASSED [  7%]
tests/integration/test_redis_streams.py::test_an_entry_written_by_something_else_is_refused PASSED [  7%]
tests/integration/test_redis_streams.py::test_an_envelope_version_this_consumer_cannot_read_is_refused PASSED [  7%]
tests/integration/test_redis_streams.py::test_an_unroutable_aggregate_type_never_reaches_redis PASSED [  7%]
tests/integration/test_redis_streams.py::test_publishing_the_same_envelope_twice_produces_two_entries PASSED [  7%]
tests/integration/test_redis_streams.py::test_the_stream_is_trimmed_to_the_configured_length PASSED [  7%]
tests/integration/test_redis_streams.py::test_trimming_never_discards_an_entry_a_consumer_is_holding PASSED [  7%]
tests/integration/test_reference_seed.py::test_seeding_an_empty_database_writes_the_approved_universe PASSED [  7%]
tests/integration/test_reference_seed.py::test_the_benchmark_is_an_identity_without_a_membership PASSED [  7%]
tests/integration/test_reference_seed.py::test_every_written_row_records_the_configuration_that_produced_it PASSED [  7%]
tests/integration/test_reference_seed.py::test_seeding_twice_adds_nothing PASSED [  7%]
tests/integration/test_reference_seed.py::test_a_later_rerun_does_not_move_the_original_recorded_instant PASSED [  7%]
tests/integration/test_reference_seed.py::test_two_accounts_share_identities_but_not_memberships PASSED [  8%]
tests/integration/test_reference_seed.py::test_the_seeded_watchlist_is_what_the_read_path_returns PASSED [  8%]
tests/integration/test_reference_seed.py::test_the_seeded_watchlist_projects_into_the_news_universe PASSED [  8%]
tests/integration/test_reference_seed.py::test_a_read_before_the_configuration_was_recorded_sees_nothing PASSED [  8%]
tests/integration/test_reference_seed.py::test_an_unseeded_account_reads_an_empty_watchlist PASSED [  8%]
tests/integration/test_reference_watchlist.py::test_owner_universe_round_trips_and_is_idempotent PASSED [  8%]
tests/integration/test_reference_watchlist.py::test_point_in_time_query_cannot_see_a_later_correction PASSED [  8%]
tests/integration/test_reference_watchlist.py::test_source_revision_reuse_with_changed_content_fails_closed PASSED [  8%]
tests/integration/test_reference_watchlist.py::test_watchlist_is_tenant_scoped PASSED [  8%]
tests/integration/test_reference_watchlist.py::test_reference_unit_of_work_rolls_back_by_default PASSED [  8%]
tests/integration/test_reference_watchlist.py::test_reference_migration_downgrades_and_reapplies_cleanly PASSED [  8%]
tests/integration/test_reference_watchlist.py::test_reference_metadata_has_no_autogenerate_drift PASSED [  8%]
tests/integration/test_refresh_workflow.py::test_healthy_market_and_healthy_news_render_a_brief PASSED [  8%]
tests/integration/test_refresh_workflow.py::test_market_data_already_sufficient_still_polls_news_and_renders PASSED [  8%]
tests/integration/test_refresh_workflow.py::test_first_batch_rate_limited_stops_news_but_still_renders_the_brief PASSED [  8%]
tests/integration/test_refresh_workflow.py::test_a_later_batch_rate_limited_preserves_earlier_articles_and_the_brief_sees_them PASSED [  8%]
tests/integration/test_refresh_workflow.py::test_a_market_data_refusal_halts_before_news_or_the_brief PASSED [  8%]
tests/integration/test_refresh_workflow.py::test_an_expired_session_is_degraded_not_refused_and_prints_no_secret PASSED [  8%]
tests/integration/test_refresh_workflow.py::test_the_final_brief_sees_market_rows_written_by_the_same_invocation PASSED [  8%]
tests/integration/test_refresh_workflow.py::test_the_final_brief_sees_a_news_item_first_seen_during_the_same_invocation PASSED [  8%]
tests/integration/test_refresh_workflow.py::test_the_orchestrators_own_brief_render_respects_the_bitemporal_cutoff PASSED [  8%]
tests/integration/test_refresh_workflow.py::test_repeated_invocations_do_not_duplicate_persisted_data PASSED [  8%]
tests/integration/test_refresh_workflow.py::test_the_brief_is_deterministic_for_identical_persisted_state PASSED [  8%]
tests/integration/test_refresh_workflow.py::test_dry_run_makes_no_write_and_reports_both_phases PASSED [  8%]
tests/integration/test_replay_conformance.py::TestReplayTransportConformance::test_the_adapters_satisfy_the_ports PASSED [  8%]
tests/integration/test_replay_conformance.py::TestReplayTransportConformance::test_an_envelope_arrives_exactly_as_it_was_published PASSED [  8%]
tests/integration/test_replay_conformance.py::TestReplayTransportConformance::test_a_batch_is_reported_envelope_by_envelope PASSED [  8%]
tests/integration/test_replay_conformance.py::TestReplayTransportConformance::test_publication_order_is_delivery_order PASSED [  8%]
tests/integration/test_replay_conformance.py::TestReplayTransportConformance::test_an_idle_stream_returns_nothing_rather_than_blocking PASSED [  8%]
tests/integration/test_replay_conformance.py::TestReplayTransportConformance::test_read_never_returns_more_than_the_limit PASSED [  8%]
tests/integration/test_replay_conformance.py::TestReplayTransportConformance::test_a_non_positive_limit_is_refused PASSED [  8%]
tests/integration/test_replay_conformance.py::TestReplayTransportConformance::test_an_unacknowledged_delivery_is_not_offered_again PASSED [  8%]
tests/integration/test_replay_conformance.py::TestReplayTransportConformance::test_reading_makes_a_delivery_pending_and_acknowledging_clears_it PASSED [  8%]
tests/integration/test_replay_conformance.py::TestReplayTransportConformance::test_acknowledging_twice_reports_nothing_the_second_time PASSED [  8%]
tests/integration/test_replay_conformance.py::TestReplayTransportConformance::test_acknowledging_nothing_is_not_an_error PASSED [  8%]
tests/integration/test_replay_conformance.py::TestReplayTransportConformance::test_a_token_this_stream_did_not_issue_is_refused PASSED [  9%]
tests/integration/test_replay_conformance.py::TestReplayTransportConformance::test_the_ack_token_carries_nothing_a_consumer_can_act_on PASSED [  9%]
tests/integration/test_replay_conformance.py::TestReplayTransportConformance::test_deliveries_are_frozen PASSED [  9%]
tests/integration/test_replay_stream.py::test_an_event_recorded_after_the_bound_is_unreachable PASSED [  9%]
tests/integration/test_replay_stream.py::test_the_bound_is_inclusive_of_its_own_instant PASSED [  9%]
tests/integration/test_replay_stream.py::test_occurred_at_does_not_widen_the_bound PASSED [  9%]
tests/integration/test_replay_stream.py::test_a_naive_bound_is_refused PASSED [  9%]
tests/integration/test_replay_stream.py::test_events_arrive_in_total_sequence_order PASSED [  9%]
tests/integration/test_replay_stream.py::test_reading_advances_a_cursor_rather_than_repeating PASSED [  9%]
tests/integration/test_replay_stream.py::test_remaining_counts_what_is_still_ahead PASSED [  9%]
tests/integration/test_replay_stream.py::test_a_non_positive_limit_is_refused PASSED [  9%]
tests/integration/test_replay_stream.py::test_acknowledging_clears_what_reading_made_pending PASSED [  9%]
tests/integration/test_replay_stream.py::test_acknowledging_twice_reports_nothing_the_second_time PASSED [  9%]
tests/integration/test_replay_stream.py::test_acknowledging_writes_nothing_to_the_outbox PASSED [  9%]
tests/integration/test_replay_stream.py::test_a_token_this_stream_did_not_issue_is_refused PASSED [  9%]
tests/integration/test_replay_stream.py::test_the_ack_token_is_the_streams_own_type PASSED [  9%]
tests/integration/test_replay_stream.py::test_an_envelope_version_this_consumer_cannot_read_is_refused PASSED [  9%]
tests/integration/test_replay_stream.py::test_a_supported_version_passes_through_unchanged PASSED [  9%]
tests/integration/test_repository_correctness.py::test_money_and_price_survive_a_real_round_trip PASSED [  9%]
tests/integration/test_repository_correctness.py::test_a_currency_derivative_price_survives_storage PASSED [  9%]
tests/integration/test_repository_correctness.py::test_a_rolled_back_transaction_leaves_nothing PASSED [  9%]
tests/integration/test_repository_correctness.py::test_the_second_of_two_concurrent_writers_is_refused PASSED [  9%]
tests/integration/test_repository_correctness.py::test_a_conflict_reports_which_version_it_expected PASSED [  9%]
tests/integration/test_repository_correctness.py::test_deadlock_surfaces_as_a_driver_error XPASS [  9%]
tests/integration/test_repository_correctness.py::test_repeated_adds_of_the_same_natural_key_are_refused PASSED [  9%]
tests/integration/test_repository_correctness.py::test_the_default_isolation_level_is_read_committed PASSED [  9%]
tests/integration/test_repository_correctness.py::test_an_uncommitted_write_is_invisible_to_another_session PASSED [  9%]
tests/integration/test_repository_correctness.py::test_the_database_refuses_values_the_domain_would_refuse[turnover_minor_units--1-ck_daily_snapshot_turnover] PASSED [  9%]
tests/integration/test_repository_correctness.py::test_the_database_refuses_values_the_domain_would_refuse[close_scaled_units-0-ck_daily_snapshot_close] PASSED [  9%]
tests/integration/test_repository_correctness.py::test_the_database_refuses_values_the_domain_would_refuse[version-0-ck_daily_snapshot_version] PASSED [  9%]
tests/integration/test_research_observation_ledger.py::test_historical_backfill_cannot_rewrite_a_frozen_observation PASSED [  9%]
tests/integration/test_research_observation_ledger.py::test_an_attention_observation_and_every_ranked_member_are_persisted PASSED [  9%]
tests/integration/test_research_observation_ledger.py::test_identical_append_is_idempotent_in_the_database PASSED [  9%]
tests/integration/test_research_observation_ledger.py::test_changed_revision_at_the_same_cutoff_appends_and_supersedes PASSED [  9%]
tests/integration/test_research_observation_ledger.py::test_history_repository_cannot_read_another_account PASSED [  9%]
tests/integration/test_research_observation_ledger.py::test_degraded_source_health_round_trips_without_becoming_healthy PASSED [ 10%]
tests/integration/test_research_observation_ledger.py::test_the_database_refuses_observation_update PASSED [ 10%]
tests/integration/test_research_observation_ledger.py::test_the_database_refuses_observation_delete PASSED [ 10%]
tests/integration/test_research_observation_ledger.py::test_the_database_refuses_observation_truncate PASSED [ 10%]
tests/integration/test_research_observation_ledger.py::test_member_rows_are_guarded_independently PASSED [ 10%]
tests/integration/test_research_observation_ledger.py::test_the_ledger_migration_downgrades_reapplies_and_has_no_drift PASSED [ 10%]
tests/integration/test_research_packet.py::test_repeating_a_packet_export_produces_an_identical_body PASSED [ 10%]
tests/integration/test_research_packet.py::test_the_cli_export_of_a_packet_is_byte_identical_across_two_output_files PASSED [ 10%]
tests/integration/test_research_packet.py::test_a_full_snapshot_export_still_varies_by_wall_clock PASSED [ 10%]
tests/integration/test_research_packet.py::test_a_historical_cutoff_produces_a_valid_packet PASSED [ 10%]
tests/integration/test_research_packet.py::test_post_cutoff_market_data_does_not_leak PASSED [ 10%]
tests/integration/test_research_packet.py::test_post_cutoff_news_does_not_leak PASSED [ 10%]
tests/integration/test_research_packet.py::test_a_post_cutoff_correction_does_not_rewrite_the_earlier_packet PASSED [ 10%]
tests/integration/test_research_packet.py::test_ranking_order_matches_rank_watchlist_over_real_data PASSED [ 10%]
tests/integration/test_research_packet.py::test_top_n_bounds_the_attention_array_but_not_the_summary PASSED [ 10%]
tests/integration/test_research_packet.py::test_attribution_survives_the_round_trip PASSED [ 10%]
tests/integration/test_research_packet.py::test_market_context_omitted_is_distinguishable_from_absent_data PASSED [ 10%]
tests/integration/test_research_packet.py::test_exporting_a_packet_writes_nothing_to_the_database PASSED [ 10%]
tests/integration/test_research_packet.py::test_the_packet_carries_no_credentials_or_local_paths PASSED [ 10%]
tests/integration/test_research_snapshot.py::test_repeating_an_export_produces_an_identical_body PASSED [ 10%]
tests/integration/test_research_snapshot.py::test_the_fingerprint_verifies_against_the_exported_body PASSED [ 10%]
tests/integration/test_research_snapshot.py::test_instrument_ordering_is_stable_across_exports PASSED [ 10%]
tests/integration/test_research_snapshot.py::test_a_snapshot_round_trips_through_json PASSED [ 10%]
tests/integration/test_research_snapshot.py::test_news_first_seen_after_the_cutoff_is_absent PASSED [ 10%]
tests/integration/test_research_snapshot.py::test_a_bar_retrieved_after_the_cutoff_is_absent PASSED [ 10%]
tests/integration/test_research_snapshot.py::test_a_correction_appears_only_after_it_was_observed PASSED [ 10%]
tests/integration/test_research_snapshot.py::test_a_quiet_instrument_with_no_bars_states_both_gaps PASSED [ 10%]
tests/integration/test_research_snapshot.py::test_one_stored_bar_exports_insufficient_history PASSED [ 10%]
tests/integration/test_research_snapshot.py::test_stale_bars_are_flagged_in_the_export PASSED [ 10%]
tests/integration/test_research_snapshot.py::test_market_context_omitted_is_distinguishable_from_absent_data PASSED [ 10%]
tests/integration/test_research_snapshot.py::test_the_export_is_bounded_per_instrument_and_says_so PASSED [ 10%]
tests/integration/test_research_snapshot.py::test_attribution_survives_the_round_trip PASSED [ 10%]
tests/integration/test_research_snapshot.py::test_exporting_writes_nothing_to_the_database PASSED [ 10%]
tests/integration/test_research_snapshot.py::test_the_exported_file_carries_no_credentials_or_local_paths PASSED [ 10%]
tests/integration/test_research_snapshot.py::test_closes_read_from_postgresql_render_canonically PASSED [ 11%]
tests/integration/test_research_snapshot.py::test_no_decimal_in_a_snapshot_keeps_its_storage_scale PASSED [ 11%]
tests/integration/test_research_snapshot.py::test_a_corrected_article_is_analysed_rather_than_filed_as_a_repeat PASSED [ 11%]
tests/integration/test_research_snapshot.py::test_an_identical_repoll_is_still_a_duplicate PASSED [ 11%]
tests/integration/test_rls_scaffolding.py::test_every_tenant_owned_table_has_enabled_rls_and_a_policy PASSED [ 11%]
tests/integration/test_rls_scaffolding.py::test_restrictive_policy_denies_missing_and_cross_tenant_context PASSED [ 11%]
tests/integration/test_rls_scaffolding.py::test_tenant_context_is_transaction_local_across_pool_reuse_and_rollback PASSED [ 11%]
tests/integration/test_timeseries_storage.py::test_appended_rows_are_readable_with_their_values_intact PASSED [ 11%]
tests/integration/test_timeseries_storage.py::test_an_empty_batch_is_a_no_op PASSED [ 11%]
tests/integration/test_timeseries_storage.py::test_a_table_off_the_allowlist_is_refused PASSED [ 11%]
tests/integration/test_timeseries_storage.py::test_an_identifier_that_is_not_a_plain_name_is_refused_at_construction[example_tick; DROP TABLE daily_snapshot] PASSED [ 11%]
tests/integration/test_timeseries_storage.py::test_an_identifier_that_is_not_a_plain_name_is_refused_at_construction[Example_Tick] PASSED [ 11%]
tests/integration/test_timeseries_storage.py::test_an_identifier_that_is_not_a_plain_name_is_refused_at_construction[] PASSED [ 11%]
tests/integration/test_timeseries_storage.py::test_a_row_missing_a_column_is_refused_before_any_write PASSED [ 11%]
tests/integration/test_timeseries_storage.py::test_the_check_constraint_still_applies_on_this_path PASSED [ 11%]
tests/integration/test_watchlist_attention.py::test_attention_composes_from_the_real_digest_and_market_context PASSED [ 11%]
tests/integration/test_watchlist_attention.py::test_a_bar_retrieved_after_the_cutoff_cannot_move_the_score PASSED [ 11%]
tests/integration/test_watchlist_attention.py::test_a_news_item_first_seen_after_the_cutoff_cannot_move_the_score PASSED [ 11%]
tests/integration/test_watchlist_attention.py::test_an_instrument_with_no_stored_bars_is_marked_unavailable_not_zero PASSED [ 11%]
tests/integration/test_watchlist_attention.py::test_ranking_the_real_pipeline_writes_nothing PASSED [ 11%]
tests/integration/test_watchlist_brief.py::test_the_brief_composes_from_the_real_pipeline_at_a_historical_cutoff PASSED [ 11%]
tests/integration/test_watchlist_brief.py::test_a_bar_retrieved_after_the_historical_cutoff_is_absent_from_the_brief PASSED [ 11%]
tests/integration/test_watchlist_brief.py::test_a_news_item_first_seen_after_the_historical_cutoff_is_absent_from_the_brief PASSED [ 11%]
tests/integration/test_watchlist_brief.py::test_the_brief_over_the_real_pipeline_writes_nothing PASSED [ 11%]
tests/integration/test_watchlist_changes.py::test_the_comparison_composes_from_the_real_pipeline_at_two_historical_cutoffs PASSED [ 11%]
tests/integration/test_watchlist_changes.py::test_a_bar_retrieved_between_the_cutoffs_affects_only_the_later_side PASSED [ 11%]
tests/integration/test_watchlist_changes.py::test_news_first_seen_between_the_cutoffs_appears_only_as_a_change_at_t2 PASSED [ 11%]
tests/integration/test_watchlist_changes.py::test_news_first_seen_after_t2_is_absent_from_the_comparison PASSED [ 11%]
tests/integration/test_watchlist_changes.py::test_identical_cutoffs_produce_no_changes_over_the_real_pipeline PASSED [ 11%]
tests/integration/test_watchlist_changes.py::test_the_comparison_over_the_real_pipeline_writes_nothing PASSED [ 11%]
tests/integration/test_watchlist_digest.py::test_ingested_news_appears_under_the_instrument_it_linked_to PASSED [ 11%]
tests/integration/test_watchlist_digest.py::test_the_stored_category_and_sentiment_survive_the_round_trip PASSED [ 11%]
tests/integration/test_watchlist_digest.py::test_an_item_first_seen_after_the_cutoff_is_absent_from_the_digest PASSED [ 11%]
tests/integration/test_watchlist_digest.py::test_sections_are_ordered_by_significance_over_real_rows PASSED [ 11%]
tests/integration/test_watchlist_digest.py::test_every_watchlist_instrument_is_present_even_with_an_empty_archive PASSED [ 11%]
tests/integration/test_watchlist_digest.py::test_the_rendered_digest_carries_attribution_for_stored_rows PASSED [ 12%]
tests/integration/test_watchlist_digest.py::test_building_a_digest_writes_nothing PASSED [ 12%]
tests/integration/test_watchlist_digest.py::test_the_section_bound_applies_over_stored_rows PASSED [ 12%]
tests/unit/analytics/test_candidate_outcomes.py::test_outcome_is_unavailable_before_exact_horizon_maturity PASSED [ 12%]
tests/unit/analytics/test_candidate_outcomes.py::test_outcome_matures_on_nth_session_and_enters_at_next_open PASSED [ 12%]
tests/unit/analytics/test_candidate_outcomes.py::test_missing_required_stock_session_fails_closed PASSED [ 12%]
tests/unit/analytics/test_candidate_outcomes.py::test_missing_benchmark_and_raw_adjustment_are_explicit PASSED [ 12%]
tests/unit/analytics/test_candidate_outcomes.py::test_unknown_split_like_discontinuity_refuses_a_return_claim PASSED [ 12%]
tests/unit/analytics/test_technical_features.py::test_total_returns_use_exact_backward_session_windows PASSED [ 12%]
tests/unit/analytics/test_technical_features.py::test_cutoff_excludes_future_stock_and_benchmark_bars PASSED [ 12%]
tests/unit/analytics/test_technical_features.py::test_warmup_boundaries_are_exact[RETURN_5-6] PASSED [ 12%]
tests/unit/analytics/test_technical_features.py::test_warmup_boundaries_are_exact[RETURN_20-21] PASSED [ 12%]
tests/unit/analytics/test_technical_features.py::test_warmup_boundaries_are_exact[RETURN_60-61] PASSED [ 12%]
tests/unit/analytics/test_technical_features.py::test_warmup_boundaries_are_exact[RETURN_120-121] PASSED [ 12%]
tests/unit/analytics/test_technical_features.py::test_warmup_boundaries_are_exact[CLOSE_VS_MA50-50] PASSED [ 12%]
tests/unit/analytics/test_technical_features.py::test_warmup_boundaries_are_exact[MA50_VS_MA200-200] PASSED [ 12%]
tests/unit/analytics/test_technical_features.py::test_warmup_boundaries_are_exact[REALIZED_VOL_60-61] PASSED [ 12%]
tests/unit/analytics/test_technical_features.py::test_warmup_boundaries_are_exact[DRAWDOWN_126-126] PASSED [ 12%]
tests/unit/analytics/test_technical_features.py::test_warmup_boundaries_are_exact[ATR14_NORMALIZED-15] PASSED [ 12%]
tests/unit/analytics/test_technical_features.py::test_warmup_boundaries_are_exact[VOLUME_RATIO_20_MEDIAN-20] PASSED [ 12%]
tests/unit/analytics/test_technical_features.py::test_benchmark_relative_returns_use_aligned_price_index_sessions PASSED [ 12%]
tests/unit/analytics/test_technical_features.py::test_unavailable_or_misaligned_benchmark_is_never_zero_filled PASSED [ 12%]
tests/unit/analytics/test_technical_features.py::test_trend_drawdown_atr_volume_and_turnover_formulas_are_exact PASSED [ 12%]
tests/unit/analytics/test_technical_features.py::test_realized_and_downside_volatility_use_252_session_annualization PASSED [ 12%]
tests/unit/analytics/test_technical_features.py::test_regime_is_deterministic_and_adjustment_limitation_is_explicit PASSED [ 12%]
tests/unit/analytics/test_technical_features.py::test_stale_series_blocks_every_feature PASSED [ 12%]
tests/unit/api/test_observability_endpoints.py::test_health_is_alive_and_names_the_build PASSED [ 12%]
tests/unit/api/test_observability_endpoints.py::test_health_never_consults_dependencies PASSED [ 12%]
tests/unit/api/test_observability_endpoints.py::test_ready_reports_a_per_dependency_breakdown PASSED [ 12%]
tests/unit/api/test_observability_endpoints.py::test_ready_is_200_when_no_dependencies_are_declared PASSED [ 12%]
tests/unit/api/test_observability_endpoints.py::test_metrics_serves_prometheus_exposition PASSED [ 12%]
tests/unit/api/test_observability_endpoints.py::test_requests_are_counted_by_endpoint_and_status PASSED [ 12%]
tests/unit/api/test_observability_endpoints.py::test_a_correlation_id_is_generated_when_absent PASSED [ 12%]
tests/unit/api/test_observability_endpoints.py::test_an_inbound_correlation_id_is_honoured PASSED [ 12%]
tests/unit/api/test_observability_endpoints.py::test_no_business_surface_is_exposed PASSED [ 12%]
tests/unit/api/test_observability_endpoints.py::test_a_failing_check_does_not_leak_a_connection_string PASSED [ 13%]
tests/unit/api/test_observability_endpoints.py::test_the_entrypoint_wires_bootstrap_to_the_server PASSED [ 13%]
tests/unit/audit/test_audit_record.py::test_the_audited_actions_are_the_plan_s_four_plus_the_one_adr_071_added PASSED [ 13%]
tests/unit/audit/test_audit_record.py::test_a_credential_read_is_the_only_audited_read PASSED [ 13%]
tests/unit/audit/test_audit_record.py::test_an_outcome_is_binary PASSED  [ 13%]
tests/unit/audit/test_audit_record.py::test_a_failed_action_is_still_a_record PASSED [ 13%]
tests/unit/audit/test_audit_record.py::test_a_record_cannot_be_edited PASSED [ 13%]
tests/unit/audit/test_audit_record.py::test_no_field_can_carry_arbitrary_structured_data PASSED [ 13%]
tests/unit/audit/test_audit_record.py::test_a_record_must_name_an_actor[] PASSED [ 13%]
tests/unit/audit/test_audit_record.py::test_a_record_must_name_an_actor[   ] PASSED [ 13%]
tests/unit/audit/test_audit_record.py::test_a_record_must_name_an_actor[\t] PASSED [ 13%]
tests/unit/audit/test_audit_record.py::test_a_record_must_name_a_subject[] PASSED [ 13%]
tests/unit/audit/test_audit_record.py::test_a_record_must_name_a_subject[   ] PASSED [ 13%]
tests/unit/audit/test_audit_record.py::test_both_timestamps_must_be_timezone_aware[occurred_at] PASSED [ 13%]
tests/unit/audit/test_audit_record.py::test_both_timestamps_must_be_timezone_aware[recorded_at] PASSED [ 13%]
tests/unit/audit/test_audit_record.py::test_the_platform_cannot_record_an_action_before_it_happened PASSED [ 13%]
tests/unit/audit/test_audit_record.py::test_recording_later_than_the_action_is_normal PASSED [ 13%]
tests/unit/audit/test_audit_record.py::test_a_record_carries_its_tenant_and_its_correlation PASSED [ 13%]
tests/unit/audit/test_audit_record.py::test_two_records_describing_the_same_event_are_equal PASSED [ 13%]
tests/unit/audit/test_audit_recorder.py::test_recording_writes_the_row_and_stages_the_event PASSED [ 13%]
tests/unit/audit/test_audit_recorder.py::test_the_row_and_the_event_carry_the_same_identity PASSED [ 13%]
tests/unit/audit/test_audit_recorder.py::test_the_event_describes_the_record_that_was_written PASSED [ 13%]
tests/unit/audit/test_audit_recorder.py::test_the_event_occurred_when_the_action_did_not_when_it_was_recorded PASSED [ 13%]
tests/unit/audit/test_audit_recorder.py::test_the_event_is_routed_by_a_stated_aggregate_type PASSED [ 13%]
tests/unit/audit/test_audit_recorder.py::test_each_record_gets_its_own_identity PASSED [ 13%]
tests/unit/audit/test_audit_recorder.py::test_a_failed_insert_stages_no_event PASSED [ 13%]
tests/unit/audit/test_audit_recorder.py::test_the_event_cannot_carry_arbitrary_structured_data PASSED [ 13%]
tests/unit/audit/test_audit_recorder.py::test_the_event_is_immutable PASSED [ 13%]
tests/unit/broker/test_broker_authentication.py::test_an_enrolled_application_is_stored_sealed_and_reopens PASSED [ 13%]
tests/unit/broker/test_broker_authentication.py::test_enrolling_again_rotates_and_reports_that_it_did PASSED [ 13%]
tests/unit/broker/test_broker_authentication.py::test_rotating_the_application_leaves_the_session_alone PASSED [ 13%]
tests/unit/broker/test_broker_authentication.py::test_an_enrolment_result_carries_no_secret PASSED [ 13%]
tests/unit/broker/test_broker_authentication.py::test_logging_in_without_enrolling_says_so PASSED [ 13%]
tests/unit/broker/test_broker_authentication.py::test_the_login_signs_with_the_enrolled_application PASSED [ 13%]
tests/unit/broker/test_broker_authentication.py::test_a_session_is_stored_under_its_own_purpose PASSED [ 14%]
tests/unit/broker/test_broker_authentication.py::test_logging_in_again_replaces_only_the_session PASSED [ 14%]
tests/unit/broker/test_broker_authentication.py::test_a_refused_login_stores_nothing PASSED [ 14%]
tests/unit/broker/test_broker_authentication.py::test_a_login_result_carries_no_token PASSED [ 14%]
tests/unit/broker/test_broker_authentication.py::test_another_account_is_not_authenticated_by_this_one PASSED [ 14%]
tests/unit/broker/test_broker_authentication.py::test_another_broker_is_not_authenticated_by_this_one PASSED [ 14%]
tests/unit/broker/test_broker_authentication.py::test_a_session_ciphertext_cannot_be_read_as_an_enrolment_credential PASSED [ 14%]
tests/unit/broker/test_broker_authentication.py::test_a_stored_session_is_unreadable_under_another_master_key PASSED [ 14%]
tests/unit/broker/test_broker_authentication.py::test_status_distinguishes_the_two_kinds_of_missing PASSED [ 14%]
tests/unit/broker/test_broker_authentication.py::test_status_reports_success_while_the_session_lives PASSED [ 14%]
tests/unit/broker/test_broker_authentication.py::test_status_reports_expiry_rather_than_absence PASSED [ 14%]
tests/unit/broker/test_broker_authentication.py::test_status_changes_nothing PASSED [ 14%]
tests/unit/broker/test_broker_authentication.py::test_a_status_report_carries_no_secret PASSED [ 14%]
tests/unit/broker/test_broker_session.py::test_a_session_expires_at_the_next_six_am_ist[morning] PASSED [ 14%]
tests/unit/broker/test_broker_session.py::test_a_session_expires_at_the_next_six_am_ist[afternoon] PASSED [ 14%]
tests/unit/broker/test_broker_session.py::test_a_session_expires_at_the_next_six_am_ist[just-before-midnight] PASSED [ 14%]
tests/unit/broker/test_broker_session.py::test_a_session_expires_at_the_next_six_am_ist[one-minute-before-cutoff] PASSED [ 14%]
tests/unit/broker/test_broker_session.py::test_a_session_expires_at_the_next_six_am_ist[small-hours] PASSED [ 14%]
tests/unit/broker/test_broker_session.py::test_a_session_expires_at_the_next_six_am_ist[exactly-at-cutoff] PASSED [ 14%]
tests/unit/broker/test_broker_session.py::test_a_session_expires_at_the_next_six_am_ist[just-after-cutoff] PASSED [ 14%]
tests/unit/broker/test_broker_session.py::test_an_expiry_is_always_in_the_future_of_its_issue PASSED [ 14%]
tests/unit/broker/test_broker_session.py::test_a_naive_issue_time_is_refused PASSED [ 14%]
tests/unit/broker/test_broker_session.py::test_a_session_reports_expiry_against_an_injected_clock PASSED [ 14%]
tests/unit/broker/test_broker_session.py::test_an_application_credential_round_trips PASSED [ 14%]
tests/unit/broker/test_broker_session.py::test_a_session_round_trips_including_its_expiry PASSED [ 14%]
tests/unit/broker/test_broker_session.py::test_serialisation_is_byte_stable PASSED [ 14%]
tests/unit/broker/test_broker_session.py::test_an_unreadable_application_payload_is_reported_not_guessed[not-json] PASSED [ 14%]
tests/unit/broker/test_broker_session.py::test_an_unreadable_application_payload_is_reported_not_guessed[not-an-object] PASSED [ 14%]
tests/unit/broker/test_broker_session.py::test_an_unreadable_application_payload_is_reported_not_guessed[wrong-schema] PASSED [ 14%]
tests/unit/broker/test_broker_session.py::test_an_unreadable_application_payload_is_reported_not_guessed[missing-field] PASSED [ 14%]
tests/unit/broker/test_broker_session.py::test_an_unreadable_application_payload_is_reported_not_guessed[empty-field] PASSED [ 14%]
tests/unit/broker/test_broker_session.py::test_a_parse_failure_does_not_quote_the_document_it_failed_on PASSED [ 14%]
tests/unit/broker/test_broker_session.py::test_a_session_payload_with_a_naive_instant_is_refused PASSED [ 14%]
tests/unit/broker/test_broker_session.py::test_an_unusable_session_is_refused[no-token] PASSED [ 14%]
tests/unit/broker/test_broker_session.py::test_an_unusable_session_is_refused[no-user-id] PASSED [ 14%]
tests/unit/broker/test_broker_session.py::test_an_unusable_session_is_refused[expiry-before-issue] PASSED [ 15%]
tests/unit/broker/test_broker_session.py::test_an_unusable_session_is_refused[zero-length] PASSED [ 15%]
tests/unit/broker/test_broker_session.py::test_an_unusable_session_is_refused[naive-issue] PASSED [ 15%]
tests/unit/broker/test_broker_session.py::test_an_application_credential_needs_both_halves PASSED [ 15%]
tests/unit/broker/test_broker_session.py::test_the_payload_types_carry_no_plaintext_in_their_repr PASSED [ 15%]
tests/unit/broker/test_broker_session.py::test_the_authentication_states_are_the_five_an_operator_can_be_in PASSED [ 15%]
tests/unit/broker/test_broker_session.py::test_the_domain_module_names_no_broker PASSED [ 15%]
tests/unit/broker/test_prompts.py::test_what_the_operator_types_is_returned_as_a_secret_value PASSED [ 15%]
tests/unit/broker/test_prompts.py::test_surrounding_whitespace_is_stripped PASSED [ 15%]
tests/unit/broker/test_prompts.py::test_entering_nothing_is_refused[empty] PASSED [ 15%]
tests/unit/broker/test_prompts.py::test_entering_nothing_is_refused[spaces] PASSED [ 15%]
tests/unit/broker/test_prompts.py::test_entering_nothing_is_refused[newline] PASSED [ 15%]
tests/unit/broker/test_prompts.py::test_a_terminal_that_cannot_hide_input_is_refused PASSED [ 15%]
tests/unit/broker/test_prompts.py::test_a_non_interactive_session_is_refused_before_anything_is_read PASSED [ 15%]
tests/unit/broker/test_prompts.py::test_an_interactive_session_is_allowed PASSED [ 15%]
tests/unit/broker/test_prompts.py::test_the_prompt_module_never_prints PASSED [ 15%]
tests/unit/broker/test_prompts.py::test_the_refusal_names_no_value PASSED [ 15%]
tests/unit/broker/test_zerodha_auth.py::test_the_login_url_is_the_official_endpoint_with_the_documented_version PASSED [ 15%]
tests/unit/broker/test_zerodha_auth.py::test_the_login_url_carries_no_secret PASSED [ 15%]
tests/unit/broker/test_zerodha_auth.py::test_the_exchange_sends_exactly_what_kite_documents PASSED [ 15%]
tests/unit/broker/test_zerodha_auth.py::test_the_application_secret_is_never_sent_only_its_hash PASSED [ 15%]
tests/unit/broker/test_zerodha_auth.py::test_a_successful_exchange_returns_the_three_facts_that_are_stored PASSED [ 15%]
tests/unit/broker/test_zerodha_auth.py::test_the_expiry_comes_from_the_broker_not_from_this_machine PASSED [ 15%]
tests/unit/broker/test_zerodha_auth.py::test_a_rejected_login_is_an_authentication_error[bad-request] PASSED [ 15%]
tests/unit/broker/test_zerodha_auth.py::test_a_rejected_login_is_an_authentication_error[forbidden] PASSED [ 15%]
tests/unit/broker/test_zerodha_auth.py::test_rate_limiting_is_distinct_from_rejection PASSED [ 15%]
tests/unit/broker/test_zerodha_auth.py::test_a_broker_outage_is_not_reported_as_a_credential_problem[server-error] PASSED [ 15%]
tests/unit/broker/test_zerodha_auth.py::test_a_broker_outage_is_not_reported_as_a_credential_problem[unavailable] PASSED [ 15%]
tests/unit/broker/test_zerodha_auth.py::test_a_timeout_is_reported_as_a_timeout PASSED [ 15%]
tests/unit/broker/test_zerodha_auth.py::test_a_transport_failure_does_not_repeat_the_request_it_failed_on PASSED [ 15%]
tests/unit/broker/test_zerodha_auth.py::test_the_parser_ignores_everything_it_was_not_asked_for PASSED [ 15%]
tests/unit/broker/test_zerodha_auth.py::test_a_malformed_response_is_refused[not-json] PASSED [ 15%]
tests/unit/broker/test_zerodha_auth.py::test_a_malformed_response_is_refused[not-an-object] PASSED [ 15%]
tests/unit/broker/test_zerodha_auth.py::test_a_malformed_response_is_refused[no-data] PASSED [ 15%]
tests/unit/broker/test_zerodha_auth.py::test_a_malformed_response_is_refused[no-token] PASSED [ 15%]
tests/unit/broker/test_zerodha_auth.py::test_a_malformed_response_is_refused[no-user-id] PASSED [ 16%]
tests/unit/broker/test_zerodha_auth.py::test_an_unreadable_login_time_is_refused_rather_than_defaulted[empty] PASSED [ 16%]
tests/unit/broker/test_zerodha_auth.py::test_an_unreadable_login_time_is_refused_rather_than_defaulted[prose] PASSED [ 16%]
tests/unit/broker/test_zerodha_auth.py::test_an_unreadable_login_time_is_refused_rather_than_defaulted[iso-with-offset] PASSED [ 16%]
tests/unit/broker/test_zerodha_auth.py::test_an_unreadable_login_time_is_refused_rather_than_defaulted[other-format] PASSED [ 16%]
tests/unit/broker/test_zerodha_auth.py::test_a_parse_failure_never_quotes_the_body PASSED [ 16%]
tests/unit/broker/test_zerodha_auth.py::test_the_adapter_imports_nothing_that_could_place_an_order PASSED [ 16%]
tests/unit/crypto/test_credential_secrets.py::test_a_credential_round_trips PASSED [ 16%]
tests/unit/crypto/test_credential_secrets.py::test_an_opened_credential_is_registered_for_redaction PASSED [ 16%]
tests/unit/crypto/test_credential_secrets.py::test_a_ciphertext_lifted_into_another_record_will_not_open PASSED [ 16%]
tests/unit/crypto/test_credential_secrets.py::test_a_credential_re_parented_to_another_account_will_not_open PASSED [ 16%]
tests/unit/crypto/test_credential_secrets.py::test_a_credential_relabelled_to_another_broker_will_not_open PASSED [ 16%]
tests/unit/crypto/test_credential_secrets.py::test_a_session_ciphertext_presented_as_enrolment_material_will_not_open PASSED [ 16%]
tests/unit/crypto/test_credential_secrets.py::test_an_enrolment_ciphertext_presented_as_a_session_will_not_open PASSED [ 16%]
tests/unit/crypto/test_credential_secrets.py::test_two_purposes_seal_the_same_plaintext_to_different_ciphertexts PASSED [ 16%]
tests/unit/crypto/test_credential_secrets.py::test_sealing_offers_no_way_to_omit_a_purpose PASSED [ 16%]
tests/unit/crypto/test_credential_secrets.py::test_another_master_key_cannot_open_a_credential PASSED [ 16%]
tests/unit/crypto/test_credential_secrets.py::test_opening_offers_no_way_to_supply_a_binding PASSED [ 16%]
tests/unit/crypto/test_credential_secrets.py::test_opening_requires_a_key_provider PASSED [ 16%]
tests/unit/crypto/test_credential_secrets.py::test_a_credential_that_is_not_utf8_is_a_data_quality_fault PASSED [ 16%]
tests/unit/crypto/test_envelope.py::test_the_adapter_satisfies_the_key_provider_port PASSED [ 16%]
tests/unit/crypto/test_envelope.py::test_a_wrapped_key_round_trips PASSED [ 16%]
tests/unit/crypto/test_envelope.py::test_wrapping_never_returns_the_input PASSED [ 16%]
tests/unit/crypto/test_envelope.py::test_wrapping_the_same_key_twice_produces_different_ciphertext PASSED [ 16%]
tests/unit/crypto/test_envelope.py::test_the_key_provider_port_takes_no_associated_data PASSED [ 16%]
tests/unit/crypto/test_envelope.py::test_a_secret_round_trips_through_the_envelope PASSED [ 16%]
tests/unit/crypto/test_envelope.py::test_the_envelope_is_byte_exact[empty] PASSED [ 16%]
tests/unit/crypto/test_envelope.py::test_the_envelope_is_byte_exact[null-byte] PASSED [ 16%]
tests/unit/crypto/test_envelope.py::test_the_envelope_is_byte_exact[long] PASSED [ 16%]
tests/unit/crypto/test_envelope.py::test_the_envelope_is_byte_exact[non-ascii] PASSED [ 16%]
tests/unit/crypto/test_envelope.py::test_each_credential_gets_its_own_data_key PASSED [ 16%]
tests/unit/crypto/test_envelope.py::test_the_stored_row_holds_neither_the_master_key_nor_a_plaintext_data_key PASSED [ 16%]
tests/unit/crypto/test_envelope.py::test_the_encrypted_secret_is_frozen PASSED [ 16%]
tests/unit/crypto/test_envelope.py::test_a_ciphertext_will_not_open_under_a_different_binding PASSED [ 16%]
tests/unit/crypto/test_envelope.py::test_the_binding_is_not_stored_alongside_the_ciphertext PASSED [ 16%]
tests/unit/crypto/test_envelope.py::test_the_same_plaintext_under_two_bindings_gives_two_ciphertexts PASSED [ 17%]
tests/unit/crypto/test_envelope.py::test_an_empty_binding_is_a_binding_and_not_an_absent_one PASSED [ 17%]
tests/unit/crypto/test_envelope.py::test_the_binding_cannot_be_passed_positionally PASSED [ 17%]
tests/unit/crypto/test_envelope.py::test_the_binding_cannot_be_omitted PASSED [ 17%]
tests/unit/crypto/test_envelope.py::test_a_tampered_ciphertext_is_refused PASSED [ 17%]
tests/unit/crypto/test_envelope.py::test_a_tampered_wrapped_key_is_refused PASSED [ 17%]
tests/unit/crypto/test_envelope.py::test_a_ciphertext_moved_between_records_is_refused PASSED [ 17%]
tests/unit/crypto/test_envelope.py::test_another_master_key_cannot_open_the_envelope PASSED [ 17%]
tests/unit/crypto/test_envelope.py::test_a_truncated_value_is_refused_rather_than_indexed[empty] PASSED [ 17%]
tests/unit/crypto/test_envelope.py::test_a_truncated_value_is_refused_rather_than_indexed[one-byte] PASSED [ 17%]
tests/unit/crypto/test_envelope.py::test_a_truncated_value_is_refused_rather_than_indexed[nonce-only] PASSED [ 17%]
tests/unit/crypto/test_envelope.py::test_refusal_reports_nothing_about_the_key PASSED [ 17%]
tests/unit/crypto/test_envelope.py::test_a_binding_mismatch_is_indistinguishable_from_a_tampered_ciphertext PASSED [ 17%]
tests/unit/crypto/test_envelope.py::test_a_placeholder_master_key_is_refused PASSED [ 17%]
tests/unit/crypto/test_envelope.py::test_a_master_key_of_the_wrong_length_is_refused[16-bytes] PASSED [ 17%]
tests/unit/crypto/test_envelope.py::test_a_master_key_of_the_wrong_length_is_refused[24-bytes] PASSED [ 17%]
tests/unit/crypto/test_envelope.py::test_a_master_key_of_the_wrong_length_is_refused[31-bytes] PASSED [ 17%]
tests/unit/crypto/test_envelope.py::test_a_master_key_of_the_wrong_length_is_refused[33-bytes] PASSED [ 17%]
tests/unit/crypto/test_envelope.py::test_a_master_key_of_the_wrong_length_is_refused[64-bytes] PASSED [ 17%]
tests/unit/crypto/test_envelope.py::test_a_master_key_that_is_not_base64_is_refused PASSED [ 17%]
tests/unit/crypto/test_envelope.py::test_the_configuration_failure_does_not_carry_the_key PASSED [ 17%]
tests/unit/crypto/test_envelope.py::test_a_misconfigured_process_fails_at_construction_not_at_first_use PASSED [ 17%]
tests/unit/identity/test_authenticate.py::test_a_correct_password_issues_a_session PASSED [ 17%]
tests/unit/identity/test_authenticate.py::test_authentication_metrics_cover_success_refusal_and_error_without_subjects PASSED [ 17%]
tests/unit/identity/test_authenticate.py::test_the_refresh_token_is_stored_as_a_digest_not_a_secret PASSED [ 17%]
tests/unit/identity/test_authenticate.py::test_a_fresh_login_anchors_its_own_lineage PASSED [ 17%]
tests/unit/identity/test_authenticate.py::test_a_success_is_audited_and_committed PASSED [ 17%]
tests/unit/identity/test_authenticate.py::test_every_failure_is_recorded_and_committed[unknown-unknown-subject] PASSED [ 17%]
tests/unit/identity/test_authenticate.py::test_every_failure_is_recorded_and_committed[wrong-password-wrong-password] PASSED [ 17%]
tests/unit/identity/test_authenticate.py::test_every_failure_is_recorded_and_committed[disabled-disabled-principal] PASSED [ 17%]
tests/unit/identity/test_authenticate.py::test_every_failure_looks_identical_to_the_caller[unknown] PASSED [ 17%]
tests/unit/identity/test_authenticate.py::test_every_failure_looks_identical_to_the_caller[wrong-password] PASSED [ 17%]
tests/unit/identity/test_authenticate.py::test_every_failure_looks_identical_to_the_caller[disabled] PASSED [ 17%]
tests/unit/identity/test_authenticate.py::test_an_unknown_subject_still_pays_for_a_verification PASSED [ 17%]
tests/unit/identity/test_authenticate.py::test_a_disabled_principal_also_pays_for_a_verification PASSED [ 18%]
tests/unit/identity/test_authenticate.py::test_an_unknown_subject_is_audited_against_the_reserved_account PASSED [ 18%]
tests/unit/identity/test_authenticate.py::test_the_attempted_subject_is_recorded_so_a_pattern_is_visible PASSED [ 18%]
tests/unit/identity/test_authenticate.py::test_a_blank_subject_is_audited_rather_than_crashing PASSED [ 18%]
tests/unit/identity/test_authenticate.py::test_a_failed_authentication_issues_no_refresh_token PASSED [ 18%]
tests/unit/identity/test_authenticate.py::test_one_authentication_is_one_transaction PASSED [ 18%]
tests/unit/identity/test_authorisation.py::test_a_role_with_nothing_granted_may_do_nothing PASSED [ 18%]
tests/unit/identity/test_authorisation.py::test_a_permission_is_granted_only_by_being_named PASSED [ 18%]
tests/unit/identity/test_authorisation.py::test_a_role_granted_every_other_permission_still_cannot_place_an_order PASSED [ 18%]
tests/unit/identity/test_authorisation.py::test_the_permission_set_is_exactly_what_the_accepted_design_names PASSED [ 18%]
tests/unit/identity/test_authorisation.py::test_order_placement_cannot_be_granted_without_enrolled_totp PASSED [ 18%]
tests/unit/identity/test_authorisation.py::test_order_placement_may_be_granted_once_totp_is_enrolled PASSED [ 18%]
tests/unit/identity/test_authorisation.py::test_every_two_factor_permission_is_refused_without_enrolment PASSED [ 18%]
tests/unit/identity/test_authorisation.py::test_a_role_cannot_be_edited PASSED [ 18%]
tests/unit/identity/test_authorisation.py::test_a_role_must_have_a_storable_name_and_version PASSED [ 18%]
tests/unit/identity/test_authorisation.py::test_a_live_permission_cannot_predate_its_role PASSED [ 18%]
tests/unit/identity/test_authorisation.py::test_a_role_cannot_hold_two_live_rows_for_one_permission PASSED [ 18%]
tests/unit/identity/test_authorisation.py::test_a_verdict_must_permit_or_refuse_but_never_both PASSED [ 18%]
tests/unit/identity/test_broker_credentials.py::test_a_stored_credential_opens_to_what_was_handed_in PASSED [ 18%]
tests/unit/identity/test_broker_credentials.py::test_storing_commits PASSED [ 18%]
tests/unit/identity/test_broker_credentials.py::test_the_two_purposes_are_stored_independently PASSED [ 18%]
tests/unit/identity/test_broker_credentials.py::test_replacing_one_purpose_leaves_the_other_untouched PASSED [ 18%]
tests/unit/identity/test_broker_credentials.py::test_replacing_the_enrolment_leaves_the_session_untouched PASSED [ 18%]
tests/unit/identity/test_broker_credentials.py::test_storing_again_rotates_within_the_same_purpose PASSED [ 18%]
tests/unit/identity/test_broker_credentials.py::test_a_rotation_keeps_the_original_credential_identity PASSED [ 18%]
tests/unit/identity/test_broker_credentials.py::test_a_rotation_cannot_move_a_credential_to_the_other_purpose PASSED [ 18%]
tests/unit/identity/test_broker_credentials.py::test_a_summary_carries_no_sealed_or_plaintext_material PASSED [ 18%]
tests/unit/identity/test_broker_credentials.py::test_a_missing_credential_summarises_as_none PASSED [ 18%]
tests/unit/identity/test_broker_credentials.py::test_a_lookup_never_returns_the_other_purpose PASSED [ 18%]
tests/unit/identity/test_broker_credentials.py::test_asking_for_openable_material_that_is_absent_raises PASSED [ 18%]
tests/unit/identity/test_broker_credentials.py::test_reading_never_returns_a_plaintext PASSED [ 18%]
tests/unit/identity/test_broker_credentials.py::test_the_use_cases_hold_no_key_material_for_reading PASSED [ 18%]
tests/unit/identity/test_credentials.py::test_the_binding_is_deterministic PASSED [ 18%]
tests/unit/identity/test_credentials.py::test_the_binding_carries_a_scheme_version PASSED [ 18%]
tests/unit/identity/test_credentials.py::test_the_scheme_version_moved_when_purpose_joined_the_binding PASSED [ 18%]
tests/unit/identity/test_credentials.py::test_changing_any_bound_fact_changes_the_binding[credential-id] PASSED [ 19%]
tests/unit/identity/test_credentials.py::test_changing_any_bound_fact_changes_the_binding[account-id] PASSED [ 19%]
tests/unit/identity/test_credentials.py::test_changing_any_bound_fact_changes_the_binding[broker] PASSED [ 19%]
tests/unit/identity/test_credentials.py::test_changing_any_bound_fact_changes_the_binding[purpose] PASSED [ 19%]
tests/unit/identity/test_credentials.py::test_the_identifiers_contribute_their_typed_form_not_a_bare_uuid PASSED [ 19%]
tests/unit/identity/test_credentials.py::test_two_different_records_never_share_a_binding PASSED [ 19%]
tests/unit/identity/test_credentials.py::test_an_unsafe_broker_name_cannot_be_bound[empty] PASSED [ 19%]
tests/unit/identity/test_credentials.py::test_an_unsafe_broker_name_cannot_be_bound[uppercase] PASSED [ 19%]
tests/unit/identity/test_credentials.py::test_an_unsafe_broker_name_cannot_be_bound[space] PASSED [ 19%]
tests/unit/identity/test_credentials.py::test_an_unsafe_broker_name_cannot_be_bound[separator] PASSED [ 19%]
tests/unit/identity/test_credentials.py::test_an_unsafe_broker_name_cannot_be_bound[non-ascii] PASSED [ 19%]
tests/unit/identity/test_credentials.py::test_an_unsafe_broker_name_cannot_be_bound[punctuation] PASSED [ 19%]
tests/unit/identity/test_credentials.py::test_a_credential_exposes_its_own_binding PASSED [ 19%]
tests/unit/identity/test_credentials.py::test_a_credential_is_frozen PASSED [ 19%]
tests/unit/identity/test_credentials.py::test_a_credential_has_no_accessor_returning_a_plaintext PASSED [ 19%]
tests/unit/identity/test_credentials.py::test_an_unstorable_credential_is_refused[uppercase-broker] PASSED [ 19%]
tests/unit/identity/test_credentials.py::test_an_unstorable_credential_is_refused[purpose-as-string] PASSED [ 19%]
tests/unit/identity/test_credentials.py::test_an_unstorable_credential_is_refused[purpose-missing] PASSED [ 19%]
tests/unit/identity/test_credentials.py::test_an_unstorable_credential_is_refused[overlong-broker] PASSED [ 19%]
tests/unit/identity/test_credentials.py::test_an_unstorable_credential_is_refused[no-ciphertext] PASSED [ 19%]
tests/unit/identity/test_credentials.py::test_an_unstorable_credential_is_refused[no-wrapped-key] PASSED [ 19%]
tests/unit/identity/test_credentials.py::test_an_unstorable_credential_is_refused[zero-key-version] PASSED [ 19%]
tests/unit/identity/test_credentials.py::test_an_unstorable_credential_is_refused[zero-version] PASSED [ 19%]
tests/unit/identity/test_credentials.py::test_an_unstorable_credential_is_refused[naive-timestamp] PASSED [ 19%]
tests/unit/identity/test_credentials.py::test_an_unstorable_credential_is_refused[updated-before-created] PASSED [ 19%]
tests/unit/identity/test_credentials.py::test_a_naive_rotation_timestamp_is_refused PASSED [ 19%]
tests/unit/identity/test_credentials.py::test_the_purposes_are_exactly_the_two_this_decision_named PASSED [ 19%]
tests/unit/identity/test_credentials.py::test_a_purpose_cannot_be_an_arbitrary_string PASSED [ 19%]
tests/unit/identity/test_credentials.py::test_the_purposes_name_no_vendor PASSED [ 19%]
tests/unit/identity/test_credentials.py::test_every_purpose_fits_the_column_it_is_stored_in PASSED [ 19%]
tests/unit/identity/test_credentials.py::test_two_purposes_for_one_broker_are_distinct_credentials PASSED [ 19%]
tests/unit/identity/test_credentials.py::test_resealing_cannot_change_a_credential_purpose PASSED [ 19%]
tests/unit/identity/test_credentials.py::test_resealing_advances_the_version_and_leaves_the_original_alone PASSED [ 19%]
tests/unit/identity/test_credentials.py::test_resealing_keeps_the_key_version_unless_the_master_key_changed PASSED [ 19%]
tests/unit/identity/test_credentials.py::test_a_rotation_cannot_predate_the_last_write PASSED [ 19%]
tests/unit/identity/test_credentials.py::test_a_rotation_time_must_be_timezone_aware PASSED [ 20%]
tests/unit/identity/test_credentials.py::test_the_credential_module_imports_no_cipher_and_no_persistence_framework PASSED [ 20%]
tests/unit/identity/test_identity_metrics.py::test_metric_names_and_labels_are_closed_and_bounded PASSED [ 20%]
tests/unit/identity/test_identity_metrics.py::test_metric_exposition_contains_no_identity_or_secret_material PASSED [ 20%]
tests/unit/identity/test_jwt_issuer.py::test_minted_claims_survive_verification PASSED [ 20%]
tests/unit/identity/test_jwt_issuer.py::test_the_token_is_opaque_but_not_encrypted PASSED [ 20%]
tests/unit/identity/test_jwt_issuer.py::test_an_unsigned_token_is_refused PASSED [ 20%]
tests/unit/identity/test_jwt_issuer.py::test_a_token_signed_with_another_key_is_refused PASSED [ 20%]
tests/unit/identity/test_jwt_issuer.py::test_a_tampered_payload_is_refused PASSED [ 20%]
tests/unit/identity/test_jwt_issuer.py::test_a_malformed_token_is_refused[] PASSED [ 20%]
tests/unit/identity/test_jwt_issuer.py::test_a_malformed_token_is_refused[not-a-token] PASSED [ 20%]
tests/unit/identity/test_jwt_issuer.py::test_a_malformed_token_is_refused[a.b] PASSED [ 20%]
tests/unit/identity/test_jwt_issuer.py::test_a_malformed_token_is_refused[a.b.c.d] PASSED [ 20%]
tests/unit/identity/test_jwt_issuer.py::test_a_malformed_token_is_refused[eyJhbGciOiJIUzI1NiJ9..] PASSED [ 20%]
tests/unit/identity/test_jwt_issuer.py::test_a_malformed_token_is_refused[...] PASSED [ 20%]
tests/unit/identity/test_jwt_issuer.py::test_a_token_from_another_issuer_is_refused PASSED [ 20%]
tests/unit/identity/test_jwt_issuer.py::test_a_token_missing_a_required_claim_is_refused[iss] PASSED [ 20%]
tests/unit/identity/test_jwt_issuer.py::test_a_token_missing_a_required_claim_is_refused[sub] PASSED [ 20%]
tests/unit/identity/test_jwt_issuer.py::test_a_token_missing_a_required_claim_is_refused[acc] PASSED [ 20%]
tests/unit/identity/test_jwt_issuer.py::test_a_token_missing_a_required_claim_is_refused[exp] PASSED [ 20%]
tests/unit/identity/test_jwt_issuer.py::test_a_non_numeric_expiry_is_refused PASSED [ 20%]
tests/unit/identity/test_jwt_issuer.py::test_a_malformed_account_claim_is_refused PASSED [ 20%]
tests/unit/identity/test_jwt_issuer.py::test_an_expired_token_is_refused_according_to_the_injected_clock PASSED [ 20%]
tests/unit/identity/test_jwt_issuer.py::test_a_token_is_valid_up_to_and_including_its_expiry PASSED [ 20%]
tests/unit/identity/test_jwt_issuer.py::test_expiry_does_not_consult_the_wall_clock PASSED [ 20%]
tests/unit/identity/test_jwt_issuer.py::test_a_short_signing_key_is_refused_at_construction PASSED [ 20%]
tests/unit/identity/test_jwt_issuer.py::test_a_key_of_exactly_the_minimum_is_accepted PASSED [ 20%]
tests/unit/identity/test_manage_permissions.py::test_grant_updates_role_version_and_commits_an_attributed_audit PASSED [ 20%]
tests/unit/identity/test_manage_permissions.py::test_authorisation_metrics_cover_success_refusal_and_error_without_actor_data PASSED [ 20%]
tests/unit/identity/test_manage_permissions.py::test_revoke_updates_role_without_retrying PASSED [ 20%]
tests/unit/identity/test_manage_permissions.py::test_actor_preconditions_fail_closed_and_commit_refusal[missing-actor_not_found] PASSED [ 20%]
tests/unit/identity/test_manage_permissions.py::test_actor_preconditions_fail_closed_and_commit_refusal[cross_tenant-cross_tenant_actor] PASSED [ 20%]
tests/unit/identity/test_manage_permissions.py::test_actor_preconditions_fail_closed_and_commit_refusal[disabled-disabled_actor] PASSED [ 20%]
tests/unit/identity/test_manage_permissions.py::test_actor_preconditions_fail_closed_and_commit_refusal[no_totp-actor_totp_not_enrolled] PASSED [ 20%]
tests/unit/identity/test_manage_permissions.py::test_actor_preconditions_fail_closed_and_commit_refusal[no_authority-actor_lacks_management_permission] PASSED [ 21%]
tests/unit/identity/test_manage_permissions.py::test_missing_target_role_is_audited_before_typed_error PASSED [ 21%]
tests/unit/identity/test_manage_permissions.py::test_management_permission_cannot_be_granted_to_actors_current_role PASSED [ 21%]
tests/unit/identity/test_manage_permissions.py::test_protected_grant_checks_every_holder_including_disabled_principals PASSED [ 21%]
tests/unit/identity/test_manage_permissions.py::test_protected_permission_may_be_granted_to_an_empty_role PASSED [ 21%]
tests/unit/identity/test_manage_permissions.py::test_duplicate_grant_and_missing_revoke_are_audited_conflicts PASSED [ 21%]
tests/unit/identity/test_manage_permissions.py::test_last_authorised_administrator_cannot_be_removed PASSED [ 21%]
tests/unit/identity/test_manage_permissions.py::test_own_management_role_may_be_revoked_when_another_eligible_manager_remains PASSED [ 21%]
tests/unit/identity/test_manage_permissions.py::test_optimistic_conflict_is_not_retried_and_its_refusal_is_committed PASSED [ 21%]
tests/unit/identity/test_password_hasher.py::test_a_password_verifies_against_its_own_hash PASSED [ 21%]
tests/unit/identity/test_password_hasher.py::test_a_wrong_password_does_not_verify PASSED [ 21%]
tests/unit/identity/test_password_hasher.py::test_a_wrong_password_is_an_answer_rather_than_an_exception PASSED [ 21%]
tests/unit/identity/test_password_hasher.py::test_the_same_password_hashes_differently_every_time PASSED [ 21%]
tests/unit/identity/test_password_hasher.py::test_the_hash_is_not_the_password PASSED [ 21%]
tests/unit/identity/test_password_hasher.py::test_the_encoded_form_is_self_describing PASSED [ 21%]
tests/unit/identity/test_password_hasher.py::test_an_unreadable_stored_hash_verifies_as_false[not-a-hash] PASSED [ 21%]
tests/unit/identity/test_password_hasher.py::test_an_unreadable_stored_hash_verifies_as_false[$argon2id$broken] PASSED [ 21%]
tests/unit/identity/test_password_hasher.py::test_an_unreadable_stored_hash_verifies_as_false[$unknown$v=19$m=1,t=1,p=1$c2FsdA$aGFzaA] PASSED [ 21%]
tests/unit/identity/test_password_hasher.py::test_verify_nothing_never_raises_and_never_succeeds PASSED [ 21%]
tests/unit/identity/test_password_hasher.py::test_nothing_verifies_against_the_dummy_hash PASSED [ 21%]
tests/unit/identity/test_password_hasher.py::test_a_hash_reaching_a_log_line_is_redacted PASSED [ 21%]
tests/unit/identity/test_password_hasher.py::test_the_password_itself_is_a_secret_value_throughout PASSED [ 21%]
tests/unit/identity/test_ports.py::test_a_conforming_object_satisfies_the_key_provider_port PASSED [ 21%]
tests/unit/identity/test_ports.py::test_a_conforming_object_satisfies_the_token_issuer_port PASSED [ 21%]
tests/unit/identity/test_ports.py::test_the_role_fake_satisfies_the_role_store_port PASSED [ 21%]
tests/unit/identity/test_ports.py::test_each_fake_unit_of_work_owns_its_role_state PASSED [ 21%]
tests/unit/identity/test_ports.py::test_the_role_fake_models_missing_assignment_add_update_and_lookup PASSED [ 21%]
tests/unit/identity/test_ports.py::test_an_object_missing_a_method_does_not_satisfy_the_port PASSED [ 21%]
tests/unit/identity/test_ports.py::test_verification_takes_a_clock_rather_than_reading_one PASSED [ 21%]
tests/unit/identity/test_ports.py::test_claims_cannot_be_edited_after_verification PASSED [ 21%]
tests/unit/identity/test_ports.py::test_the_ports_import_no_cryptographic_or_token_library PASSED [ 21%]
tests/unit/identity/test_principals.py::test_a_password_hash_never_renders_its_value[str] PASSED [ 21%]
tests/unit/identity/test_principals.py::test_a_password_hash_never_renders_its_value[repr] PASSED [ 21%]
tests/unit/identity/test_principals.py::test_a_password_hash_never_renders_its_value[format] PASSED [ 21%]
tests/unit/identity/test_principals.py::test_a_password_hash_never_renders_its_value[<lambda>] PASSED [ 21%]
tests/unit/identity/test_principals.py::test_a_password_hash_still_exposes_its_value_deliberately PASSED [ 22%]
tests/unit/identity/test_principals.py::test_a_blank_password_hash_is_refused[] PASSED [ 22%]
tests/unit/identity/test_principals.py::test_a_blank_password_hash_is_refused[   ] PASSED [ 22%]
tests/unit/identity/test_principals.py::test_a_blank_password_hash_is_refused[\t] PASSED [ 22%]
tests/unit/identity/test_principals.py::test_a_password_hash_is_a_distinct_type_from_a_string PASSED [ 22%]
tests/unit/identity/test_principals.py::test_a_principal_without_a_sealed_secret_is_not_enrolled PASSED [ 22%]
tests/unit/identity/test_principals.py::test_enrolling_a_second_factor_makes_the_principal_enrolled PASSED [ 22%]
tests/unit/identity/test_principals.py::test_a_principal_cannot_open_its_own_second_factor PASSED [ 22%]
tests/unit/identity/test_principals.py::test_every_change_increments_the_version[password] PASSED [ 22%]
tests/unit/identity/test_principals.py::test_every_change_increments_the_version[enrolment] PASSED [ 22%]
tests/unit/identity/test_principals.py::test_every_change_increments_the_version[disable] PASSED [ 22%]
tests/unit/identity/test_principals.py::test_a_principal_cannot_be_edited_in_place PASSED [ 22%]
tests/unit/identity/test_principals.py::test_disabling_stops_the_principal_being_active PASSED [ 22%]
tests/unit/identity/test_principals.py::test_a_principal_must_have_a_subject[] PASSED [ 22%]
tests/unit/identity/test_principals.py::test_a_principal_must_have_a_subject[   ] PASSED [ 22%]
tests/unit/identity/test_principals.py::test_a_principal_must_have_a_subject[\t] PASSED [ 22%]
tests/unit/identity/test_principals.py::test_both_timestamps_must_be_timezone_aware[created_at] PASSED [ 22%]
tests/unit/identity/test_principals.py::test_both_timestamps_must_be_timezone_aware[updated_at] PASSED [ 22%]
tests/unit/identity/test_principals.py::test_a_principal_cannot_be_updated_before_it_was_created PASSED [ 22%]
tests/unit/identity/test_principals.py::test_a_version_below_one_is_refused PASSED [ 22%]
tests/unit/identity/test_principals.py::test_two_principals_with_the_same_values_are_equal PASSED [ 22%]
tests/unit/identity/test_refresh_session.py::test_a_usable_token_rotates_into_a_new_session PASSED [ 22%]
tests/unit/identity/test_refresh_session.py::test_refresh_metrics_cover_success_refusal_and_error_without_token_data PASSED [ 22%]
tests/unit/identity/test_refresh_session.py::test_the_successor_inherits_the_lineage PASSED [ 22%]
tests/unit/identity/test_refresh_session.py::test_a_successful_refresh_is_audited_and_committed PASSED [ 22%]
tests/unit/identity/test_refresh_session.py::test_presenting_a_spent_token_revokes_the_whole_lineage PASSED [ 22%]
tests/unit/identity/test_refresh_session.py::test_reuse_is_indistinguishable_from_ordinary_revocation PASSED [ 22%]
tests/unit/identity/test_refresh_session.py::test_reuse_is_audited_distinctly_even_though_the_error_is_not PASSED [ 22%]
tests/unit/identity/test_refresh_session.py::test_repeated_reuse_revokes_once_and_then_reports_revoked PASSED [ 22%]
tests/unit/identity/test_refresh_session.py::test_one_compromised_lineage_does_not_log_out_the_others PASSED [ 22%]
tests/unit/identity/test_refresh_session.py::test_an_expired_token_gets_its_own_error[use_case0] PASSED [ 22%]
tests/unit/identity/test_refresh_session.py::test_an_unrecognised_token_is_refused_and_audited PASSED [ 22%]
tests/unit/identity/test_refresh_session.py::test_a_disabled_principal_has_its_lineage_revoked PASSED [ 22%]
tests/unit/identity/test_refresh_session.py::test_losing_a_rotation_race_does_not_revoke_the_lineage PASSED [ 22%]
tests/unit/identity/test_refresh_session.py::test_every_refusal_commits_its_audit_record PASSED [ 22%]
tests/unit/identity/test_refresh_tokens.py::test_a_fresh_token_is_usable PASSED [ 23%]
tests/unit/identity/test_refresh_tokens.py::test_a_spent_token_is_reuse PASSED [ 23%]
tests/unit/identity/test_refresh_tokens.py::test_an_expired_token_is_expired_and_not_evidence_of_anything PASSED [ 23%]
tests/unit/identity/test_refresh_tokens.py::test_a_revoked_token_is_revoked PASSED [ 23%]
tests/unit/identity/test_refresh_tokens.py::test_revocation_is_checked_before_reuse_so_detection_is_idempotent PASSED [ 23%]
tests/unit/identity/test_refresh_tokens.py::test_reuse_is_reported_even_after_the_token_would_have_expired PASSED [ 23%]
tests/unit/identity/test_refresh_tokens.py::test_expiry_is_inclusive_of_the_expiry_instant PASSED [ 23%]
tests/unit/identity/test_refresh_tokens.py::test_rotation_returns_both_halves_of_one_fact PASSED [ 23%]
tests/unit/identity/test_refresh_tokens.py::test_a_successor_inherits_the_lineage PASSED [ 23%]
tests/unit/identity/test_refresh_tokens.py::test_rotation_cannot_move_a_session_to_another_tenant_or_principal PASSED [ 23%]
tests/unit/identity/test_refresh_tokens.py::test_the_successor_is_usable_and_the_predecessor_is_not PASSED [ 23%]
tests/unit/identity/test_refresh_tokens.py::test_revoking_twice_keeps_the_first_instant PASSED [ 23%]
tests/unit/identity/test_refresh_tokens.py::test_the_first_token_of_a_chain_must_anchor_its_own_lineage PASSED [ 23%]
tests/unit/identity/test_refresh_tokens.py::test_a_successor_may_carry_a_lineage_that_is_not_its_own_id PASSED [ 23%]
tests/unit/identity/test_refresh_tokens.py::test_a_token_must_carry_a_hash PASSED [ 23%]
tests/unit/identity/test_refresh_tokens.py::test_a_token_must_expire_after_it_is_issued PASSED [ 23%]
tests/unit/identity/test_refresh_tokens.py::test_both_timestamps_must_be_timezone_aware[issued_at] PASSED [ 23%]
tests/unit/identity/test_refresh_tokens.py::test_both_timestamps_must_be_timezone_aware[expires_at] PASSED [ 23%]
tests/unit/identity/test_refresh_tokens.py::test_the_token_itself_is_never_a_field PASSED [ 23%]
tests/unit/ingest/test_historical_dataset.py::test_synthetic_pack_is_ready_and_deterministic PASSED [ 23%]
tests/unit/ingest/test_historical_dataset.py::test_offline_mapper_contract_has_canonical_and_synthetic_implementations PASSED [ 23%]
tests/unit/ingest/test_historical_dataset.py::test_corrupted_pack_is_rejected_before_semantic_import PASSED [ 23%]
tests/unit/ingest/test_historical_dataset.py::test_semantic_preflight_accumulates_multiple_row_failures PASSED [ 23%]
tests/unit/ingest/test_historical_dataset.py::test_path_traversal_manifest_is_rejected PASSED [ 23%]
tests/unit/ingest/test_historical_dataset.py::test_unconfirmed_retention_is_quarantined PASSED [ 23%]
tests/unit/ingest/test_historical_dataset.py::test_diligence_export_never_approves_a_provider PASSED [ 23%]
tests/unit/ingest/test_historical_dataset.py::test_cli_import_refuses_without_explicit_apply PASSED [ 23%]
tests/unit/ingest/test_public_dataset.py::test_public_build_is_deterministic_ready_and_honestly_classified PASSED [ 23%]
tests/unit/ingest/test_public_dataset.py::test_public_drop_mapper_implements_existing_offline_seam PASSED [ 23%]
tests/unit/ingest/test_public_dataset.py::test_public_build_retains_raw_prices_and_explicit_action_only PASSED [ 23%]
tests/unit/ingest/test_public_dataset.py::test_public_build_requires_selected_official_benchmark_evidence PASSED [ 23%]
tests/unit/ingest/test_public_dataset.py::test_public_build_fails_closed_on_ambiguous_symbol_identity PASSED [ 23%]
tests/unit/ingest/test_public_exchange.py::test_modern_udiff_mapping_preserves_raw_ohlcv_and_ids PASSED [ 23%]
tests/unit/ingest/test_public_exchange.py::test_legacy_bhavcopy_mapping PASSED [ 23%]
tests/unit/ingest/test_public_exchange.py::test_full_bhavcopy_delivery_mapping PASSED [ 23%]
tests/unit/ingest/test_public_exchange.py::test_exchange_monthly_xlsx_maps_daily_traded_equities_offline PASSED [ 24%]
tests/unit/ingest/test_public_exchange.py::test_exchange_monthly_xlsx_rejects_an_unknown_header_revision PASSED [ 24%]
tests/unit/ingest/test_public_exchange.py::test_mii_security_snapshot_mapping PASSED [ 24%]
tests/unit/ingest/test_public_exchange.py::test_corporate_actions_parse_only_explicit_values[Bonus 2:1-BONUS-ratio0-None] PASSED [ 24%]
tests/unit/ingest/test_public_exchange.py::test_corporate_actions_parse_only_explicit_values[Stock Split From Rs 10 To Rs 2-SPLIT-ratio1-None] PASSED [ 24%]
tests/unit/ingest/test_public_exchange.py::test_corporate_actions_parse_only_explicit_values[Dividend - Rs 12.50 Per Share-DIVIDEND-ratio2-cash2] PASSED [ 24%]
tests/unit/ingest/test_public_exchange.py::test_corporate_actions_parse_only_explicit_values[Demerger-DEMERGER-ratio3-None] PASSED [ 24%]
tests/unit/ingest/test_public_exchange.py::test_corporate_actions_parse_only_explicit_values[Rights 3:7-RIGHTS_ISSUE-ratio4-None] PASSED [ 24%]
tests/unit/ingest/test_public_exchange.py::test_price_index_and_tri_are_separate_identities PASSED [ 24%]
tests/unit/ingest/test_public_exchange.py::test_unsupported_or_ambiguous_schema_is_not_coerced PASSED [ 24%]
tests/unit/ingest/test_public_exchange.py::test_inspection_does_not_mutate_source PASSED [ 24%]
tests/unit/ingest/test_public_exchange.py::test_invalid_isin_fails_closed PASSED [ 24%]
tests/unit/ingest/test_public_reconstruction.py::test_liquidity_universe_uses_only_trailing_observable_rows PASSED [ 24%]
tests/unit/ingest/test_public_reconstruction.py::test_no_trade_day_is_not_delisted_and_inactive_history_is_retained PASSED [ 24%]
tests/unit/ingest/test_public_reconstruction.py::test_source_reported_suspension_and_delisting_are_distinct PASSED [ 24%]
tests/unit/ingest/test_public_reconstruction.py::test_preflight_is_deterministic_and_flags_unknown_schema PASSED [ 24%]
tests/unit/ingest/test_public_reconstruction.py::test_duplicate_and_corrected_files_are_distinguished PASSED [ 24%]
tests/unit/ingest/test_public_reconstruction.py::test_archive_weekday_gap_is_not_silently_called_a_holiday PASSED [ 24%]
tests/unit/ingest/test_public_reconstruction.py::test_bias_report_has_ten_named_risks_and_no_confidence_percentage PASSED [ 24%]
tests/unit/ingest/test_public_reconstruction.py::test_acquisition_plans_are_network_free_and_scale_for_5_8_10_years PASSED [ 24%]
tests/unit/ingest/test_public_reconstruction.py::test_acquisition_options_select_monthly_strategy_with_conservative_counts[1-16] PASSED [ 24%]
tests/unit/ingest/test_public_reconstruction.py::test_acquisition_options_select_monthly_strategy_with_conservative_counts[5-66] PASSED [ 24%]
tests/unit/ingest/test_public_reconstruction.py::test_acquisition_options_select_monthly_strategy_with_conservative_counts[10-126] PASSED [ 24%]
tests/unit/ingest/test_public_reconstruction.py::test_acquisition_options_use_hybrid_before_monthly_publication PASSED [ 24%]
tests/unit/intelligence/test_attention.py::test_higher_score_sorts_first PASSED [ 24%]
tests/unit/intelligence/test_attention.py::test_equal_scores_break_ties_alphabetically PASSED [ 24%]
tests/unit/intelligence/test_attention.py::test_ranking_is_stable_across_repeated_runs PASSED [ 24%]
tests/unit/intelligence/test_attention.py::test_a_rise_and_an_equal_fall_produce_identical_attention PASSED [ 24%]
tests/unit/intelligence/test_attention.py::test_a_move_below_the_noteworthy_floor_contributes_nothing PASSED [ 24%]
tests/unit/intelligence/test_attention.py::test_move_point_tiers_are_exact[1.99-0] PASSED [ 24%]
tests/unit/intelligence/test_attention.py::test_move_point_tiers_are_exact[2.00-1] PASSED [ 24%]
tests/unit/intelligence/test_attention.py::test_move_point_tiers_are_exact[4.99-1] PASSED [ 24%]
tests/unit/intelligence/test_attention.py::test_move_point_tiers_are_exact[5.00-2] PASSED [ 24%]
tests/unit/intelligence/test_attention.py::test_move_point_tiers_are_exact[7.99-2] PASSED [ 24%]
tests/unit/intelligence/test_attention.py::test_move_point_tiers_are_exact[8.00-3] PASSED [ 25%]
tests/unit/intelligence/test_attention.py::test_move_point_tiers_are_exact[15.00-3] PASSED [ 25%]
tests/unit/intelligence/test_attention.py::test_one_day_and_multi_day_moves_both_contribute_independently PASSED [ 25%]
tests/unit/intelligence/test_attention.py::test_elevated_volume_contributes_attention PASSED [ 25%]
tests/unit/intelligence/test_attention.py::test_volume_at_or_below_normal_contributes_nothing PASSED [ 25%]
tests/unit/intelligence/test_attention.py::test_volume_point_tiers_are_exact[1.24-0] PASSED [ 25%]
tests/unit/intelligence/test_attention.py::test_volume_point_tiers_are_exact[1.25-1] PASSED [ 25%]
tests/unit/intelligence/test_attention.py::test_volume_point_tiers_are_exact[1.99-1] PASSED [ 25%]
tests/unit/intelligence/test_attention.py::test_volume_point_tiers_are_exact[2.00-2] PASSED [ 25%]
tests/unit/intelligence/test_attention.py::test_volume_point_tiers_are_exact[2.99-2] PASSED [ 25%]
tests/unit/intelligence/test_attention.py::test_volume_point_tiers_are_exact[3.00-3] PASSED [ 25%]
tests/unit/intelligence/test_attention.py::test_recent_archived_news_contributes_attention PASSED [ 25%]
tests/unit/intelligence/test_attention.py::test_news_item_count_is_reported_and_capped PASSED [ 25%]
tests/unit/intelligence/test_attention.py::test_a_notable_event_category_earns_a_bonus_over_commentary PASSED [ 25%]
tests/unit/intelligence/test_attention.py::test_instruments_with_no_news_remain_valid PASSED [ 25%]
tests/unit/intelligence/test_attention.py::test_an_item_first_seen_after_the_cutoff_contributes_nothing PASSED [ 25%]
tests/unit/intelligence/test_attention.py::test_a_missing_market_context_is_flagged_not_silently_scored_as_flat PASSED [ 25%]
tests/unit/intelligence/test_attention.py::test_a_no_data_market_context_is_flagged_not_silently_scored_as_flat PASSED [ 25%]
tests/unit/intelligence/test_attention.py::test_available_market_context_with_no_movement_is_distinct_from_absent PASSED [ 25%]
tests/unit/intelligence/test_attention.py::test_insufficient_history_leaves_price_points_unscored_without_a_crash PASSED [ 25%]
tests/unit/intelligence/test_attention.py::test_the_score_is_always_within_its_documented_bound PASSED [ 25%]
tests/unit/intelligence/test_attention.py::test_a_band_that_disagrees_with_its_own_score_is_refused PASSED [ 25%]
tests/unit/intelligence/test_attention.py::test_an_out_of_bounds_score_is_refused PASSED [ 25%]
tests/unit/intelligence/test_attention.py::test_an_empty_watchlist_produces_an_empty_ranking PASSED [ 25%]
tests/unit/intelligence/test_attention.py::test_top_attention_keeps_the_leading_entries_in_rank_order PASSED [ 25%]
tests/unit/intelligence/test_attention.py::test_top_attention_excludes_score_zero_rather_than_padding PASSED [ 25%]
tests/unit/intelligence/test_attention.py::test_top_attention_returns_nothing_when_every_score_is_zero PASSED [ 25%]
tests/unit/intelligence/test_attention.py::test_top_attention_at_the_maximum_available_shows_every_noteworthy_entry PASSED [ 25%]
tests/unit/intelligence/test_attention.py::test_top_attention_refuses_a_non_positive_limit PASSED [ 25%]
tests/unit/intelligence/test_attention_brief.py::test_the_brief_preserves_rank_order PASSED [ 25%]
tests/unit/intelligence/test_attention_brief.py::test_the_brief_numbers_entries_from_one PASSED [ 25%]
tests/unit/intelligence/test_attention_brief.py::test_fewer_than_the_default_top_shows_only_what_is_noteworthy PASSED [ 25%]
tests/unit/intelligence/test_attention_brief.py::test_an_explicit_top_bounds_how_many_entries_are_shown PASSED [ 25%]
tests/unit/intelligence/test_attention_brief.py::test_the_shown_count_is_pluralised_correctly PASSED [ 25%]
tests/unit/intelligence/test_attention_brief.py::test_nothing_noteworthy_states_so_rather_than_an_empty_page PASSED [ 25%]
tests/unit/intelligence/test_attention_brief.py::test_an_empty_watchlist_states_so_distinctly_from_a_quiet_one PASSED [ 26%]
tests/unit/intelligence/test_attention_brief.py::test_market_close_and_date_are_shown_from_the_passed_context PASSED [ 26%]
tests/unit/intelligence/test_attention_brief.py::test_market_context_not_requested_is_shown_as_such PASSED [ 26%]
tests/unit/intelligence/test_attention_brief.py::test_a_no_data_context_names_the_reason_rather_than_a_close PASSED [ 26%]
tests/unit/intelligence/test_attention_brief.py::test_no_archived_news_states_so PASSED [ 26%]
tests/unit/intelligence/test_attention_brief.py::test_archived_news_shows_category_sentiment_headline_and_source PASSED [ 26%]
tests/unit/intelligence/test_attention_brief.py::test_a_news_item_first_seen_after_the_cutoff_is_absent PASSED [ 26%]
tests/unit/intelligence/test_attention_brief.py::test_rendering_is_byte_for_byte_deterministic PASSED [ 26%]
tests/unit/intelligence/test_attention_brief.py::test_the_disclaimer_is_reused_in_the_brief PASSED [ 26%]
tests/unit/intelligence/test_attention_brief.py::test_a_headline_containing_forbidden_words_is_not_rewritten PASSED [ 26%]
tests/unit/intelligence/test_attention_brief.py::test_dhruvas_own_wording_contains_no_advice_language PASSED [ 26%]
tests/unit/intelligence/test_attention_changes.py::test_the_disclaimer_is_reused PASSED [ 26%]
tests/unit/intelligence/test_attention_changes.py::test_the_cutoffs_are_printed PASSED [ 26%]
tests/unit/intelligence/test_attention_changes.py::test_no_changes_states_so_rather_than_a_blank_page PASSED [ 26%]
tests/unit/intelligence/test_attention_changes.py::test_rendering_is_byte_for_byte_deterministic PASSED [ 26%]
tests/unit/intelligence/test_attention_changes.py::test_rendering_preserves_the_comparisons_own_order PASSED [ 26%]
tests/unit/intelligence/test_attention_changes.py::test_categories_are_named_explicitly PASSED [ 26%]
tests/unit/intelligence/test_attention_changes.py::test_the_attention_transition_is_shown PASSED [ 26%]
tests/unit/intelligence/test_attention_changes.py::test_new_reasons_are_listed PASSED [ 26%]
tests/unit/intelligence/test_attention_changes.py::test_new_archived_news_shows_category_sentiment_headline_and_source PASSED [ 26%]
tests/unit/intelligence/test_attention_changes.py::test_market_context_added_is_shown PASSED [ 26%]
tests/unit/intelligence/test_attention_changes.py::test_market_context_removed_is_shown PASSED [ 26%]
tests/unit/intelligence/test_attention_changes.py::test_a_headline_containing_forbidden_words_is_not_rewritten PASSED [ 26%]
tests/unit/intelligence/test_attention_changes.py::test_dhruvas_own_wording_contains_no_advice_language PASSED [ 26%]
tests/unit/intelligence/test_attention_presentation.py::test_the_disclaimer_states_what_the_ranking_is_and_is_not PASSED [ 26%]
tests/unit/intelligence/test_attention_presentation.py::test_rendered_output_contains_no_advice_language PASSED [ 26%]
tests/unit/intelligence/test_attention_presentation.py::test_the_disclaimer_is_always_present PASSED [ 26%]
tests/unit/intelligence/test_attention_presentation.py::test_every_instrument_is_named_with_its_band_and_score PASSED [ 26%]
tests/unit/intelligence/test_attention_presentation.py::test_zero_reasons_states_nothing_was_noteworthy_rather_than_a_blank PASSED [ 26%]
tests/unit/intelligence/test_attention_presentation.py::test_unavailable_market_context_is_flagged_in_the_rendering PASSED [ 26%]
tests/unit/intelligence/test_attention_presentation.py::test_available_market_context_carries_no_unavailable_flag PASSED [ 26%]
tests/unit/intelligence/test_attention_presentation.py::test_an_empty_ranking_states_the_watchlist_is_empty_rather_than_a_blank_page PASSED [ 26%]
tests/unit/intelligence/test_attention_presentation.py::test_rendering_preserves_the_order_it_is_given PASSED [ 26%]
tests/unit/intelligence/test_candidate_evaluation.py::test_future_bars_cannot_change_historical_features_scores_or_ranks PASSED [ 26%]
tests/unit/intelligence/test_candidate_evaluation.py::test_historical_replay_ranks_partial_optional_history_without_leakage PASSED [ 26%]
tests/unit/intelligence/test_candidate_evaluation.py::test_weekly_cutoff_is_last_observed_session_not_calendar_friday PASSED [ 27%]
tests/unit/intelligence/test_candidate_evaluation.py::test_dataset_metrics_readiness_and_export_are_deterministic PASSED [ 27%]
tests/unit/intelligence/test_candidate_evaluation.py::test_current_watchlist_cannot_become_ready_even_if_other_gates_are_asserted PASSED [ 27%]
tests/unit/intelligence/test_candidate_evaluation.py::test_public_reconstruction_receives_distinct_readiness_without_pit_overclaim PASSED [ 27%]
tests/unit/intelligence/test_candidate_evaluation.py::test_integrity_blocker_prevents_ready_historical_evidence PASSED [ 27%]
tests/unit/intelligence/test_candidate_observation.py::test_same_state_has_the_same_candidate_fingerprint PASSED [ 27%]
tests/unit/intelligence/test_candidate_observation.py::test_score_and_feature_availability_participate_in_the_payload_hash PASSED [ 27%]
tests/unit/intelligence/test_candidate_outcome_materialization.py::test_later_bars_do_not_change_an_already_mature_outcome_identity PASSED [ 27%]
tests/unit/intelligence/test_candidate_outcome_materialization.py::test_temporal_immaturity_precedes_missing_member_data PASSED [ 27%]
tests/unit/intelligence/test_candidate_ranking.py::test_insufficient_history_is_excluded_without_zero_filling PASSED [ 27%]
tests/unit/intelligence/test_candidate_ranking.py::test_cross_sectional_order_percentiles_and_ties_are_deterministic PASSED [ 27%]
tests/unit/intelligence/test_candidate_ranking.py::test_optional_factor_percentiles_are_factor_specific_and_renormalized PASSED [ 27%]
tests/unit/intelligence/test_candidate_ranking.py::test_attention_metadata_never_changes_candidate_score_or_rank PASSED [ 27%]
tests/unit/intelligence/test_candidate_ranking.py::test_explanations_are_exact_computed_evidence_not_generated_prose PASSED [ 27%]
tests/unit/intelligence/test_candidate_ranking.py::test_stale_required_features_block_ranking PASSED [ 27%]
tests/unit/intelligence/test_candidate_ranking.py::test_raw_adjustment_is_explicitly_unsupported_but_unknown_is_visible_degradation PASSED [ 27%]
tests/unit/intelligence/test_candidate_ranking.py::test_feature_vocabulary_contains_no_future_outcome PASSED [ 27%]
tests/unit/intelligence/test_changes.py::test_identical_cutoffs_produce_no_changes PASSED [ 27%]
tests/unit/intelligence/test_changes.py::test_changes_are_ordered_by_the_size_of_the_score_movement PASSED [ 27%]
tests/unit/intelligence/test_changes.py::test_repeated_comparison_is_byte_for_byte_deterministic PASSED [ 27%]
tests/unit/intelligence/test_changes.py::test_an_instrument_only_present_before_is_skipped_rather_than_guessed_at PASSED [ 27%]
tests/unit/intelligence/test_changes.py::test_a_score_increase_is_detected PASSED [ 27%]
tests/unit/intelligence/test_changes.py::test_a_score_decrease_is_detected PASSED [ 27%]
tests/unit/intelligence/test_changes.py::test_a_band_change_is_detected PASSED [ 27%]
tests/unit/intelligence/test_changes.py::test_entering_the_attention_set_is_detected PASSED [ 27%]
tests/unit/intelligence/test_changes.py::test_leaving_the_attention_set_is_detected PASSED [ 27%]
tests/unit/intelligence/test_changes.py::test_new_reasons_are_only_those_absent_at_the_earlier_cutoff PASSED [ 27%]
tests/unit/intelligence/test_changes.py::test_nothing_changed_yields_no_reported_change PASSED [ 27%]
tests/unit/intelligence/test_changes.py::test_market_context_becoming_available_is_detected PASSED [ 27%]
tests/unit/intelligence/test_changes.py::test_market_context_becoming_unavailable_is_detected PASSED [ 27%]
tests/unit/intelligence/test_changes.py::test_news_first_seen_between_the_two_cutoffs_is_new PASSED [ 27%]
tests/unit/intelligence/test_changes.py::test_news_first_seen_before_the_earlier_cutoff_is_not_new PASSED [ 27%]
tests/unit/intelligence/test_changes.py::test_news_added_is_reported_alongside_the_attention_change PASSED [ 27%]
tests/unit/intelligence/test_changes.py::test_news_added_is_reported_even_when_the_item_count_cap_hides_a_score_change PASSED [ 27%]
tests/unit/intelligence/test_changes.py::test_a_change_with_no_categories_is_refused PASSED [ 28%]
tests/unit/intelligence/test_digest_export.py::test_two_exports_of_one_cutoff_have_identical_bodies PASSED [ 28%]
tests/unit/intelligence/test_digest_export.py::test_only_the_envelope_carries_the_moment_of_writing PASSED [ 28%]
tests/unit/intelligence/test_digest_export.py::test_the_fingerprint_is_recomputable_from_the_body_alone PASSED [ 28%]
tests/unit/intelligence/test_digest_export.py::test_an_edited_body_no_longer_matches_its_fingerprint PASSED [ 28%]
tests/unit/intelligence/test_digest_export.py::test_serialisation_uses_sorted_keys_so_bytes_are_stable PASSED [ 28%]
tests/unit/intelligence/test_digest_export.py::test_a_snapshot_round_trips_through_json_unchanged PASSED [ 28%]
tests/unit/intelligence/test_digest_export.py::test_instrument_order_follows_the_digest_ranking PASSED [ 28%]
tests/unit/intelligence/test_digest_export.py::test_the_schema_version_appears_in_both_envelope_and_body PASSED [ 28%]
tests/unit/intelligence/test_digest_export.py::test_the_cutoff_and_window_are_recorded PASSED [ 28%]
tests/unit/intelligence/test_digest_export.py::test_every_ruleset_revision_that_reached_a_verdict_is_recorded PASSED [ 28%]
tests/unit/intelligence/test_digest_export.py::test_the_account_appears_as_its_stable_identifier PASSED [ 28%]
tests/unit/intelligence/test_digest_export.py::test_the_envelope_carries_the_notice_and_the_disclaimer PASSED [ 28%]
tests/unit/intelligence/test_digest_export.py::test_every_item_carries_its_source_and_citation_link PASSED [ 28%]
tests/unit/intelligence/test_digest_export.py::test_both_timestamps_and_the_revision_are_exported PASSED [ 28%]
tests/unit/intelligence/test_digest_export.py::test_a_duplicate_records_the_rule_and_the_item_it_repeats PASSED [ 28%]
tests/unit/intelligence/test_digest_export.py::test_linked_instruments_carry_their_evidence PASSED [ 28%]
tests/unit/intelligence/test_digest_export.py::test_exact_values_are_exported_as_strings_not_floats PASSED [ 28%]
tests/unit/intelligence/test_digest_export.py::test_a_quiet_instrument_is_exported_with_no_news_and_says_so PASSED [ 28%]
tests/unit/intelligence/test_digest_export.py::test_an_instrument_with_no_bars_reports_the_reason PASSED [ 28%]
tests/unit/intelligence/test_digest_export.py::test_market_context_switched_off_is_distinguishable_from_absent_data PASSED [ 28%]
tests/unit/intelligence/test_digest_export.py::test_insufficient_history_is_exported_with_its_reason PASSED [ 28%]
tests/unit/intelligence/test_digest_export.py::test_stale_data_is_flagged_independently_of_history PASSED [ 28%]
tests/unit/intelligence/test_digest_export.py::test_withheld_items_are_counted_so_truncation_is_visible PASSED [ 28%]
tests/unit/intelligence/test_digest_export.py::test_the_snapshot_contains_no_article_body_or_raw_payload PASSED [ 28%]
tests/unit/intelligence/test_digest_export.py::test_the_snapshot_contains_no_credential_shaped_keys PASSED [ 28%]
tests/unit/intelligence/test_digest_export.py::test_the_snapshot_contains_no_machine_local_path PASSED [ 28%]
tests/unit/intelligence/test_digest_export.py::test_an_empty_watchlist_exports_a_valid_snapshot PASSED [ 28%]
tests/unit/intelligence/test_digest_export.py::test_a_close_carrying_database_scale_renders_canonically PASSED [ 28%]
tests/unit/intelligence/test_digest_export.py::test_a_scaled_close_produces_the_same_body_fingerprint PASSED [ 28%]
tests/unit/intelligence/test_digest_export.py::test_no_exported_decimal_carries_trailing_zeros PASSED [ 28%]
tests/unit/intelligence/test_domain_purity.py::test_no_provider_or_framework_reaches_the_news_domain PASSED [ 28%]
tests/unit/intelligence/test_domain_purity.py::test_the_news_domain_reaches_no_other_context PASSED [ 28%]
tests/unit/intelligence/test_domain_purity.py::test_the_news_domain_holds_no_full_article_body PASSED [ 28%]
tests/unit/intelligence/test_entity_linking.py::test_every_approved_name_reaches_its_canonical_symbol[SBIN shares gain 2%-SBIN] PASSED [ 28%]
tests/unit/intelligence/test_entity_linking.py::test_every_approved_name_reaches_its_canonical_symbol[SBI reports higher quarterly profit-SBIN] PASSED [ 29%]
tests/unit/intelligence/test_entity_linking.py::test_every_approved_name_reaches_its_canonical_symbol[State Bank of India cuts lending rates-SBIN] PASSED [ 29%]
tests/unit/intelligence/test_entity_linking.py::test_every_approved_name_reaches_its_canonical_symbol[M&M unveils a new SUV-M&M] PASSED [ 29%]
tests/unit/intelligence/test_entity_linking.py::test_every_approved_name_reaches_its_canonical_symbol[Mahindra & Mahindra posts record sales-M&M] PASSED [ 29%]
tests/unit/intelligence/test_entity_linking.py::test_every_approved_name_reaches_its_canonical_symbol[NAM-INDIA assets under management rise-NAM-INDIA] PASSED [ 29%]
tests/unit/intelligence/test_entity_linking.py::test_every_approved_name_reaches_its_canonical_symbol[NAM India sees strong inflows this quarter-NAM-INDIA] PASSED [ 29%]
tests/unit/intelligence/test_entity_linking.py::test_every_approved_name_reaches_its_canonical_symbol[Nippon India AMC launches a new fund-NAM-INDIA] PASSED [ 29%]
tests/unit/intelligence/test_entity_linking.py::test_every_approved_name_reaches_its_canonical_symbol[IndiGo adds new international routes-INDIGO] PASSED [ 29%]
tests/unit/intelligence/test_entity_linking.py::test_every_approved_name_reaches_its_canonical_symbol[InterGlobe Aviation Limited reports a profit-INDIGO] PASSED [ 29%]
tests/unit/intelligence/test_entity_linking.py::test_every_approved_name_reaches_its_canonical_symbol[ETERNAL shares gain 4%-ETERNAL] PASSED [ 29%]
tests/unit/intelligence/test_entity_linking.py::test_every_approved_name_reaches_its_canonical_symbol[Eternal Limited reports its first annual profit-ETERNAL] PASSED [ 29%]
tests/unit/intelligence/test_entity_linking.py::test_every_approved_name_reaches_its_canonical_symbol[Tata Motors Passenger Vehicles opens a new plant-TMPV] PASSED [ 29%]
tests/unit/intelligence/test_entity_linking.py::test_every_approved_name_reaches_its_canonical_symbol[Tata Motors PV expands its EV range-TMPV] PASSED [ 29%]
tests/unit/intelligence/test_entity_linking.py::test_every_approved_name_reaches_its_canonical_symbol[HAL delivers more Tejas jets-HAL] PASSED [ 29%]
tests/unit/intelligence/test_entity_linking.py::test_every_approved_name_reaches_its_canonical_symbol[Hindustan Aeronautics bags an order-HAL] PASSED [ 29%]
tests/unit/intelligence/test_entity_linking.py::test_every_approved_name_reaches_its_canonical_symbol[ICICI Bank posts higher net interest income-ICICIBANK] PASSED [ 29%]
tests/unit/intelligence/test_entity_linking.py::test_every_approved_name_reaches_its_canonical_symbol[Bajaj Finance approves a dividend-BAJFINANCE] PASSED [ 29%]
tests/unit/intelligence/test_entity_linking.py::test_every_approved_name_reaches_its_canonical_symbol[Adani Energy Solutions wins a project-ADANIENSOL] PASSED [ 29%]
tests/unit/intelligence/test_entity_linking.py::test_punctuation_sensitive_symbols_survive_tokenising PASSED [ 29%]
tests/unit/intelligence/test_entity_linking.py::test_several_companies_in_one_headline_are_several_matches PASSED [ 29%]
tests/unit/intelligence/test_entity_linking.py::test_the_way_a_company_was_named_is_recorded_with_a_bounded_relevance PASSED [ 29%]
tests/unit/intelligence/test_entity_linking.py::test_a_symbol_that_is_an_ordinary_word_needs_its_ticker_spelling PASSED [ 29%]
tests/unit/intelligence/test_entity_linking.py::test_a_symbol_inside_a_longer_word_does_not_match PASSED [ 29%]
tests/unit/intelligence/test_entity_linking.py::test_a_shouted_headline_cannot_be_read_for_tickers PASSED [ 29%]
tests/unit/intelligence/test_entity_linking.py::test_a_shorter_company_name_does_not_match_a_longer_one PASSED [ 29%]
tests/unit/intelligence/test_entity_linking.py::test_a_corporate_suffix_is_only_dropped_when_a_real_name_survives PASSED [ 29%]
tests/unit/intelligence/test_entity_linking.py::test_a_headline_naming_nothing_approved_is_unresolved PASSED [ 29%]
tests/unit/intelligence/test_entity_linking.py::test_one_wording_naming_two_instruments_is_ambiguous_not_two_findings PASSED [ 29%]
tests/unit/intelligence/test_entity_linking.py::test_an_ambiguous_wording_does_not_suppress_a_confident_match PASSED [ 29%]
tests/unit/intelligence/test_entity_linking.py::test_a_former_name_still_links_while_the_press_is_still_using_it PASSED [ 29%]
tests/unit/intelligence/test_entity_linking.py::test_a_former_name_stops_linking_once_its_grace_period_ends PASSED [ 29%]
tests/unit/intelligence/test_entity_linking.py::test_a_name_does_not_link_before_its_instrument_existed PASSED [ 29%]
tests/unit/intelligence/test_entity_linking.py::test_every_result_names_its_ruleset_revision PASSED [ 29%]
tests/unit/intelligence/test_entity_linking.py::test_every_match_gives_a_reason PASSED [ 29%]
tests/unit/intelligence/test_entity_linking.py::test_linking_is_deterministic PASSED [ 29%]
tests/unit/intelligence/test_entity_linking.py::test_a_canonical_symbol_must_be_uppercase PASSED [ 30%]
tests/unit/intelligence/test_event_categories.py::test_each_bounded_category_is_reachable[Company reports Q1 results with net profit up 18%-EARNINGS_RESULTS] PASSED [ 30%]
tests/unit/intelligence/test_event_categories.py::test_each_bounded_category_is_reachable[Company raises outlook for FY27-GUIDANCE] PASSED [ 30%]
tests/unit/intelligence/test_event_categories.py::test_each_bounded_category_is_reachable[HAL bags order worth Rs 5,000 crore-ORDER_WIN] PASSED [ 30%]
tests/unit/intelligence/test_event_categories.py::test_each_bounded_category_is_reachable[Firm acquires rival in all-cash deal-MERGER_ACQUISITION] PASSED [ 30%]
tests/unit/intelligence/test_event_categories.py::test_each_bounded_category_is_reachable[Board approves QIP to raise capital-CAPITAL_RAISING] PASSED [ 30%]
tests/unit/intelligence/test_event_categories.py::test_each_bounded_category_is_reachable[Board declares interim dividend-DIVIDEND] PASSED [ 30%]
tests/unit/intelligence/test_event_categories.py::test_each_bounded_category_is_reachable[Company announces bonus issue in 1:1 ratio-SPLIT_BONUS] PASSED [ 30%]
tests/unit/intelligence/test_event_categories.py::test_each_bounded_category_is_reachable[SEBI issues show cause notice to the company-REGULATORY_ACTION] PASSED [ 30%]
tests/unit/intelligence/test_event_categories.py::test_each_bounded_category_is_reachable[Company faces a lawsuit in the high court-LITIGATION] PASSED [ 30%]
tests/unit/intelligence/test_event_categories.py::test_each_bounded_category_is_reachable[Forensic audit finds accounting irregularities-FRAUD_GOVERNANCE] PASSED [ 30%]
tests/unit/intelligence/test_event_categories.py::test_each_bounded_category_is_reachable[Board appoints new chief executive-MANAGEMENT_CHANGE] PASSED [ 30%]
tests/unit/intelligence/test_event_categories.py::test_each_bounded_category_is_reachable[CRISIL revises credit rating outlook-RATING_ACTION] PASSED [ 30%]
tests/unit/intelligence/test_event_categories.py::test_each_bounded_category_is_reachable[Automaker launches a new electric model-PRODUCT_LAUNCH] PASSED [ 30%]
tests/unit/intelligence/test_event_categories.py::test_each_bounded_category_is_reachable[Fire at the plant halts production-OPERATIONAL_DISRUPTION] PASSED [ 30%]
tests/unit/intelligence/test_event_categories.py::test_each_bounded_category_is_reachable[Inflation eases as repo rate stays unchanged-MACROECONOMIC] PASSED [ 30%]
tests/unit/intelligence/test_event_categories.py::test_each_bounded_category_is_reachable[Banking sector sees improved asset quality-SECTOR_WIDE] PASSED [ 30%]
tests/unit/intelligence/test_event_categories.py::test_each_bounded_category_is_reachable[Markets drift sideways ahead of the weekend-GENERAL_COMMENTARY] PASSED [ 30%]
tests/unit/intelligence/test_event_categories.py::test_each_bounded_category_is_reachable[Update-UNKNOWN] PASSED [ 30%]
tests/unit/intelligence/test_event_categories.py::test_the_category_set_is_fixed_and_complete PASSED [ 30%]
tests/unit/intelligence/test_event_categories.py::test_consequence_outranks_wording_when_two_rules_could_fire PASSED [ 30%]
tests/unit/intelligence/test_event_categories.py::test_governance_outranks_every_other_rule PASSED [ 30%]
tests/unit/intelligence/test_event_categories.py::test_a_specific_category_names_the_phrase_that_selected_it PASSED [ 30%]
tests/unit/intelligence/test_event_categories.py::test_undecided_categories_carry_no_phrase PASSED [ 30%]
tests/unit/intelligence/test_event_categories.py::test_text_too_short_to_read_is_unknown_rather_than_commentary PASSED [ 30%]
tests/unit/intelligence/test_event_categories.py::test_a_phrase_inside_a_longer_word_does_not_match PASSED [ 30%]
tests/unit/intelligence/test_event_categories.py::test_classification_is_deterministic PASSED [ 30%]
tests/unit/intelligence/test_event_categories.py::test_classification_is_independent_of_case_and_punctuation PASSED [ 30%]
tests/unit/intelligence/test_gdelt_feed.py::test_only_the_documented_endpoint_and_parameters_are_requested PASSED [ 30%]
tests/unit/intelligence/test_gdelt_feed.py::test_the_user_agent_identifies_dhruva_rather_than_imitating_a_browser PASSED [ 30%]
tests/unit/intelligence/test_gdelt_feed.py::test_the_article_url_is_never_fetched PASSED [ 30%]
tests/unit/intelligence/test_gdelt_feed.py::test_a_documented_response_is_handed_to_the_mapper PASSED [ 30%]
tests/unit/intelligence/test_gdelt_feed.py::test_rate_limiting_is_its_own_outcome_and_is_not_retried PASSED [ 30%]
tests/unit/intelligence/test_gdelt_feed.py::test_an_absurd_retry_after_is_bounded PASSED [ 30%]
tests/unit/intelligence/test_gdelt_feed.py::test_a_refused_anonymous_request_is_an_authentication_failure[401] PASSED [ 30%]
tests/unit/intelligence/test_gdelt_feed.py::test_a_refused_anonymous_request_is_an_authentication_failure[403] PASSED [ 31%]
tests/unit/intelligence/test_gdelt_feed.py::test_a_server_error_is_retried_and_then_reported_unavailable PASSED [ 31%]
tests/unit/intelligence/test_gdelt_feed.py::test_a_transient_failure_that_recovers_returns_the_recovered_poll PASSED [ 31%]
tests/unit/intelligence/test_gdelt_feed.py::test_a_timeout_that_never_recovers_is_temporarily_unavailable PASSED [ 31%]
tests/unit/intelligence/test_gdelt_feed.py::test_a_transport_error_that_never_recovers_is_temporarily_unavailable PASSED [ 31%]
tests/unit/intelligence/test_gdelt_feed.py::test_a_rejected_documented_request_is_an_unsupported_schema PASSED [ 31%]
tests/unit/intelligence/test_gdelt_feed.py::test_an_empty_but_successful_poll_stays_distinct_from_an_outage PASSED [ 31%]
tests/unit/intelligence/test_gdelt_feed.py::test_a_failed_poll_carries_no_items_and_still_names_its_revision PASSED [ 31%]
tests/unit/intelligence/test_gdelt_feed.py::test_pacing_still_applies_when_a_batch_retries_after_a_5xx PASSED [ 31%]
tests/unit/intelligence/test_gdelt_feed.py::test_the_first_request_through_a_gate_never_waits PASSED [ 31%]
tests/unit/intelligence/test_gdelt_feed.py::test_a_request_inside_the_floor_waits_exactly_the_remaining_gap PASSED [ 31%]
tests/unit/intelligence/test_gdelt_feed.py::test_a_request_at_or_past_the_floor_does_not_wait PASSED [ 31%]
tests/unit/intelligence/test_gdelt_feed.py::test_a_zero_floor_is_the_documented_no_pacing_escape_hatch PASSED [ 31%]
tests/unit/intelligence/test_gdelt_feed.py::test_a_negative_computed_gap_never_produces_a_negative_wait PASSED [ 31%]
tests/unit/intelligence/test_gdelt_feed.py::test_four_batches_through_one_shared_gate_all_respect_the_floor PASSED [ 31%]
tests/unit/intelligence/test_gdelt_feed.py::test_a_bounded_settings_default_is_respected_end_to_end PASSED [ 31%]
tests/unit/intelligence/test_gdelt_mapper.py::test_a_documented_response_maps_to_usable_items PASSED [ 31%]
tests/unit/intelligence/test_gdelt_mapper.py::test_the_seendate_becomes_the_publication_time_and_is_never_after_retrieval PASSED [ 31%]
tests/unit/intelligence/test_gdelt_mapper.py::test_the_canonical_url_is_stored_not_the_tracked_one PASSED [ 31%]
tests/unit/intelligence/test_gdelt_mapper.py::test_only_the_headline_is_stored_and_no_body_is_ever_present PASSED [ 31%]
tests/unit/intelligence/test_gdelt_mapper.py::test_every_item_carries_the_gdelt_citation_and_link PASSED [ 31%]
tests/unit/intelligence/test_gdelt_mapper.py::test_the_originating_publisher_is_named_alongside_gdelt PASSED [ 31%]
tests/unit/intelligence/test_gdelt_mapper.py::test_a_row_without_a_domain_still_credits_gdelt PASSED [ 31%]
tests/unit/intelligence/test_gdelt_mapper.py::test_the_item_identity_is_derived_from_the_url_and_says_so PASSED [ 31%]
tests/unit/intelligence/test_gdelt_mapper.py::test_two_rows_for_one_canonical_url_are_mapped_once PASSED [ 31%]
tests/unit/intelligence/test_gdelt_mapper.py::test_an_empty_article_list_is_an_empty_result_not_a_failure PASSED [ 31%]
tests/unit/intelligence/test_gdelt_mapper.py::test_a_response_with_no_usable_rows_is_also_an_empty_result PASSED [ 31%]
tests/unit/intelligence/test_gdelt_mapper.py::test_bytes_that_are_not_json_are_a_malformed_payload PASSED [ 31%]
tests/unit/intelligence/test_gdelt_mapper.py::test_a_shape_the_mapper_does_not_document_is_refused PASSED [ 31%]
tests/unit/intelligence/test_gdelt_mapper.py::test_more_articles_than_the_documented_maximum_is_refused PASSED [ 31%]
tests/unit/intelligence/test_gdelt_mapper.py::test_a_feed_that_has_stopped_moving_is_stale_not_healthy PASSED [ 31%]
tests/unit/intelligence/test_gdelt_mapper.py::test_freshness_is_only_applied_when_the_caller_asks_for_it PASSED [ 31%]
tests/unit/intelligence/test_gdelt_mapper.py::test_an_article_seen_after_our_retrieval_instant_is_declined PASSED [ 31%]
tests/unit/intelligence/test_gdelt_mapper.py::test_a_result_that_is_not_healthy_never_carries_items PASSED [ 31%]
tests/unit/intelligence/test_gdelt_mapper.py::test_mapping_is_deterministic PASSED [ 32%]
tests/unit/intelligence/test_gdelt_mapper.py::test_every_result_names_the_mapper_revision_and_hashes_its_input PASSED [ 32%]
tests/unit/intelligence/test_gdelt_mapper.py::test_an_over_long_headline_is_truncated_rather_than_dropped PASSED [ 32%]
tests/unit/intelligence/test_gdelt_queries.py::test_one_phrase_is_quoted_on_its_own PASSED [ 32%]
tests/unit/intelligence/test_gdelt_queries.py::test_several_phrases_are_grouped_with_or PASSED [ 32%]
tests/unit/intelligence/test_gdelt_queries.py::test_phrase_order_is_preserved PASSED [ 32%]
tests/unit/intelligence/test_gdelt_queries.py::test_an_empty_batch_is_refused PASSED [ 32%]
tests/unit/intelligence/test_gdelt_queries.py::test_a_blank_phrase_is_refused PASSED [ 32%]
tests/unit/intelligence/test_gdelt_queries.py::test_a_phrase_carrying_query_operators_is_refused_not_escaped[Adani "Power"] PASSED [ 32%]
tests/unit/intelligence/test_gdelt_queries.py::test_a_phrase_carrying_query_operators_is_refused_not_escaped[Adani (Power)] PASSED [ 32%]
tests/unit/intelligence/test_gdelt_queries.py::test_a_phrase_carrying_query_operators_is_refused_not_escaped[Adani Power)] PASSED [ 32%]
tests/unit/intelligence/test_gdelt_queries.py::test_an_oversized_batch_is_refused PASSED [ 32%]
tests/unit/intelligence/test_gdelt_queries.py::test_a_batch_becomes_a_query_carrying_the_configured_bounds PASSED [ 32%]
tests/unit/intelligence/test_gdelt_queries.py::test_the_query_asks_only_for_documented_parameters PASSED [ 32%]
tests/unit/intelligence/test_gdelt_queries.py::test_a_plan_becomes_one_query_per_batch_in_order PASSED [ 32%]
tests/unit/intelligence/test_gdelt_queries.py::test_a_plan_with_no_batches_produces_no_queries PASSED [ 32%]
tests/unit/intelligence/test_lexical_sentiment.py::test_plain_headlines_get_the_obvious_label[Adani Ports Q1 net profit rises 18% to a record high-POSITIVE] PASSED [ 32%]
tests/unit/intelligence/test_lexical_sentiment.py::test_plain_headlines_get_the_obvious_label[HAL bags an order worth Rs 5,000 crore from the ministry-POSITIVE] PASSED [ 32%]
tests/unit/intelligence/test_lexical_sentiment.py::test_plain_headlines_get_the_obvious_label[Company board approves an interim dividend of Rs 4 per share-POSITIVE] PASSED [ 32%]
tests/unit/intelligence/test_lexical_sentiment.py::test_plain_headlines_get_the_obvious_label[SBI shares plunge as net profit falls 12%-NEGATIVE] PASSED [ 32%]
tests/unit/intelligence/test_lexical_sentiment.py::test_plain_headlines_get_the_obvious_label[Chief executive resigns with immediate effect-NEGATIVE] PASSED [ 32%]
tests/unit/intelligence/test_lexical_sentiment.py::test_plain_headlines_get_the_obvious_label[Nifty 50 ends flat in a quiet session-NEUTRAL] PASSED [ 32%]
tests/unit/intelligence/test_lexical_sentiment.py::test_plain_headlines_get_the_obvious_label[Board meeting scheduled for Tuesday-NEUTRAL] PASSED [ 32%]
tests/unit/intelligence/test_lexical_sentiment.py::test_a_governance_term_outranks_anything_positive_beside_it PASSED [ 32%]
tests/unit/intelligence/test_lexical_sentiment.py::test_an_earnings_beat_with_weak_guidance_is_mixed PASSED [ 32%]
tests/unit/intelligence/test_lexical_sentiment.py::test_a_contrast_clause_splits_a_headline_that_changes_its_mind PASSED [ 32%]
tests/unit/intelligence/test_lexical_sentiment.py::test_negation_inverts_a_term_and_halves_it PASSED [ 32%]
tests/unit/intelligence/test_lexical_sentiment.py::test_negation_can_lift_a_governance_term_off_a_headline PASSED [ 32%]
tests/unit/intelligence/test_lexical_sentiment.py::test_hedged_language_with_weak_polarity_is_uncertain PASSED [ 32%]
tests/unit/intelligence/test_lexical_sentiment.py::test_hedging_lowers_confidence_without_hiding_the_evidence PASSED [ 32%]
tests/unit/intelligence/test_lexical_sentiment.py::test_text_too_short_to_read_abstains[] PASSED [ 32%]
tests/unit/intelligence/test_lexical_sentiment.py::test_text_too_short_to_read_abstains[ok] PASSED [ 32%]
tests/unit/intelligence/test_lexical_sentiment.py::test_text_too_short_to_read_abstains[Q1 out] PASSED [ 32%]
tests/unit/intelligence/test_lexical_sentiment.py::test_a_readable_headline_with_no_polarity_words_is_neutral PASSED [ 32%]
tests/unit/intelligence/test_lexical_sentiment.py::test_a_macro_headline_is_read_from_its_words_like_any_other PASSED [ 32%]
tests/unit/intelligence/test_lexical_sentiment.py::test_score_and_confidence_stay_inside_their_bounds[Adani Ports Q1 net profit rises 18% to a record high] PASSED [ 33%]
tests/unit/intelligence/test_lexical_sentiment.py::test_score_and_confidence_stay_inside_their_bounds[SBI shares plunge as net profit falls 12%] PASSED [ 33%]
tests/unit/intelligence/test_lexical_sentiment.py::test_score_and_confidence_stay_inside_their_bounds[Profit beats estimates but the company cuts guidance for FY27] PASSED [ 33%]
tests/unit/intelligence/test_lexical_sentiment.py::test_score_and_confidence_stay_inside_their_bounds[Company may be considering a stake sale, sources say] PASSED [ 33%]
tests/unit/intelligence/test_lexical_sentiment.py::test_score_and_confidence_stay_inside_their_bounds[] PASSED [ 33%]
tests/unit/intelligence/test_lexical_sentiment.py::test_confidence_grows_with_the_weight_of_evidence PASSED [ 33%]
tests/unit/intelligence/test_lexical_sentiment.py::test_a_decided_label_never_carries_an_abstention_reason PASSED [ 33%]
tests/unit/intelligence/test_lexical_sentiment.py::test_every_result_carries_its_input_hash_and_ruleset_revision PASSED [ 33%]
tests/unit/intelligence/test_lexical_sentiment.py::test_the_input_hash_distinguishes_texts_that_normalise_alike PASSED [ 33%]
tests/unit/intelligence/test_lexical_sentiment.py::test_evaluation_is_deterministic PASSED [ 33%]
tests/unit/intelligence/test_lexical_sentiment.py::test_the_five_required_labels_are_all_reachable PASSED [ 33%]
tests/unit/intelligence/test_news_identity.py::test_canonical_url_reduces_a_link_to_its_document[https://WWW.Example.COM:443/a/b/?utm_source=x&b=2&a=1#frag-https://example.com/a/b?a=1&b=2] PASSED [ 33%]
tests/unit/intelligence/test_news_identity.py::test_canonical_url_reduces_a_link_to_its_document[http://example.com/a/b/-http://example.com/a/b] PASSED [ 33%]
tests/unit/intelligence/test_news_identity.py::test_canonical_url_reduces_a_link_to_its_document[https://example.com/a?ref=tw&fbclid=z-https://example.com/a] PASSED [ 33%]
tests/unit/intelligence/test_news_identity.py::test_canonical_url_reduces_a_link_to_its_document[https://example.com/a?id=7-https://example.com/a?id=7] PASSED [ 33%]
tests/unit/intelligence/test_news_identity.py::test_canonical_url_keeps_parameters_it_cannot_prove_are_tracking PASSED [ 33%]
tests/unit/intelligence/test_news_identity.py::test_canonical_url_refuses_anything_that_is_not_an_absolute_web_link[] PASSED [ 33%]
tests/unit/intelligence/test_news_identity.py::test_canonical_url_refuses_anything_that_is_not_an_absolute_web_link[ https://example.com] PASSED [ 33%]
tests/unit/intelligence/test_news_identity.py::test_canonical_url_refuses_anything_that_is_not_an_absolute_web_link[ftp://example.com/a] PASSED [ 33%]
tests/unit/intelligence/test_news_identity.py::test_canonical_url_refuses_anything_that_is_not_an_absolute_web_link[not-a-url] PASSED [ 33%]
tests/unit/intelligence/test_news_identity.py::test_normalisation_folds_case_punctuation_and_spacing_only PASSED [ 33%]
tests/unit/intelligence/test_news_identity.py::test_an_item_must_belong_to_the_source_that_delivered_it PASSED [ 33%]
tests/unit/intelligence/test_news_identity.py::test_an_item_cannot_be_observed_before_it_was_published PASSED [ 33%]
tests/unit/intelligence/test_news_identity.py::test_publication_and_first_seen_times_are_kept_separately PASSED [ 33%]
tests/unit/intelligence/test_news_identity.py::test_naive_timestamps_are_refused[published_at] PASSED [ 33%]
tests/unit/intelligence/test_news_identity.py::test_naive_timestamps_are_refused[first_seen_at] PASSED [ 33%]
tests/unit/intelligence/test_news_identity.py::test_permitted_text_cannot_hold_an_article_body PASSED [ 33%]
tests/unit/intelligence/test_news_identity.py::test_a_snippet_is_optional_but_a_title_is_not PASSED [ 33%]
tests/unit/intelligence/test_news_identity.py::test_an_identity_requires_an_already_canonical_link PASSED [ 33%]
tests/unit/intelligence/test_news_identity.py::test_fingerprints_are_deterministic_and_name_their_revision PASSED [ 33%]
tests/unit/intelligence/test_news_identity.py::test_a_headline_too_short_to_compare_declines_the_rewrite_key PASSED [ 33%]
tests/unit/intelligence/test_news_identity.py::test_the_same_provider_item_identifier_and_wording_is_a_retry PASSED [ 33%]
tests/unit/intelligence/test_news_identity.py::test_a_known_identifier_carrying_new_wording_is_a_correction PASSED [ 33%]
tests/unit/intelligence/test_news_identity.py::test_a_correction_is_not_then_caught_by_the_link_rule PASSED [ 33%]
tests/unit/intelligence/test_news_identity.py::test_a_second_provider_item_at_one_link_is_still_a_duplicate PASSED [ 33%]
tests/unit/intelligence/test_news_identity.py::test_the_content_hash_moves_only_when_the_stored_wording_moves PASSED [ 34%]
tests/unit/intelligence/test_news_identity.py::test_the_same_canonical_link_is_one_article_shared_twice PASSED [ 34%]
tests/unit/intelligence/test_news_identity.py::test_an_identical_headline_elsewhere_on_the_same_day_is_syndication PASSED [ 34%]
tests/unit/intelligence/test_news_identity.py::test_the_same_filing_from_the_same_official_source_is_a_repeat PASSED [ 34%]
tests/unit/intelligence/test_news_identity.py::test_the_same_words_reordered_on_the_same_day_is_a_rewrite PASSED [ 34%]
tests/unit/intelligence/test_news_identity.py::test_a_reworded_headline_is_not_collapsed_by_a_fuzzy_guess PASSED [ 34%]
tests/unit/intelligence/test_news_identity.py::test_a_different_number_is_a_different_event PASSED [ 34%]
tests/unit/intelligence/test_news_identity.py::test_the_same_headline_on_a_later_day_is_a_new_event PASSED [ 34%]
tests/unit/intelligence/test_news_identity.py::test_every_decision_explains_itself_and_names_its_revision PASSED [ 34%]
tests/unit/intelligence/test_news_identity.py::test_observing_an_item_twice_changes_nothing PASSED [ 34%]
tests/unit/intelligence/test_news_ingestion.py::test_one_poll_stores_the_item_its_analysis_and_its_links PASSED [ 34%]
tests/unit/intelligence/test_news_ingestion.py::test_repolling_the_same_items_adds_nothing PASSED [ 34%]
tests/unit/intelligence/test_news_ingestion.py::test_a_repoll_does_not_move_the_first_seen_timestamp PASSED [ 34%]
tests/unit/intelligence/test_news_ingestion.py::test_a_correction_appends_a_revision_and_leaves_the_original PASSED [ 34%]
tests/unit/intelligence/test_news_ingestion.py::test_duplicates_are_recorded_with_their_rule_and_not_re_analysed PASSED [ 34%]
tests/unit/intelligence/test_news_ingestion.py::test_deduplication_reaches_across_polls PASSED [ 34%]
tests/unit/intelligence/test_news_ingestion.py::test_the_fingerprint_window_is_bounded_by_the_earliest_item PASSED [ 34%]
tests/unit/intelligence/test_news_ingestion.py::test_an_unmapped_headline_is_stored_and_counted PASSED [ 34%]
tests/unit/intelligence/test_news_ingestion.py::test_the_snippet_is_read_alongside_the_headline PASSED [ 34%]
tests/unit/intelligence/test_news_ingestion.py::test_an_official_filing_repeated_by_its_own_source_is_a_repeat PASSED [ 34%]
tests/unit/intelligence/test_news_ingestion.py::test_an_empty_poll_is_refused_before_any_transaction PASSED [ 34%]
tests/unit/intelligence/test_news_ingestion.py::test_an_item_observed_after_the_analysis_is_refused PASSED [ 34%]
tests/unit/intelligence/test_news_ingestion.py::test_a_naive_analysis_time_is_refused PASSED [ 34%]
tests/unit/intelligence/test_news_ingestion.py::test_the_same_revision_twice_in_one_poll_is_refused PASSED [ 34%]
tests/unit/intelligence/test_news_ingestion.py::test_a_read_cannot_see_an_item_observed_after_its_cutoff PASSED [ 34%]
tests/unit/intelligence/test_news_ingestion.py::test_a_read_can_be_narrowed_to_one_canonical_symbol PASSED [ 34%]
tests/unit/intelligence/test_news_ingestion.py::test_the_stored_identity_revision_is_carried_through PASSED [ 34%]
tests/unit/intelligence/test_news_polling.py::test_one_healthy_feed_passes_its_items_to_ingestion PASSED [ 34%]
tests/unit/intelligence/test_news_polling.py::test_several_healthy_feeds_are_combined_and_ingested_once PASSED [ 34%]
tests/unit/intelligence/test_news_polling.py::test_a_syndicated_item_across_two_feeds_is_deduplicated_in_one_pass PASSED [ 34%]
tests/unit/intelligence/test_news_polling.py::test_an_empty_successful_feed_is_not_an_operational_failure PASSED [ 34%]
tests/unit/intelligence/test_news_polling.py::test_an_unhealthy_feed_is_reported_and_never_becomes_an_empty_success[TEMPORARILY_UNAVAILABLE-the feed timed out] PASSED [ 34%]
tests/unit/intelligence/test_news_polling.py::test_an_unhealthy_feed_is_reported_and_never_becomes_an_empty_success[RATE_LIMITED-the feed asked for a slower rate] PASSED [ 34%]
tests/unit/intelligence/test_news_polling.py::test_an_unhealthy_feed_is_reported_and_never_becomes_an_empty_success[AUTHENTICATION_FAILED-the feed refused the request] PASSED [ 34%]
tests/unit/intelligence/test_news_polling.py::test_an_unhealthy_feed_is_reported_and_never_becomes_an_empty_success[MALFORMED_PAYLOAD-the feed returned unparseable bytes] PASSED [ 35%]
tests/unit/intelligence/test_news_polling.py::test_an_unhealthy_feed_is_reported_and_never_becomes_an_empty_success[STALE-the feed has stopped moving] PASSED [ 35%]
tests/unit/intelligence/test_news_polling.py::test_an_unhealthy_feed_is_reported_and_never_becomes_an_empty_success[UNSUPPORTED_SCHEMA-the feed changed shape] PASSED [ 35%]
tests/unit/intelligence/test_news_polling.py::test_one_failing_feed_does_not_lose_another_feed_s_items PASSED [ 35%]
tests/unit/intelligence/test_news_polling.py::test_a_non_healthy_result_contributes_no_items_even_if_it_carried_some PASSED [ 35%]
tests/unit/intelligence/test_news_polling.py::test_feed_order_does_not_change_what_is_ingested PASSED [ 35%]
tests/unit/intelligence/test_news_polling.py::test_no_feeds_at_all_opens_no_transaction PASSED [ 35%]
tests/unit/intelligence/test_news_polling.py::test_polling_never_reads_the_archive_back PASSED [ 35%]
tests/unit/intelligence/test_news_polling.py::test_a_rate_limited_batch_stops_every_later_request PASSED [ 35%]
tests/unit/intelligence/test_news_polling.py::test_items_from_before_a_rate_limit_are_still_ingested PASSED [ 35%]
tests/unit/intelligence/test_news_polling.py::test_a_skipped_batch_is_never_reported_as_an_empty_success PASSED [ 35%]
tests/unit/intelligence/test_news_polling.py::test_the_rate_limited_batch_is_identified_by_position PASSED [ 35%]
tests/unit/intelligence/test_news_polling.py::test_only_rate_limiting_stops_the_pass[TEMPORARILY_UNAVAILABLE] PASSED [ 35%]
tests/unit/intelligence/test_news_polling.py::test_only_rate_limiting_stops_the_pass[MALFORMED_PAYLOAD] PASSED [ 35%]
tests/unit/intelligence/test_news_polling.py::test_only_rate_limiting_stops_the_pass[UNSUPPORTED_SCHEMA] PASSED [ 35%]
tests/unit/intelligence/test_news_polling.py::test_only_rate_limiting_stops_the_pass[STALE] PASSED [ 35%]
tests/unit/intelligence/test_news_polling.py::test_only_rate_limiting_stops_the_pass[AUTHENTICATION_FAILED] PASSED [ 35%]
tests/unit/intelligence/test_news_polling.py::test_an_empty_successful_batch_does_not_stop_the_pass PASSED [ 35%]
tests/unit/intelligence/test_news_polling.py::test_every_batch_is_accounted_for_whatever_happened PASSED [ 35%]
tests/unit/intelligence/test_news_polling.py::test_the_result_carries_the_analysis_counts_ingestion_produced PASSED [ 35%]
tests/unit/intelligence/test_news_polling.py::test_an_unmatched_headline_is_counted_as_unresolved PASSED [ 35%]
tests/unit/intelligence/test_news_polling.py::test_a_cutoff_captured_before_fetching_does_not_refuse_freshly_retrieved_items PASSED [ 35%]
tests/unit/intelligence/test_news_polling.py::test_the_persisted_first_seen_at_is_not_backdated_to_the_floor PASSED [ 35%]
tests/unit/intelligence/test_news_polling.py::test_multi_batch_polling_derives_the_cutoff_from_the_latest_batch_deterministically PASSED [ 35%]
tests/unit/intelligence/test_news_polling.py::test_a_floor_already_at_or_after_every_item_is_used_unchanged PASSED [ 35%]
tests/unit/intelligence/test_news_polling.py::test_no_item_is_dropped_to_satisfy_the_point_in_time_invariant PASSED [ 35%]
tests/unit/intelligence/test_news_polling.py::test_historical_reads_still_refuse_an_item_observed_after_their_cutoff PASSED [ 35%]
tests/unit/intelligence/test_news_presentation.py::test_every_rendered_item_carries_its_source_and_a_link_back PASSED [ 35%]
tests/unit/intelligence/test_news_presentation.py::test_the_publisher_link_is_kept_so_a_reader_can_follow_it PASSED [ 35%]
tests/unit/intelligence/test_news_presentation.py::test_an_item_cannot_exist_without_somewhere_to_attribute_it PASSED [ 35%]
tests/unit/intelligence/test_news_presentation.py::test_both_timestamps_are_shown_and_labelled_with_whose_they_are PASSED [ 35%]
tests/unit/intelligence/test_news_presentation.py::test_the_revision_is_shown_so_two_versions_can_be_told_apart PASSED [ 35%]
tests/unit/intelligence/test_news_presentation.py::test_a_duplicate_says_which_item_it_repeats PASSED [ 35%]
tests/unit/intelligence/test_news_presentation.py::test_the_deterministic_verdicts_are_shown PASSED [ 35%]
tests/unit/intelligence/test_news_presentation.py::test_a_revision_with_no_analysis_says_so_rather_than_looking_neutral PASSED [ 35%]
tests/unit/intelligence/test_news_presentation.py::test_an_empty_result_is_stated_rather_than_rendered_as_a_blank PASSED [ 36%]
tests/unit/intelligence/test_news_presentation.py::test_the_nse_notice_names_the_decision_it_comes_from PASSED [ 36%]
tests/unit/intelligence/test_news_presentation.py::test_the_plan_shows_what_will_be_asked_for PASSED [ 36%]
tests/unit/intelligence/test_news_presentation.py::test_the_plan_shows_refusals_and_gaps_rather_than_hiding_them PASSED [ 36%]
tests/unit/intelligence/test_news_presentation.py::test_a_skipped_batch_is_rendered_as_never_issued PASSED [ 36%]
tests/unit/intelligence/test_news_presentation.py::test_a_rate_limited_batch_shows_the_transport_detail_it_has PASSED [ 36%]
tests/unit/intelligence/test_news_presentation.py::test_the_counts_are_the_ones_ingestion_actually_produced PASSED [ 36%]
tests/unit/intelligence/test_news_presentation.py::test_a_correction_is_explained_as_a_new_revision_not_an_update PASSED [ 36%]
tests/unit/intelligence/test_news_presentation.py::test_sentiment_that_abstained_says_why_rather_than_printing_a_score PASSED [ 36%]
tests/unit/intelligence/test_news_presentation.py::test_an_ambiguous_match_is_marked_rather_than_shown_as_confident PASSED [ 36%]
tests/unit/intelligence/test_news_presentation.py::test_several_items_are_separated_so_they_can_be_read_apart PASSED [ 36%]
tests/unit/intelligence/test_news_search.py::test_the_company_name_is_the_first_phrase_for_every_instrument PASSED [ 36%]
tests/unit/intelligence/test_news_search.py::test_a_corporate_suffix_is_dropped_when_a_usable_name_survives PASSED [ 36%]
tests/unit/intelligence/test_news_search.py::test_a_suffix_is_kept_when_dropping_it_would_leave_one_word PASSED [ 36%]
tests/unit/intelligence/test_news_search.py::test_a_bare_exchange_symbol_is_never_queried PASSED [ 36%]
tests/unit/intelligence/test_news_search.py::test_a_short_all_capitals_alias_is_refused_as_ambiguous PASSED [ 36%]
tests/unit/intelligence/test_news_search.py::test_a_mixed_case_brand_matching_the_symbol_is_still_queried PASSED [ 36%]
tests/unit/intelligence/test_news_search.py::test_an_all_capitals_multi_word_alias_is_kept PASSED [ 36%]
tests/unit/intelligence/test_news_search.py::test_a_phrase_carrying_query_syntax_is_refused_rather_than_escaped PASSED [ 36%]
tests/unit/intelligence/test_news_search.py::test_only_two_phrases_are_kept_for_one_instrument PASSED [ 36%]
tests/unit/intelligence/test_news_search.py::test_a_longer_alias_is_preferred_because_it_is_a_narrower_search PASSED [ 36%]
tests/unit/intelligence/test_news_search.py::test_a_duplicate_phrase_is_queried_once_and_the_repeat_is_reported PASSED [ 36%]
tests/unit/intelligence/test_news_search.py::test_a_former_name_inside_its_grace_period_is_queried PASSED [ 36%]
tests/unit/intelligence/test_news_search.py::test_an_expired_former_name_is_refused_and_still_reported PASSED [ 36%]
tests/unit/intelligence/test_news_search.py::test_an_instrument_with_no_safe_phrase_is_reported_as_unqueryable PASSED [ 36%]
tests/unit/intelligence/test_news_search.py::test_a_queryable_instrument_is_not_reported_as_unqueryable PASSED [ 36%]
tests/unit/intelligence/test_news_search.py::test_the_plan_is_identical_whatever_order_the_watchlist_arrives_in PASSED [ 36%]
tests/unit/intelligence/test_news_search.py::test_repeating_the_plan_produces_the_same_requests PASSED [ 36%]
tests/unit/intelligence/test_news_search.py::test_batches_are_filled_in_order_and_numbered_from_one PASSED [ 36%]
tests/unit/intelligence/test_news_search.py::test_the_final_batch_carries_the_remainder PASSED [ 36%]
tests/unit/intelligence/test_news_search.py::test_no_phrase_is_lost_or_repeated_across_batches PASSED [ 36%]
tests/unit/intelligence/test_news_search.py::test_an_impossible_batch_size_is_refused[0] PASSED [ 36%]
tests/unit/intelligence/test_news_search.py::test_an_impossible_batch_size_is_refused[-1] PASSED [ 36%]
tests/unit/intelligence/test_news_search.py::test_an_impossible_batch_size_is_refused[26] PASSED [ 36%]
tests/unit/intelligence/test_news_search.py::test_an_impossible_batch_size_is_refused[1000] PASSED [ 36%]
tests/unit/intelligence/test_news_search.py::test_the_permitted_batch_sizes_are_accepted[1] PASSED [ 37%]
tests/unit/intelligence/test_news_search.py::test_the_permitted_batch_sizes_are_accepted[8] PASSED [ 37%]
tests/unit/intelligence/test_news_search.py::test_the_permitted_batch_sizes_are_accepted[25] PASSED [ 37%]
tests/unit/intelligence/test_news_search.py::test_the_whole_approved_watchlist_is_queryable PASSED [ 37%]
tests/unit/intelligence/test_news_search.py::test_no_planned_phrase_is_a_bare_symbol_from_the_approved_watchlist PASSED [ 37%]
tests/unit/intelligence/test_news_search.py::test_the_plan_records_the_ruleset_that_built_it PASSED [ 37%]
tests/unit/intelligence/test_news_search.py::test_a_phrase_refuses_to_be_constructed_from_a_symbol_match_kind PASSED [ 37%]
tests/unit/intelligence/test_news_search.py::test_an_empty_watchlist_plans_nothing_rather_than_failing PASSED [ 37%]
tests/unit/intelligence/test_news_universe.py::test_the_identity_a_headline_is_matched_against_is_the_stable_one PASSED [ 37%]
tests/unit/intelligence/test_news_universe.py::test_aliases_survive_the_projection_unchanged PASSED [ 37%]
tests/unit/intelligence/test_news_universe.py::test_a_former_name_ends_when_the_identity_that_replaced_it_began PASSED [ 37%]
tests/unit/intelligence/test_news_universe.py::test_an_instrument_with_no_history_projects_empty_collections PASSED [ 37%]
tests/unit/intelligence/test_news_universe.py::test_the_projection_is_ordered_by_canonical_symbol PASSED [ 37%]
tests/unit/intelligence/test_news_universe.py::test_the_instrument_knows_when_its_identity_started PASSED [ 37%]
tests/unit/intelligence/test_news_universe.py::test_an_empty_watchlist_projects_an_empty_universe PASSED [ 37%]
tests/unit/intelligence/test_packet_comparison.py::test_a_genuine_packet_round_trips_through_the_reader PASSED [ 37%]
tests/unit/intelligence/test_packet_comparison.py::test_the_reader_refuses_invalid_utf8 PASSED [ 37%]
tests/unit/intelligence/test_packet_comparison.py::test_the_reader_refuses_invalid_json PASSED [ 37%]
tests/unit/intelligence/test_packet_comparison.py::test_the_reader_refuses_a_json_array_at_the_top_level PASSED [ 37%]
tests/unit/intelligence/test_packet_comparison.py::test_the_reader_refuses_a_missing_envelope_or_body PASSED [ 37%]
tests/unit/intelligence/test_packet_comparison.py::test_the_reader_refuses_the_wrong_schema_version PASSED [ 37%]
tests/unit/intelligence/test_packet_comparison.py::test_the_reader_refuses_a_body_sha_mismatch PASSED [ 37%]
tests/unit/intelligence/test_packet_comparison.py::test_the_reader_refuses_a_missing_required_body_field[account_id] PASSED [ 37%]
tests/unit/intelligence/test_packet_comparison.py::test_the_reader_refuses_a_missing_required_body_field[as_of] PASSED [ 37%]
tests/unit/intelligence/test_packet_comparison.py::test_the_reader_refuses_a_missing_required_body_field[top_n] PASSED [ 37%]
tests/unit/intelligence/test_packet_comparison.py::test_the_reader_refuses_a_missing_required_body_field[total_ranked] PASSED [ 37%]
tests/unit/intelligence/test_packet_comparison.py::test_the_reader_refuses_a_missing_required_body_field[watchlist_summary] PASSED [ 37%]
tests/unit/intelligence/test_packet_comparison.py::test_the_reader_refuses_a_missing_required_body_field[attention] PASSED [ 37%]
tests/unit/intelligence/test_packet_comparison.py::test_the_reader_refuses_a_missing_attention_revision PASSED [ 37%]
tests/unit/intelligence/test_packet_comparison.py::test_the_reader_refuses_a_duplicate_instrument_in_the_attention_array PASSED [ 37%]
tests/unit/intelligence/test_packet_comparison.py::test_the_reader_refuses_a_news_entry_without_a_provider_item_id PASSED [ 37%]
tests/unit/intelligence/test_packet_comparison.py::test_different_accounts_are_refused PASSED [ 37%]
tests/unit/intelligence/test_packet_comparison.py::test_to_earlier_than_from_is_refused PASSED [ 37%]
tests/unit/intelligence/test_packet_comparison.py::test_equal_as_of_is_accepted PASSED [ 37%]
tests/unit/intelligence/test_packet_comparison.py::test_a_later_to_is_accepted PASSED [ 38%]
tests/unit/intelligence/test_packet_comparison.py::test_identical_packets_produce_no_changes PASSED [ 38%]
tests/unit/intelligence/test_packet_comparison.py::test_a_score_increase_is_detected PASSED [ 38%]
tests/unit/intelligence/test_packet_comparison.py::test_a_score_decrease_is_detected PASSED [ 38%]
tests/unit/intelligence/test_packet_comparison.py::test_a_band_change_is_detected PASSED [ 38%]
tests/unit/intelligence/test_packet_comparison.py::test_reasons_changed_lists_only_the_new_reasons PASSED [ 38%]
tests/unit/intelligence/test_packet_comparison.py::test_market_changed_is_detected_when_the_stored_close_differs PASSED [ 38%]
tests/unit/intelligence/test_packet_comparison.py::test_market_availability_changing_is_detected PASSED [ 38%]
tests/unit/intelligence/test_packet_comparison.py::test_the_same_market_facts_at_a_later_cutoff_is_not_reported_as_changed PASSED [ 38%]
tests/unit/intelligence/test_packet_comparison.py::test_news_added_is_detected_and_carries_the_new_item PASSED [ 38%]
tests/unit/intelligence/test_packet_comparison.py::test_news_removed_is_detected_and_carries_the_removed_item PASSED [ 38%]
tests/unit/intelligence/test_packet_comparison.py::test_entering_attention_via_news_alone_does_not_claim_news_added PASSED [ 38%]
tests/unit/intelligence/test_packet_comparison.py::test_entering_a_truncated_selection_with_news_does_not_claim_news_added PASSED [ 38%]
tests/unit/intelligence/test_packet_comparison.py::test_exiting_attention_with_news_present_does_not_claim_news_removed PASSED [ 38%]
tests/unit/intelligence/test_packet_comparison.py::test_entering_a_complete_packets_selection_is_a_true_attention_entry PASSED [ 38%]
tests/unit/intelligence/test_packet_comparison.py::test_leaving_a_complete_packets_selection_is_a_true_attention_exit PASSED [ 38%]
tests/unit/intelligence/test_packet_comparison.py::test_entering_a_truncated_packets_selection_is_only_a_selection_entry PASSED [ 38%]
tests/unit/intelligence/test_packet_comparison.py::test_leaving_a_truncated_packets_selection_is_only_a_selection_exit PASSED [ 38%]
tests/unit/intelligence/test_packet_comparison.py::test_changes_are_ordered_alphabetically_by_canonical_symbol PASSED [ 38%]
tests/unit/intelligence/test_packet_comparison.py::test_repeated_comparison_is_byte_for_byte_deterministic PASSED [ 38%]
tests/unit/intelligence/test_packet_comparison.py::test_the_disclaimer_is_reused PASSED [ 38%]
tests/unit/intelligence/test_packet_comparison.py::test_dhruvas_own_wording_contains_no_advice_language PASSED [ 38%]
tests/unit/intelligence/test_packet_comparison.py::test_no_article_body_appears_in_a_rendered_comparison PASSED [ 38%]
tests/unit/intelligence/test_packet_comparison.py::test_the_comparison_export_has_its_own_schema_version PASSED [ 38%]
tests/unit/intelligence/test_packet_comparison.py::test_the_comparison_export_body_is_deterministic_and_generated_at_is_not PASSED [ 38%]
tests/unit/intelligence/test_packet_comparison.py::test_the_comparison_export_fingerprint_is_recomputable PASSED [ 38%]
tests/unit/intelligence/test_packet_comparison.py::test_the_comparison_export_contains_no_credential_shaped_keys PASSED [ 38%]
tests/unit/intelligence/test_research_observations.py::test_freeze_persists_the_exact_cutoff_ranking_and_provenance PASSED [ 38%]
tests/unit/intelligence/test_research_observations.py::test_identical_freeze_is_idempotent_and_recording_time_is_not_identity PASSED [ 38%]
tests/unit/intelligence/test_research_observations.py::test_changed_same_cutoff_state_appends_a_superseding_fact PASSED [ 38%]
tests/unit/intelligence/test_research_observations.py::test_observation_and_members_are_immutable_after_construction PASSED [ 38%]
tests/unit/intelligence/test_research_observations.py::test_a_ranking_from_after_the_cutoff_is_refused_before_persistence PASSED [ 38%]
tests/unit/intelligence/test_research_observations.py::test_history_is_account_scoped_and_bounded PASSED [ 38%]
tests/unit/intelligence/test_research_observations.py::test_degraded_state_requires_and_preserves_an_honest_reason PASSED [ 38%]
tests/unit/intelligence/test_research_packet.py::test_two_packets_of_one_cutoff_have_identical_bodies PASSED [ 38%]
tests/unit/intelligence/test_research_packet.py::test_only_the_envelope_carries_the_moment_of_writing PASSED [ 39%]
tests/unit/intelligence/test_research_packet.py::test_generated_at_equal_to_known_at_makes_the_whole_packet_byte_identical PASSED [ 39%]
tests/unit/intelligence/test_research_packet.py::test_generated_at_equal_to_known_at_matches_the_bodys_own_as_of PASSED [ 39%]
tests/unit/intelligence/test_research_packet.py::test_two_different_cutoffs_produce_two_different_deterministic_generated_at_values PASSED [ 39%]
tests/unit/intelligence/test_research_packet.py::test_serialisation_is_stable_under_json_sorted_keys PASSED [ 39%]
tests/unit/intelligence/test_research_packet.py::test_a_different_top_n_produces_a_different_body_fingerprint PASSED [ 39%]
tests/unit/intelligence/test_research_packet.py::test_the_schema_version_appears_in_both_envelope_and_body PASSED [ 39%]
tests/unit/intelligence/test_research_packet.py::test_the_cutoff_and_account_are_recorded PASSED [ 39%]
tests/unit/intelligence/test_research_packet.py::test_the_attention_revision_is_recorded_alongside_every_other_ruleset PASSED [ 39%]
tests/unit/intelligence/test_research_packet.py::test_the_top_n_and_total_ranked_are_recorded PASSED [ 39%]
tests/unit/intelligence/test_research_packet.py::test_the_envelope_carries_the_notice_and_the_attention_disclaimer PASSED [ 39%]
tests/unit/intelligence/test_research_packet.py::test_the_watchlist_summary_counts_the_whole_universe_not_just_top_n PASSED [ 39%]
tests/unit/intelligence/test_research_packet.py::test_score_zero_instruments_are_excluded_from_attention_but_counted_in_summary PASSED [ 39%]
tests/unit/intelligence/test_research_packet.py::test_attention_entries_preserve_rank_watchlists_own_order PASSED [ 39%]
tests/unit/intelligence/test_research_packet.py::test_an_empty_packet_states_no_instrument_was_noteworthy PASSED [ 39%]
tests/unit/intelligence/test_research_packet.py::test_included_instruments_carry_score_band_and_reasons PASSED [ 39%]
tests/unit/intelligence/test_research_packet.py::test_included_instruments_carry_market_context_in_the_full_export_shape PASSED [ 39%]
tests/unit/intelligence/test_research_packet.py::test_included_instruments_carry_news_with_source_attribution PASSED [ 39%]
tests/unit/intelligence/test_research_packet.py::test_market_context_unavailable_is_explicit_not_fabricated_as_zero PASSED [ 39%]
tests/unit/intelligence/test_research_packet.py::test_market_context_no_data_is_explicit PASSED [ 39%]
tests/unit/intelligence/test_research_packet.py::test_the_packet_contains_no_article_body_or_raw_payload PASSED [ 39%]
tests/unit/intelligence/test_research_packet.py::test_the_packet_contains_no_credential_shaped_keys PASSED [ 39%]
tests/unit/intelligence/test_research_packet.py::test_the_packet_contains_no_machine_local_path PASSED [ 39%]
tests/unit/intelligence/test_research_packet.py::test_dhruvas_own_wording_contains_no_advice_language PASSED [ 39%]
tests/unit/intelligence/test_research_packet.py::test_an_empty_watchlist_produces_a_valid_packet PASSED [ 39%]
tests/unit/intelligence/test_watchlist_digest.py::test_an_item_reaches_the_instrument_its_stored_analysis_linked PASSED [ 39%]
tests/unit/intelligence/test_watchlist_digest.py::test_every_watchlist_instrument_gets_a_section_even_when_silent PASSED [ 39%]
tests/unit/intelligence/test_watchlist_digest.py::test_a_revision_with_no_analysis_contributes_to_nothing PASSED [ 39%]
tests/unit/intelligence/test_watchlist_digest.py::test_an_item_matching_nothing_appears_in_no_section PASSED [ 39%]
tests/unit/intelligence/test_watchlist_digest.py::test_one_item_naming_two_instruments_appears_under_both PASSED [ 39%]
tests/unit/intelligence/test_watchlist_digest.py::test_the_stored_verdicts_are_reported_unchanged PASSED [ 39%]
tests/unit/intelligence/test_watchlist_digest.py::test_sections_are_ordered_by_the_most_significant_event_stored PASSED [ 39%]
tests/unit/intelligence/test_watchlist_digest.py::test_quiet_instruments_sort_last PASSED [ 39%]
tests/unit/intelligence/test_watchlist_digest.py::test_instruments_with_nothing_are_alphabetical_among_themselves PASSED [ 39%]
tests/unit/intelligence/test_watchlist_digest.py::test_entries_within_an_instrument_are_ordered_by_precedence_then_recency PASSED [ 39%]
tests/unit/intelligence/test_watchlist_digest.py::test_two_items_of_one_category_are_ordered_newest_first PASSED [ 40%]
tests/unit/intelligence/test_watchlist_digest.py::test_the_digest_is_identical_whatever_order_the_items_arrive_in PASSED [ 40%]
tests/unit/intelligence/test_watchlist_digest.py::test_a_section_is_bounded_and_says_how_much_it_withheld PASSED [ 40%]
tests/unit/intelligence/test_watchlist_digest.py::test_a_section_within_its_bound_withholds_nothing PASSED [ 40%]
tests/unit/intelligence/test_watchlist_digest.py::test_the_bound_is_configurable_and_still_reports_the_remainder PASSED [ 40%]
tests/unit/intelligence/test_watchlist_digest.py::test_a_digest_showing_nothing_is_refused[0] PASSED [ 40%]
tests/unit/intelligence/test_watchlist_digest.py::test_a_digest_showing_nothing_is_refused[-1] PASSED [ 40%]
tests/unit/intelligence/test_watchlist_digest.py::test_sentiment_is_tallied_rather_than_averaged PASSED [ 40%]
tests/unit/intelligence/test_watchlist_digest.py::test_categories_are_listed_most_significant_first PASSED [ 40%]
tests/unit/intelligence/test_watchlist_digest.py::test_commentary_is_not_counted_as_a_finding PASSED [ 40%]
tests/unit/intelligence/test_watchlist_digest.py::test_an_ambiguous_link_is_kept_and_marked PASSED [ 40%]
tests/unit/intelligence/test_watchlist_digest.py::test_the_digest_records_the_policy_that_built_it PASSED [ 40%]
tests/unit/intelligence/test_watchlist_digest.py::test_the_window_and_cutoff_are_carried_through_unchanged PASSED [ 40%]
tests/unit/intelligence/test_watchlist_digest.py::test_an_empty_watchlist_produces_an_empty_digest_rather_than_failing PASSED [ 40%]
tests/unit/marketdata/test_continuous_futures.py::test_liquidity_crossover_rolls_on_the_session_after_it_is_observed PASSED [ 40%]
tests/unit/marketdata/test_continuous_futures.py::test_one_side_of_liquidity_crossing_alone_is_not_a_roll PASSED [ 40%]
tests/unit/marketdata/test_continuous_futures.py::test_without_a_crossover_the_expiry_buffer_forces_the_roll PASSED [ 40%]
tests/unit/marketdata/test_continuous_futures.py::test_the_buffer_is_counted_in_sessions_not_calendar_days PASSED [ 40%]
tests/unit/marketdata/test_continuous_futures.py::test_a_front_contract_that_stops_printing_rolls_when_the_next_one_starts PASSED [ 40%]
tests/unit/marketdata/test_continuous_futures.py::test_three_contracts_produce_two_recorded_rolls PASSED [ 40%]
tests/unit/marketdata/test_continuous_futures.py::test_a_roll_reason_is_never_inherited_by_a_contract_it_was_not_about PASSED [ 40%]
tests/unit/marketdata/test_continuous_futures.py::test_a_single_contract_produces_a_series_with_no_rolls PASSED [ 40%]
tests/unit/marketdata/test_continuous_futures.py::test_unsettled_sessions_never_decide_a_roll_or_enter_the_series PASSED [ 40%]
tests/unit/marketdata/test_continuous_futures.py::test_every_roll_is_decided_strictly_before_it_takes_effect PASSED [ 40%]
tests/unit/marketdata/test_continuous_futures.py::test_every_bar_names_the_actual_contract_that_produced_it PASSED [ 40%]
tests/unit/marketdata/test_continuous_futures.py::test_the_roll_records_the_evidence_and_the_visible_price_gap PASSED [ 40%]
tests/unit/marketdata/test_continuous_futures.py::test_the_policy_revision_is_recorded_on_the_series_and_on_every_roll PASSED [ 40%]
tests/unit/marketdata/test_continuous_futures.py::test_a_different_policy_produces_a_differently_versioned_series PASSED [ 40%]
tests/unit/marketdata/test_continuous_futures.py::test_no_persistable_instrument_kind_represents_a_continuous_series PASSED [ 40%]
tests/unit/marketdata/test_continuous_futures.py::test_a_continuous_series_carries_no_instrument_identity_of_its_own PASSED [ 40%]
tests/unit/marketdata/test_continuous_futures.py::test_execution_always_resolves_to_an_actual_contract PASSED [ 40%]
tests/unit/marketdata/test_continuous_futures.py::test_execution_uses_the_then_effective_lot_size_across_a_roll PASSED [ 40%]
tests/unit/marketdata/test_continuous_futures.py::test_execution_on_a_session_the_series_does_not_have_is_refused PASSED [ 40%]
tests/unit/marketdata/test_continuous_futures.py::test_the_source_contract_may_change_only_on_a_recorded_roll_date PASSED [ 40%]
tests/unit/marketdata/test_continuous_futures.py::test_a_series_without_contracts_is_refused PASSED [ 40%]
tests/unit/marketdata/test_continuous_futures.py::test_a_series_without_a_session_calendar_is_refused PASSED [ 41%]
tests/unit/marketdata/test_continuous_futures.py::test_an_unsorted_session_calendar_is_refused PASSED [ 41%]
tests/unit/marketdata/test_continuous_futures.py::test_two_contracts_sharing_one_expiry_are_refused PASSED [ 41%]
tests/unit/marketdata/test_continuous_futures.py::test_a_contract_without_history_is_refused PASSED [ 41%]
tests/unit/marketdata/test_continuous_futures.py::test_a_range_with_no_settled_session_is_refused PASSED [ 41%]
tests/unit/marketdata/test_continuous_futures.py::test_a_roll_cannot_move_backwards_in_expiry PASSED [ 41%]
tests/unit/marketdata/test_continuous_futures.py::test_a_bar_cannot_be_attributed_to_an_expired_contract PASSED [ 41%]
tests/unit/marketdata/test_continuous_futures_application.py::test_the_series_is_stitched_from_the_persisted_actual_contracts PASSED [ 41%]
tests/unit/marketdata/test_continuous_futures_application.py::test_the_read_is_point_in_time_and_tolerates_unsettled_edges PASSED [ 41%]
tests/unit/marketdata/test_continuous_futures_application.py::test_the_benchmark_supplies_the_calendar_and_never_a_bar PASSED [ 41%]
tests/unit/marketdata/test_continuous_futures_application.py::test_only_settled_benchmark_sessions_form_the_calendar PASSED [ 41%]
tests/unit/marketdata/test_continuous_futures_application.py::test_a_contract_with_no_history_is_dropped_rather_than_fatal PASSED [ 41%]
tests/unit/marketdata/test_continuous_futures_application.py::test_a_missing_benchmark_refuses_the_whole_series PASSED [ 41%]
tests/unit/marketdata/test_continuous_futures_application.py::test_no_contract_with_history_refuses_the_series PASSED [ 41%]
tests/unit/marketdata/test_continuous_futures_application.py::test_a_query_without_contracts_is_refused PASSED [ 41%]
tests/unit/marketdata/test_continuous_futures_application.py::test_a_reversed_date_range_is_refused PASSED [ 41%]
tests/unit/marketdata/test_continuous_futures_application.py::test_a_naive_knowledge_time_is_refused PASSED [ 41%]
tests/unit/marketdata/test_continuous_futures_application.py::test_a_repeated_contract_in_one_query_is_refused PASSED [ 41%]
tests/unit/marketdata/test_continuous_futures_application.py::test_the_benchmark_cannot_also_be_one_of_the_contracts PASSED [ 41%]
tests/unit/marketdata/test_continuous_futures_application.py::test_reference_contracts_translate_into_roll_terms PASSED [ 41%]
tests/unit/marketdata/test_daily_bars.py::test_invalid_ohlcv_is_refused PASSED [ 41%]
tests/unit/marketdata/test_daily_bars.py::test_duplicate_or_unsorted_dates_are_refused PASSED [ 41%]
tests/unit/marketdata/test_daily_bars.py::test_cash_history_cannot_request_continuous_or_open_interest PASSED [ 41%]
tests/unit/marketdata/test_daily_bars.py::test_digest_and_requested_range_are_enforced PASSED [ 41%]
tests/unit/marketdata/test_daily_bars.py::test_adjusted_and_unknown_bars_cannot_form_one_series PASSED [ 41%]
tests/unit/marketdata/test_daily_history_application.py::test_synchronized_history_commits_complete_and_incomplete_bars PASSED [ 41%]
tests/unit/marketdata/test_daily_history_application.py::test_missing_benchmark_session_refuses_every_write PASSED [ 41%]
tests/unit/marketdata/test_daily_history_application.py::test_missing_required_session_is_stale_not_an_empty_success PASSED [ 41%]
tests/unit/marketdata/test_daily_history_application.py::test_a_batch_answering_a_different_request_is_refused PASSED [ 41%]
tests/unit/marketdata/test_daily_history_application.py::test_a_refresh_that_mixes_providers_is_refused PASSED [ 41%]
tests/unit/marketdata/test_daily_history_application.py::test_possible_corporate_action_discontinuity_requires_reconciliation PASSED [ 41%]
tests/unit/marketdata/test_futures_history_application.py::test_actual_contracts_are_persisted_with_open_interest_and_lifecycle_counts PASSED [ 41%]
tests/unit/marketdata/test_futures_history_application.py::test_the_benchmark_is_read_but_never_written_as_futures_history PASSED [ 41%]
tests/unit/marketdata/test_futures_history_application.py::test_no_continuous_series_is_ever_requested_from_the_provider PASSED [ 41%]
tests/unit/marketdata/test_futures_history_application.py::test_incomplete_sessions_stay_explicit PASSED [ 42%]
tests/unit/marketdata/test_futures_history_application.py::test_repeating_the_refresh_appends_nothing PASSED [ 42%]
tests/unit/marketdata/test_futures_history_application.py::test_a_non_index_benchmark_is_refused PASSED [ 42%]
tests/unit/marketdata/test_futures_history_application.py::test_cutoffs_outside_the_benchmark_range_are_refused PASSED [ 42%]
tests/unit/marketdata/test_futures_history_application.py::test_an_archive_older_than_the_required_session_is_stale PASSED [ 42%]
tests/unit/marketdata/test_futures_history_application.py::test_a_benchmark_request_that_is_not_the_archived_nifty_mapping_is_refused PASSED [ 42%]
tests/unit/marketdata/test_futures_history_application.py::test_an_archive_without_a_nifty_mapping_is_missing_data PASSED [ 42%]
tests/unit/marketdata/test_futures_history_application.py::test_an_archive_without_contracts_in_range_is_missing_data PASSED [ 42%]
tests/unit/marketdata/test_futures_history_application.py::test_a_repeated_contract_identity_in_one_archive_is_refused PASSED [ 42%]
tests/unit/marketdata/test_futures_history_application.py::test_history_from_a_different_provider_than_the_archive_is_refused PASSED [ 42%]
tests/unit/marketdata/test_futures_history_application.py::test_a_stale_benchmark_calendar_refuses_every_write PASSED [ 42%]
tests/unit/marketdata/test_futures_history_application.py::test_a_contract_session_outside_the_benchmark_calendar_is_refused PASSED [ 42%]
tests/unit/marketdata/test_futures_history_application.py::test_a_missing_in_life_session_refuses_every_write PASSED [ 42%]
tests/unit/marketdata/test_futures_history_application.py::test_a_contract_missing_the_required_session_is_stale PASSED [ 42%]
tests/unit/marketdata/test_historical_backfill.py::test_planning_is_deterministic_bounded_and_truthfully_price_index PASSED [ 42%]
tests/unit/marketdata/test_historical_backfill.py::test_resume_plan_uses_the_current_earliest_stored_frontier PASSED [ 42%]
tests/unit/marketdata/test_historical_backfill.py::test_more_than_ten_years_is_refused_before_a_request_exists PASSED [ 42%]
tests/unit/marketdata/test_historical_backfill.py::test_chunk_retry_is_idempotent_and_keeps_modern_knowledge_time PASSED [ 42%]
tests/unit/marketdata/test_historical_backfill.py::test_a_historical_stock_must_match_benchmark_sessions PASSED [ 42%]
tests/unit/marketdata/test_historical_backfill.py::test_malformed_provider_identity_fails_before_any_transaction PASSED [ 42%]
tests/unit/marketdata/test_historical_backfill.py::test_later_chunk_failure_keeps_earlier_commit_and_exact_call_count PASSED [ 42%]
tests/unit/marketdata/test_historical_backfill.py::test_success_issues_exactly_the_planned_sequential_requests PASSED [ 42%]
tests/unit/marketdata/test_market_context.py::test_the_latest_close_and_its_date_are_reported PASSED [ 42%]
tests/unit/marketdata/test_market_context.py::test_the_one_day_change_is_close_over_previous_close PASSED [ 42%]
tests/unit/marketdata/test_market_context.py::test_a_fall_is_reported_as_negative PASSED [ 42%]
tests/unit/marketdata/test_market_context.py::test_the_multi_day_return_spans_the_requested_sessions PASSED [ 42%]
tests/unit/marketdata/test_market_context.py::test_the_volume_ratio_compares_the_latest_bar_to_the_ones_before_it PASSED [ 42%]
tests/unit/marketdata/test_market_context.py::test_a_complete_summary_reports_no_limitation PASSED [ 42%]
tests/unit/marketdata/test_market_context.py::test_one_bar_yields_a_close_and_nothing_derived PASSED [ 42%]
tests/unit/marketdata/test_market_context.py::test_a_short_history_refuses_the_multi_day_return_rather_than_shortening_it PASSED [ 42%]
tests/unit/marketdata/test_market_context.py::test_the_one_day_change_still_works_when_the_multi_day_one_cannot PASSED [ 42%]
tests/unit/marketdata/test_market_context.py::test_two_bars_compare_volume_against_the_single_prior_session PASSED [ 42%]
tests/unit/marketdata/test_market_context.py::test_an_absent_series_is_a_first_class_answer PASSED [ 42%]
tests/unit/marketdata/test_market_context.py::test_a_recent_series_is_not_stale PASSED [ 42%]
tests/unit/marketdata/test_market_context.py::test_a_series_older_than_the_bound_is_stale PASSED [ 42%]
tests/unit/marketdata/test_market_context.py::test_a_series_can_be_both_too_short_and_too_old PASSED [ 43%]
tests/unit/marketdata/test_market_context.py::test_the_staleness_bound_is_carried_so_the_verdict_can_be_checked PASSED [ 43%]
tests/unit/marketdata/test_market_context.py::test_a_bar_dated_after_the_cutoff_is_refused PASSED [ 43%]
tests/unit/marketdata/test_market_context.py::test_a_cutoff_on_the_latest_bar_date_is_accepted PASSED [ 43%]
tests/unit/marketdata/test_market_context.py::test_an_impossible_session_count_is_refused[0] PASSED [ 43%]
tests/unit/marketdata/test_market_context.py::test_an_impossible_session_count_is_refused[-1] PASSED [ 43%]
tests/unit/marketdata/test_market_context.py::test_an_impossible_session_count_is_refused[61] PASSED [ 43%]
tests/unit/marketdata/test_market_context.py::test_a_negative_staleness_bound_is_refused PASSED [ 43%]
tests/unit/marketdata/test_market_context.py::test_a_summary_cannot_claim_a_close_it_does_not_have PASSED [ 43%]
tests/unit/marketdata/test_market_context.py::test_the_summary_records_the_policy_that_built_it PASSED [ 43%]
tests/unit/marketdata/test_market_context.py::test_summarising_the_same_bars_twice_gives_the_same_answer PASSED [ 43%]
tests/unit/marketdata/test_market_context.py::test_the_default_session_count_is_the_documented_one PASSED [ 43%]
tests/unit/marketdata/test_zerodha_history.py::test_fixture_parses_exact_prices_and_unknown_adjustment PASSED [ 43%]
tests/unit/marketdata/test_zerodha_history.py::test_adapter_uses_only_documented_daily_read_parameters PASSED [ 43%]
tests/unit/marketdata/test_zerodha_history.py::test_expired_session_is_distinct_and_never_retried[401] PASSED [ 43%]
tests/unit/marketdata/test_zerodha_history.py::test_expired_session_is_distinct_and_never_retried[403] PASSED [ 43%]
tests/unit/marketdata/test_zerodha_history.py::test_rate_limit_retries_are_bounded PASSED [ 43%]
tests/unit/marketdata/test_zerodha_history.py::test_malformed_or_impossible_provider_rows_fail_closed[{}] PASSED [ 43%]
tests/unit/marketdata/test_zerodha_history.py::test_malformed_or_impossible_provider_rows_fail_closed[{"status":"success","data":{"candles":[]}}] PASSED [ 43%]
tests/unit/marketdata/test_zerodha_history.py::test_malformed_or_impossible_provider_rows_fail_closed[{"status":"success","data":{"candles":[["2026-07-29T00:00:00+0530",0,1,1,1,1]]}}] PASSED [ 43%]
tests/unit/marketdata/test_zerodha_history.py::test_malformed_or_impossible_provider_rows_fail_closed[{"status":"success","data":{"candles":[["2026-07-29T00:00:00Z",1,1,1,1,1]]}}] PASSED [ 43%]
tests/unit/marketdata/test_zerodha_history.py::test_malformed_or_impossible_provider_rows_fail_closed[{"status":"success","data":{"candles":[["2026-07-29T00:00:00+0530",1,1,1,1,-1]]}}] PASSED [ 43%]
tests/unit/marketdata/test_zerodha_history.py::test_non_official_or_redirecting_clients_are_refused PASSED [ 43%]
tests/unit/messaging/test_delivery_policy.py::test_the_delay_doubles_until_it_reaches_the_cap[0-1] PASSED [ 43%]
tests/unit/messaging/test_delivery_policy.py::test_the_delay_doubles_until_it_reaches_the_cap[1-2] PASSED [ 43%]
tests/unit/messaging/test_delivery_policy.py::test_the_delay_doubles_until_it_reaches_the_cap[2-4] PASSED [ 43%]
tests/unit/messaging/test_delivery_policy.py::test_the_delay_doubles_until_it_reaches_the_cap[3-8] PASSED [ 43%]
tests/unit/messaging/test_delivery_policy.py::test_the_delay_doubles_until_it_reaches_the_cap[4-16] PASSED [ 43%]
tests/unit/messaging/test_delivery_policy.py::test_the_delay_doubles_until_it_reaches_the_cap[5-32] PASSED [ 43%]
tests/unit/messaging/test_delivery_policy.py::test_the_delay_doubles_until_it_reaches_the_cap[6-60] PASSED [ 43%]
tests/unit/messaging/test_delivery_policy.py::test_the_delay_doubles_until_it_reaches_the_cap[7-60] PASSED [ 43%]
tests/unit/messaging/test_delivery_policy.py::test_the_delay_doubles_until_it_reaches_the_cap[11-60] PASSED [ 43%]
tests/unit/messaging/test_delivery_policy.py::test_a_negative_attempt_count_is_treated_as_the_first PASSED [ 43%]
tests/unit/messaging/test_delivery_policy.py::test_zero_jitter_retries_immediately_and_full_jitter_waits_the_whole_delay PASSED [ 43%]
tests/unit/messaging/test_delivery_policy.py::test_no_delay_ever_exceeds_the_cap PASSED [ 43%]
tests/unit/messaging/test_delivery_policy.py::test_the_delay_never_decreases_as_attempts_accumulate PASSED [ 44%]
tests/unit/messaging/test_delivery_policy.py::test_the_whole_retry_window_is_about_seven_minutes PASSED [ 44%]
tests/unit/messaging/test_delivery_policy.py::test_next_attempt_at_is_never_in_the_past PASSED [ 44%]
tests/unit/messaging/test_delivery_policy.py::test_next_attempt_at_uses_the_injected_clock_rather_than_reading_one PASSED [ 44%]
tests/unit/messaging/test_delivery_policy.py::test_the_policy_is_immutable PASSED [ 44%]
tests/unit/messaging/test_delivery_policy.py::test_a_transient_failure_is_retried[error0] PASSED [ 44%]
tests/unit/messaging/test_delivery_policy.py::test_a_transient_failure_is_retried[error1] PASSED [ 44%]
tests/unit/messaging/test_delivery_policy.py::test_a_transient_failure_is_retried[error2] PASSED [ 44%]
tests/unit/messaging/test_delivery_policy.py::test_a_transient_failure_is_retried[error3] PASSED [ 44%]
tests/unit/messaging/test_delivery_policy.py::test_a_transient_failure_is_retried[error4] PASSED [ 44%]
tests/unit/messaging/test_delivery_policy.py::test_a_transient_failure_is_retried[error5] PASSED [ 44%]
tests/unit/messaging/test_delivery_policy.py::test_a_terminal_failure_is_dead_lettered_without_spending_the_budget[error0] PASSED [ 44%]
tests/unit/messaging/test_delivery_policy.py::test_a_terminal_failure_is_dead_lettered_without_spending_the_budget[error1] PASSED [ 44%]
tests/unit/messaging/test_delivery_policy.py::test_a_transient_failure_is_dead_lettered_once_the_budget_is_gone PASSED [ 44%]
tests/unit/messaging/test_delivery_policy.py::test_an_unrecognised_error_is_retried_rather_than_discarded PASSED [ 44%]
tests/unit/messaging/test_delivery_policy.py::test_terminal_beats_the_budget_at_every_attempt_count PASSED [ 44%]
tests/unit/messaging/test_delivery_policy.py::test_the_declared_attempt_ceiling_is_what_the_default_policy_uses PASSED [ 44%]
tests/unit/messaging/test_in_memory_conformance.py::TestInMemoryTransportConformance::test_the_adapters_satisfy_the_ports PASSED [ 44%]
tests/unit/messaging/test_in_memory_conformance.py::TestInMemoryTransportConformance::test_an_envelope_arrives_exactly_as_it_was_published PASSED [ 44%]
tests/unit/messaging/test_in_memory_conformance.py::TestInMemoryTransportConformance::test_a_batch_is_reported_envelope_by_envelope PASSED [ 44%]
tests/unit/messaging/test_in_memory_conformance.py::TestInMemoryTransportConformance::test_publication_order_is_delivery_order PASSED [ 44%]
tests/unit/messaging/test_in_memory_conformance.py::TestInMemoryTransportConformance::test_an_idle_stream_returns_nothing_rather_than_blocking PASSED [ 44%]
tests/unit/messaging/test_in_memory_conformance.py::TestInMemoryTransportConformance::test_read_never_returns_more_than_the_limit PASSED [ 44%]
tests/unit/messaging/test_in_memory_conformance.py::TestInMemoryTransportConformance::test_a_non_positive_limit_is_refused PASSED [ 44%]
tests/unit/messaging/test_in_memory_conformance.py::TestInMemoryTransportConformance::test_an_unacknowledged_delivery_is_not_offered_again PASSED [ 44%]
tests/unit/messaging/test_in_memory_conformance.py::TestInMemoryTransportConformance::test_reading_makes_a_delivery_pending_and_acknowledging_clears_it PASSED [ 44%]
tests/unit/messaging/test_in_memory_conformance.py::TestInMemoryTransportConformance::test_acknowledging_twice_reports_nothing_the_second_time PASSED [ 44%]
tests/unit/messaging/test_in_memory_conformance.py::TestInMemoryTransportConformance::test_acknowledging_nothing_is_not_an_error PASSED [ 44%]
tests/unit/messaging/test_in_memory_conformance.py::TestInMemoryTransportConformance::test_a_token_this_stream_did_not_issue_is_refused PASSED [ 44%]
tests/unit/messaging/test_in_memory_conformance.py::TestInMemoryTransportConformance::test_the_ack_token_carries_nothing_a_consumer_can_act_on PASSED [ 44%]
tests/unit/messaging/test_in_memory_conformance.py::TestInMemoryTransportConformance::test_deliveries_are_frozen PASSED [ 44%]
tests/unit/messaging/test_redis_streams.py::test_the_adapters_satisfy_the_ports_they_claim PASSED [ 44%]
tests/unit/messaging/test_redis_streams.py::test_the_ack_token_is_frozen PASSED [ 44%]
tests/unit/messaging/test_redis_streams.py::test_an_ordinary_aggregate_type_becomes_a_namespaced_key[Order] PASSED [ 44%]
tests/unit/messaging/test_redis_streams.py::test_an_ordinary_aggregate_type_becomes_a_namespaced_key[Position] PASSED [ 45%]
tests/unit/messaging/test_redis_streams.py::test_an_ordinary_aggregate_type_becomes_a_namespaced_key[Order_v2] PASSED [ 45%]
tests/unit/messaging/test_redis_streams.py::test_an_ordinary_aggregate_type_becomes_a_namespaced_key[market.tick] PASSED [ 45%]
tests/unit/messaging/test_redis_streams.py::test_an_ordinary_aggregate_type_becomes_a_namespaced_key[A-b] PASSED [ 45%]
tests/unit/messaging/test_redis_streams.py::test_an_unusable_aggregate_type_is_refused[Order:Filled-a colon would silently address a different stream] PASSED [ 45%]
tests/unit/messaging/test_redis_streams.py::test_an_unusable_aggregate_type_is_refused[Order*-an asterisk would match a glob an operator later runs] PASSED [ 45%]
tests/unit/messaging/test_redis_streams.py::test_an_unusable_aggregate_type_is_refused[-an empty type would collapse the key to the namespace] PASSED [ 45%]
tests/unit/messaging/test_redis_streams.py::test_an_unusable_aggregate_type_is_refused[1Order-a leading digit is not a type name] PASSED [ 45%]
tests/unit/messaging/test_redis_streams.py::test_an_unusable_aggregate_type_is_refused[ Order-surrounding whitespace is invisible in a key listing] PASSED [ 45%]
tests/unit/messaging/test_redis_streams.py::test_an_unusable_aggregate_type_is_refused[Order\n-a newline would break every line-oriented tool] PASSED [ 45%]
tests/unit/messaging/test_redis_streams.py::test_an_unusable_aggregate_type_is_refused[AAAAAAAAAAAAAAAAAAAAAAAAAAAAAAAAAAAAAAAAAAAAAAAAAAAAAAAAAAAAAAAAA-an unbounded type would make an unbounded key] PASSED [ 45%]
tests/unit/messaging/test_redis_streams.py::test_each_envelope_is_written_to_the_stream_for_its_aggregate_type PASSED [ 45%]
tests/unit/messaging/test_redis_streams.py::test_a_transport_failure_is_reported_rather_than_raised PASSED [ 45%]
tests/unit/messaging/test_redis_streams.py::test_redis_failures_map_onto_the_error_taxonomy[raised0-UpstreamTimeoutError] PASSED [ 45%]
tests/unit/messaging/test_redis_streams.py::test_redis_failures_map_onto_the_error_taxonomy[raised1-UpstreamUnavailableError] PASSED [ 45%]
tests/unit/messaging/test_redis_streams.py::test_redis_failures_map_onto_the_error_taxonomy[raised2-ConfigurationError] PASSED [ 45%]
tests/unit/messaging/test_redis_streams.py::test_redis_failures_map_onto_the_error_taxonomy[raised3-ExternalServiceError] PASSED [ 45%]
tests/unit/messaging/test_redis_streams.py::test_redis_failures_map_onto_the_error_taxonomy[raised4-ExternalServiceError] PASSED [ 45%]
tests/unit/messaging/test_redis_streams.py::test_an_unusable_aggregate_type_is_rejected_without_reaching_redis PASSED [ 45%]
tests/unit/messaging/test_redis_streams.py::test_a_publisher_refuses_a_trim_length_that_would_discard_every_write PASSED [ 45%]
tests/unit/messaging/test_redis_streams.py::test_an_entry_round_trips_back_into_the_envelope_that_was_published[resp2] PASSED [ 45%]
tests/unit/messaging/test_redis_streams.py::test_an_entry_round_trips_back_into_the_envelope_that_was_published[resp3] PASSED [ 45%]
tests/unit/messaging/test_redis_streams.py::test_an_idle_stream_returns_nothing_rather_than_blocking PASSED [ 45%]
tests/unit/messaging/test_redis_streams.py::test_the_limit_is_a_budget_across_streams_not_a_count_per_stream PASSED [ 45%]
tests/unit/messaging/test_redis_streams.py::test_a_full_first_stream_does_not_starve_the_others PASSED [ 45%]
tests/unit/messaging/test_redis_streams.py::test_a_non_positive_limit_is_a_caller_bug PASSED [ 45%]
tests/unit/messaging/test_redis_streams.py::test_a_malformed_entry_raises_rather_than_being_skipped PASSED [ 45%]
tests/unit/messaging/test_redis_streams.py::test_an_entry_without_an_envelope_field_raises PASSED [ 45%]
tests/unit/messaging/test_redis_streams.py::test_an_unsupported_schema_version_raises_its_own_error_type PASSED [ 45%]
tests/unit/messaging/test_redis_streams.py::test_a_reply_element_that_is_neither_bytes_nor_text_is_refused PASSED [ 45%]
tests/unit/messaging/test_redis_streams.py::test_an_unrecognised_reply_shape_is_refused_rather_than_read_as_idle PASSED [ 45%]
tests/unit/messaging/test_redis_streams.py::test_a_trimmed_entry_is_not_delivered_as_an_empty_one PASSED [ 45%]
tests/unit/messaging/test_redis_streams.py::test_acknowledgement_is_grouped_by_stream PASSED [ 45%]
tests/unit/messaging/test_redis_streams.py::test_a_token_this_stream_did_not_issue_is_refused PASSED [ 45%]
tests/unit/messaging/test_redis_streams.py::test_a_token_for_an_unsubscribed_stream_is_refused PASSED [ 45%]
tests/unit/messaging/test_redis_streams.py::test_acknowledging_nothing_touches_nothing PASSED [ 46%]
tests/unit/messaging/test_redis_streams.py::test_the_group_is_created_from_the_beginning_of_the_stream PASSED [ 46%]
tests/unit/messaging/test_redis_streams.py::test_creating_a_group_that_already_exists_is_not_a_failure PASSED [ 46%]
tests/unit/messaging/test_redis_streams.py::test_a_real_failure_creating_a_group_is_not_swallowed PASSED [ 46%]
tests/unit/messaging/test_redis_streams.py::test_pending_sums_across_every_subscribed_stream PASSED [ 46%]
tests/unit/messaging/test_redis_streams.py::test_asking_for_lag_before_the_group_exists_says_so PASSED [ 46%]
tests/unit/messaging/test_redis_streams.py::test_reclaim_refuses_a_zero_idle_threshold PASSED [ 46%]
tests/unit/messaging/test_redis_streams.py::test_reclaim_reads_both_the_six_two_and_the_seven_reply_shapes PASSED [ 46%]
tests/unit/messaging/test_redis_streams.py::test_a_misconfigured_stream_refuses_to_be_built[kwargs0-a stream with nothing to read always looks idle] PASSED [ 46%]
tests/unit/messaging/test_redis_streams.py::test_a_misconfigured_stream_refuses_to_be_built[kwargs1-an unnamed group cannot be shared between processes] PASSED [ 46%]
tests/unit/messaging/test_redis_streams.py::test_a_misconfigured_stream_refuses_to_be_built[kwargs2-an unnamed consumer shares a pending list with every other] PASSED [ 46%]
tests/unit/messaging/test_requeue_policy.py::test_a_dead_lettered_unpublished_event_may_return_to_the_queue PASSED [ 46%]
tests/unit/messaging/test_requeue_policy.py::test_a_published_event_is_refused PASSED [ 46%]
tests/unit/messaging/test_requeue_policy.py::test_an_event_still_being_retried_is_refused PASSED [ 46%]
tests/unit/messaging/test_requeue_policy.py::test_publication_is_reported_before_dead_lettering PASSED [ 46%]
tests/unit/messaging/test_requeue_policy.py::test_a_verdict_must_permit_or_refuse_but_never_both_or_neither[True-already_published] PASSED [ 46%]
tests/unit/messaging/test_requeue_policy.py::test_a_verdict_must_permit_or_refuse_but_never_both_or_neither[False-None] PASSED [ 46%]
tests/unit/persistence/test_audit_mapping.py::test_domain_to_record_to_domain_is_lossless PASSED [ 46%]
tests/unit/persistence/test_audit_mapping.py::test_the_enums_are_stored_as_their_values_not_their_names PASSED [ 46%]
tests/unit/persistence/test_audit_mapping.py::test_record_to_model_kwargs_covers_every_column PASSED [ 46%]
tests/unit/persistence/test_audit_mapping.py::test_the_model_and_the_record_describe_the_same_row PASSED [ 46%]
tests/unit/persistence/test_audit_mapping.py::test_a_model_maps_to_a_record_field_for_field PASSED [ 46%]
tests/unit/persistence/test_audit_mapping.py::test_the_table_has_no_version_column PASSED [ 46%]
tests/unit/persistence/test_audit_mapping.py::test_the_table_has_no_free_form_column PASSED [ 46%]
tests/unit/persistence/test_audit_mapping.py::test_every_column_is_not_null PASSED [ 46%]
tests/unit/persistence/test_audit_mapping.py::test_the_record_carries_no_domain_types PASSED [ 46%]
tests/unit/persistence/test_audit_mapping.py::test_an_unknown_stored_value_fails_on_read[action] PASSED [ 46%]
tests/unit/persistence/test_audit_mapping.py::test_an_unknown_stored_value_fails_on_read[outcome] PASSED [ 46%]
tests/unit/persistence/test_audit_mapping.py::test_the_failure_names_the_row_and_the_field PASSED [ 46%]
tests/unit/persistence/test_audit_mapping.py::test_a_reconstructed_record_is_not_reusing_the_row_identity PASSED [ 46%]
tests/unit/persistence/test_authorisation_directory.py::test_tenant_lock_key_is_stable_and_account_specific PASSED [ 46%]
tests/unit/persistence/test_authorisation_directory.py::test_holders_are_reconstructed_as_domain_principals PASSED [ 46%]
tests/unit/persistence/test_authorisation_directory.py::test_manager_count_is_returned_without_application_sql PASSED [ 46%]
tests/unit/persistence/test_authorisation_mapping.py::test_an_empty_role_survives_the_complete_mapping_round_trip PASSED [ 46%]
tests/unit/persistence/test_authorisation_mapping.py::test_permission_evidence_survives_the_complete_mapping_round_trip PASSED [ 46%]
tests/unit/persistence/test_authorisation_mapping.py::test_an_unknown_stored_permission_is_bad_data_not_an_implicit_grant PASSED [ 47%]
tests/unit/persistence/test_authorisation_mapping.py::test_a_permission_row_for_another_tenant_is_refused PASSED [ 47%]
tests/unit/persistence/test_authorisation_mapping.py::test_duplicate_permission_rows_are_refused_instead_of_collapsed PASSED [ 47%]
tests/unit/persistence/test_authorisation_mapping.py::test_principal_assignment_mapping_is_lossless PASSED [ 47%]
tests/unit/persistence/test_authorisation_mapping.py::test_record_fields_match_model_columns[RoleRecord-RoleModel] PASSED [ 47%]
tests/unit/persistence/test_authorisation_mapping.py::test_record_fields_match_model_columns[RolePermissionRecord-RolePermissionModel] PASSED [ 47%]
tests/unit/persistence/test_authorisation_repository.py::test_get_returns_none_for_a_missing_role PASSED [ 47%]
tests/unit/persistence/test_authorisation_repository.py::test_get_reconstructs_the_role_and_its_live_grants PASSED [ 47%]
tests/unit/persistence/test_authorisation_repository.py::test_get_for_principal_distinguishes_unassigned_and_assigned PASSED [ 47%]
tests/unit/persistence/test_authorisation_repository.py::test_add_stages_the_role_and_every_live_grant_without_committing PASSED [ 47%]
tests/unit/persistence/test_authorisation_repository.py::test_update_replaces_grants_only_after_winning_compare_and_swap PASSED [ 47%]
tests/unit/persistence/test_authorisation_repository.py::test_update_refuses_a_stale_role_before_touching_its_grants PASSED [ 47%]
tests/unit/persistence/test_authorisation_schema.py::test_a_principal_can_hold_only_one_role PASSED [ 47%]
tests/unit/persistence/test_authorisation_schema.py::test_a_role_name_is_unique_within_a_tenant_not_across_the_platform PASSED [ 47%]
tests/unit/persistence/test_authorisation_schema.py::test_a_role_is_optimistically_versioned PASSED [ 47%]
tests/unit/persistence/test_authorisation_schema.py::test_a_role_exists_independently_of_its_permissions PASSED [ 47%]
tests/unit/persistence/test_authorisation_schema.py::test_a_grant_is_the_row_itself_with_no_boolean_to_disagree_with_it PASSED [ 47%]
tests/unit/persistence/test_authorisation_schema.py::test_a_permission_grant_cannot_outlive_the_role_it_names PASSED [ 47%]
tests/unit/persistence/test_authorisation_schema.py::test_an_assignment_cannot_outlive_its_role_or_principal PASSED [ 47%]
tests/unit/persistence/test_authorisation_schema.py::test_the_principal_foreign_key_binds_identity_and_tenant_together PASSED [ 47%]
tests/unit/persistence/test_authorisation_schema.py::test_the_principal_exposes_the_composite_key_the_assignment_references PASSED [ 47%]
tests/unit/persistence/test_authorisation_schema.py::test_every_authorisation_table_carries_a_tenant[role] PASSED [ 47%]
tests/unit/persistence/test_authorisation_schema.py::test_every_authorisation_table_carries_a_tenant[role_permission] PASSED [ 47%]
tests/unit/persistence/test_authorisation_schema.py::test_every_authorisation_table_carries_a_tenant[principal_role] PASSED [ 47%]
tests/unit/persistence/test_authorisation_schema.py::test_no_authorisation_column_is_nullable[role] PASSED [ 47%]
tests/unit/persistence/test_authorisation_schema.py::test_no_authorisation_column_is_nullable[role_permission] PASSED [ 47%]
tests/unit/persistence/test_authorisation_schema.py::test_no_authorisation_column_is_nullable[principal_role] PASSED [ 47%]
tests/unit/persistence/test_authorisation_schema.py::test_the_permission_column_does_not_pin_the_enum_in_the_schema PASSED [ 47%]
tests/unit/persistence/test_authorisation_schema.py::test_the_accountable_actor_is_recorded_on_every_grant PASSED [ 47%]
tests/unit/persistence/test_column_types.py::test_money_round_trips_exactly PASSED [ 47%]
tests/unit/persistence/test_column_types.py::test_price_round_trips_at_full_precision PASSED [ 47%]
tests/unit/persistence/test_column_types.py::test_a_currency_derivative_tick_survives_storage PASSED [ 47%]
tests/unit/persistence/test_column_types.py::test_money_written_to_a_column_bound_to_another_currency_is_refused PASSED [ 47%]
tests/unit/persistence/test_column_types.py::test_quantity_round_trips_and_reasserts_its_invariant PASSED [ 47%]
tests/unit/persistence/test_column_types.py::test_a_negative_quantity_read_from_the_database_is_refused PASSED [ 47%]
tests/unit/persistence/test_column_types.py::test_ratio_round_trips_exactly PASSED [ 48%]
tests/unit/persistence/test_column_types.py::test_currency_column_round_trips PASSED [ 48%]
tests/unit/persistence/test_column_types.py::test_an_unknown_currency_code_is_refused_rather_than_guessed PASSED [ 48%]
tests/unit/persistence/test_column_types.py::test_identifiers_round_trip_as_native_uuids PASSED [ 48%]
tests/unit/persistence/test_column_types.py::test_an_identifier_column_returns_only_its_bound_type PASSED [ 48%]
tests/unit/persistence/test_column_types.py::test_copying_an_identifier_column_preserves_its_bound_type PASSED [ 48%]
tests/unit/persistence/test_column_types.py::test_every_column_type_handles_null[MoneyAmount] PASSED [ 48%]
tests/unit/persistence/test_column_types.py::test_every_column_type_handles_null[MoneyCurrency] PASSED [ 48%]
tests/unit/persistence/test_column_types.py::test_every_column_type_handles_null[PriceUnits] PASSED [ 48%]
tests/unit/persistence/test_column_types.py::test_every_column_type_handles_null[QuantityUnits] PASSED [ 48%]
tests/unit/persistence/test_column_types.py::test_every_column_type_handles_null[RatioValue] PASSED [ 48%]
tests/unit/persistence/test_column_types.py::test_every_column_type_handles_null[SurrogateIdType] PASSED [ 48%]
tests/unit/persistence/test_column_types.py::test_every_column_type_is_cacheable[MoneyAmount] PASSED [ 48%]
tests/unit/persistence/test_column_types.py::test_every_column_type_is_cacheable[PriceUnits] PASSED [ 48%]
tests/unit/persistence/test_column_types.py::test_every_column_type_is_cacheable[QuantityUnits] PASSED [ 48%]
tests/unit/persistence/test_column_types.py::test_every_column_type_is_cacheable[RatioValue] PASSED [ 48%]
tests/unit/persistence/test_credential_mapping.py::test_domain_to_record_to_domain_is_lossless PASSED [ 48%]
tests/unit/persistence/test_credential_mapping.py::test_the_binding_survives_the_round_trip PASSED [ 48%]
tests/unit/persistence/test_credential_mapping.py::test_a_purpose_crosses_the_boundary_as_a_string_and_returns_as_an_enum PASSED [ 48%]
tests/unit/persistence/test_credential_mapping.py::test_the_purpose_participates_in_the_reconstructed_binding PASSED [ 48%]
tests/unit/persistence/test_credential_mapping.py::test_record_to_model_kwargs_covers_every_column PASSED [ 48%]
tests/unit/persistence/test_credential_mapping.py::test_the_model_and_the_record_describe_the_same_row PASSED [ 48%]
tests/unit/persistence/test_credential_mapping.py::test_a_model_maps_to_a_record_field_for_field PASSED [ 48%]
tests/unit/persistence/test_credential_mapping.py::test_the_record_carries_no_domain_types PASSED [ 48%]
tests/unit/persistence/test_credential_mapping.py::test_the_mapper_imports_no_cipher PASSED [ 48%]
tests/unit/persistence/test_credential_mapping.py::test_the_factory_mints_no_identifier PASSED [ 48%]
tests/unit/persistence/test_identity_mapping.py::test_a_principal_survives_the_round_trip PASSED [ 48%]
tests/unit/persistence/test_identity_mapping.py::test_the_password_hash_comes_back_as_a_type_not_a_string PASSED [ 48%]
tests/unit/persistence/test_identity_mapping.py::test_enrolment_survives_as_a_pair_or_as_neither PASSED [ 48%]
tests/unit/persistence/test_identity_mapping.py::test_half_a_sealed_secret_fails_on_read[totp_secret] PASSED [ 48%]
tests/unit/persistence/test_identity_mapping.py::test_half_a_sealed_secret_fails_on_read[totp_wrapped_key] PASSED [ 48%]
tests/unit/persistence/test_identity_mapping.py::test_the_principal_model_and_record_describe_the_same_row PASSED [ 48%]
tests/unit/persistence/test_identity_mapping.py::test_principal_kwargs_cover_every_column PASSED [ 48%]
tests/unit/persistence/test_identity_mapping.py::test_a_principal_model_maps_back_field_for_field PASSED [ 48%]
tests/unit/persistence/test_identity_mapping.py::test_a_refresh_token_survives_the_round_trip PASSED [ 49%]
tests/unit/persistence/test_identity_mapping.py::test_the_lineage_survives_exactly PASSED [ 49%]
tests/unit/persistence/test_identity_mapping.py::test_a_successor_keeps_its_parent_link_through_the_mapping PASSED [ 49%]
tests/unit/persistence/test_identity_mapping.py::test_the_refresh_token_model_and_record_describe_the_same_row PASSED [ 49%]
tests/unit/persistence/test_identity_mapping.py::test_refresh_token_kwargs_cover_every_column PASSED [ 49%]
tests/unit/persistence/test_identity_mapping.py::test_a_refresh_token_model_maps_back_field_for_field PASSED [ 49%]
tests/unit/persistence/test_identity_mapping.py::test_the_records_carry_no_domain_types PASSED [ 49%]
tests/unit/persistence/test_identity_mapping.py::test_the_refresh_token_record_has_no_version_field PASSED [ 49%]
tests/unit/persistence/test_identity_repository.py::test_principal_lookups_distinguish_missing_rows_from_reconstruction PASSED [ 49%]
tests/unit/persistence/test_identity_repository.py::test_principal_add_stages_a_complete_row_without_committing PASSED [ 49%]
tests/unit/persistence/test_identity_repository.py::test_principal_update_reports_compare_and_swap_loss PASSED [ 49%]
tests/unit/persistence/test_identity_repository.py::test_refresh_lookup_and_add_preserve_missing_and_present_states PASSED [ 49%]
tests/unit/persistence/test_identity_repository.py::test_mark_replaced_reports_exactly_whether_rotation_won[1-True] PASSED [ 49%]
tests/unit/persistence/test_identity_repository.py::test_mark_replaced_reports_exactly_whether_rotation_won[0-False] PASSED [ 49%]
tests/unit/persistence/test_identity_repository.py::test_revoke_lineage_returns_the_database_affected_row_count PASSED [ 49%]
tests/unit/persistence/test_identity_unit_of_work.py::test_identity_stores_are_bound_to_the_one_active_session PASSED [ 49%]
tests/unit/persistence/test_identity_unit_of_work.py::test_identity_commit_and_explicit_rollback_delegate_to_the_inner_uow PASSED [ 49%]
tests/unit/persistence/test_mapping_layer.py::test_domain_to_record_to_domain_is_lossless PASSED [ 49%]
tests/unit/persistence/test_mapping_layer.py::test_record_to_model_kwargs_covers_every_column PASSED [ 49%]
tests/unit/persistence/test_mapping_layer.py::test_money_survives_the_full_flow_exactly PASSED [ 49%]
tests/unit/persistence/test_mapping_layer.py::test_price_survives_the_full_flow_at_eight_decimal_places PASSED [ 49%]
tests/unit/persistence/test_mapping_layer.py::test_reconstruction_verifies_the_trading_day_against_the_calendar PASSED [ 49%]
tests/unit/persistence/test_mapping_layer.py::test_the_mapper_holds_no_calendar PASSED [ 49%]
tests/unit/persistence/test_mapping_layer.py::test_the_record_carries_no_domain_types PASSED [ 49%]
tests/unit/persistence/test_mapping_layer.py::test_a_zero_close_is_refused PASSED [ 49%]
tests/unit/persistence/test_mapping_layer.py::test_negative_turnover_is_refused PASSED [ 49%]
tests/unit/persistence/test_mapping_layer.py::test_revising_a_close_advances_the_version PASSED [ 49%]
tests/unit/persistence/test_mapping_layer.py::test_the_domain_module_imports_no_persistence_framework PASSED [ 49%]
tests/unit/persistence/test_migration_discipline.py::test_at_least_one_migration_exists PASSED [ 49%]
tests/unit/persistence/test_migration_discipline.py::test_every_migration_declares_the_required_fields[Reversibility:-20260726_0000_initial_schema] PASSED [ 49%]
tests/unit/persistence/test_migration_discipline.py::test_every_migration_declares_the_required_fields[Reversibility:-20260729_0000_example_tick_timeseries] PASSED [ 49%]
tests/unit/persistence/test_migration_discipline.py::test_every_migration_declares_the_required_fields[Reversibility:-20260729_0100_outbox_envelope_columns] PASSED [ 49%]
tests/unit/persistence/test_migration_discipline.py::test_every_migration_declares_the_required_fields[Reversibility:-20260729_0200_outbox_lease_columns] PASSED [ 49%]
tests/unit/persistence/test_migration_discipline.py::test_every_migration_declares_the_required_fields[Reversibility:-20260729_0300_outbox_aggregate_type] PASSED [ 49%]
tests/unit/persistence/test_migration_discipline.py::test_every_migration_declares_the_required_fields[Reversibility:-20260731_0400_processed_event] PASSED [ 49%]
tests/unit/persistence/test_migration_discipline.py::test_every_migration_declares_the_required_fields[Reversibility:-20260801_0500_credential] PASSED [ 50%]
tests/unit/persistence/test_migration_discipline.py::test_every_migration_declares_the_required_fields[Reversibility:-20260801_0600_audit_log] PASSED [ 50%]
tests/unit/persistence/test_migration_discipline.py::test_every_migration_declares_the_required_fields[Reversibility:-20260801_0700_refresh_token] PASSED [ 50%]
tests/unit/persistence/test_migration_discipline.py::test_every_migration_declares_the_required_fields[Reversibility:-20260802_0800_principal] PASSED [ 50%]
tests/unit/persistence/test_migration_discipline.py::test_every_migration_declares_the_required_fields[Reversibility:-20260802_0900_authorisation] PASSED [ 50%]
tests/unit/persistence/test_migration_discipline.py::test_every_migration_declares_the_required_fields[Reversibility:-20260802_1000_rls_scaffolding] PASSED [ 50%]
tests/unit/persistence/test_migration_discipline.py::test_every_migration_declares_the_required_fields[Reversibility:-20260802_1100_reference_watchlist] PASSED [ 50%]
tests/unit/persistence/test_migration_discipline.py::test_every_migration_declares_the_required_fields[Reversibility:-20260802_1200_instrument_master_archive] PASSED [ 50%]
tests/unit/persistence/test_migration_discipline.py::test_every_migration_declares_the_required_fields[Reversibility:-20260802_1300_daily_market_bars] PASSED [ 50%]
tests/unit/persistence/test_migration_discipline.py::test_every_migration_declares_the_required_fields[Reversibility:-20260803_1400_news_archive] PASSED [ 50%]
tests/unit/persistence/test_migration_discipline.py::test_every_migration_declares_the_required_fields[Reversibility:-20260807_1500_credential_purpose] PASSED [ 50%]
tests/unit/persistence/test_migration_discipline.py::test_every_migration_declares_the_required_fields[Reversibility:-20260809_1600_research_observation] PASSED [ 50%]
tests/unit/persistence/test_migration_discipline.py::test_every_migration_declares_the_required_fields[Reversibility:-20260814_1700_candidate_ranking_observation] PASSED [ 50%]
tests/unit/persistence/test_migration_discipline.py::test_every_migration_declares_the_required_fields[Reversibility:-20260816_1800_candidate_outcome] PASSED [ 50%]
tests/unit/persistence/test_migration_discipline.py::test_every_migration_declares_the_required_fields[Reversibility:-20260816_1900_historical_universe] PASSED [ 50%]
tests/unit/persistence/test_migration_discipline.py::test_every_migration_declares_the_required_fields[Reversibility:-20260816_2000_historical_dataset] PASSED [ 50%]
tests/unit/persistence/test_migration_discipline.py::test_every_migration_declares_the_required_fields[Reversibility:-20260816_2100_public_evidence_class] PASSED [ 50%]
tests/unit/persistence/test_migration_discipline.py::test_every_migration_declares_the_required_fields[Rollback procedure:-20260726_0000_initial_schema] PASSED [ 50%]
tests/unit/persistence/test_migration_discipline.py::test_every_migration_declares_the_required_fields[Rollback procedure:-20260729_0000_example_tick_timeseries] PASSED [ 50%]
tests/unit/persistence/test_migration_discipline.py::test_every_migration_declares_the_required_fields[Rollback procedure:-20260729_0100_outbox_envelope_columns] PASSED [ 50%]
tests/unit/persistence/test_migration_discipline.py::test_every_migration_declares_the_required_fields[Rollback procedure:-20260729_0200_outbox_lease_columns] PASSED [ 50%]
tests/unit/persistence/test_migration_discipline.py::test_every_migration_declares_the_required_fields[Rollback procedure:-20260729_0300_outbox_aggregate_type] PASSED [ 50%]
tests/unit/persistence/test_migration_discipline.py::test_every_migration_declares_the_required_fields[Rollback procedure:-20260731_0400_processed_event] PASSED [ 50%]
tests/unit/persistence/test_migration_discipline.py::test_every_migration_declares_the_required_fields[Rollback procedure:-20260801_0500_credential] PASSED [ 50%]
tests/unit/persistence/test_migration_discipline.py::test_every_migration_declares_the_required_fields[Rollback procedure:-20260801_0600_audit_log] PASSED [ 50%]
tests/unit/persistence/test_migration_discipline.py::test_every_migration_declares_the_required_fields[Rollback procedure:-20260801_0700_refresh_token] PASSED [ 50%]
tests/unit/persistence/test_migration_discipline.py::test_every_migration_declares_the_required_fields[Rollback procedure:-20260802_0800_principal] PASSED [ 50%]
tests/unit/persistence/test_migration_discipline.py::test_every_migration_declares_the_required_fields[Rollback procedure:-20260802_0900_authorisation] PASSED [ 50%]
tests/unit/persistence/test_migration_discipline.py::test_every_migration_declares_the_required_fields[Rollback procedure:-20260802_1000_rls_scaffolding] PASSED [ 50%]
tests/unit/persistence/test_migration_discipline.py::test_every_migration_declares_the_required_fields[Rollback procedure:-20260802_1100_reference_watchlist] PASSED [ 50%]
tests/unit/persistence/test_migration_discipline.py::test_every_migration_declares_the_required_fields[Rollback procedure:-20260802_1200_instrument_master_archive] PASSED [ 50%]
tests/unit/persistence/test_migration_discipline.py::test_every_migration_declares_the_required_fields[Rollback procedure:-20260802_1300_daily_market_bars] PASSED [ 50%]
tests/unit/persistence/test_migration_discipline.py::test_every_migration_declares_the_required_fields[Rollback procedure:-20260803_1400_news_archive] PASSED [ 50%]
tests/unit/persistence/test_migration_discipline.py::test_every_migration_declares_the_required_fields[Rollback procedure:-20260807_1500_credential_purpose] PASSED [ 50%]
tests/unit/persistence/test_migration_discipline.py::test_every_migration_declares_the_required_fields[Rollback procedure:-20260809_1600_research_observation] PASSED [ 50%]
tests/unit/persistence/test_migration_discipline.py::test_every_migration_declares_the_required_fields[Rollback procedure:-20260814_1700_candidate_ranking_observation] PASSED [ 51%]
tests/unit/persistence/test_migration_discipline.py::test_every_migration_declares_the_required_fields[Rollback procedure:-20260816_1800_candidate_outcome] PASSED [ 51%]
tests/unit/persistence/test_migration_discipline.py::test_every_migration_declares_the_required_fields[Rollback procedure:-20260816_1900_historical_universe] PASSED [ 51%]
tests/unit/persistence/test_migration_discipline.py::test_every_migration_declares_the_required_fields[Rollback procedure:-20260816_2000_historical_dataset] PASSED [ 51%]
tests/unit/persistence/test_migration_discipline.py::test_every_migration_declares_the_required_fields[Rollback procedure:-20260816_2100_public_evidence_class] PASSED [ 51%]
tests/unit/persistence/test_migration_discipline.py::test_every_migration_declares_the_required_fields[Irreversible operations:-20260726_0000_initial_schema] PASSED [ 51%]
tests/unit/persistence/test_migration_discipline.py::test_every_migration_declares_the_required_fields[Irreversible operations:-20260729_0000_example_tick_timeseries] PASSED [ 51%]
tests/unit/persistence/test_migration_discipline.py::test_every_migration_declares_the_required_fields[Irreversible operations:-20260729_0100_outbox_envelope_columns] PASSED [ 51%]
tests/unit/persistence/test_migration_discipline.py::test_every_migration_declares_the_required_fields[Irreversible operations:-20260729_0200_outbox_lease_columns] PASSED [ 51%]
tests/unit/persistence/test_migration_discipline.py::test_every_migration_declares_the_required_fields[Irreversible operations:-20260729_0300_outbox_aggregate_type] PASSED [ 51%]
tests/unit/persistence/test_migration_discipline.py::test_every_migration_declares_the_required_fields[Irreversible operations:-20260731_0400_processed_event] PASSED [ 51%]
tests/unit/persistence/test_migration_discipline.py::test_every_migration_declares_the_required_fields[Irreversible operations:-20260801_0500_credential] PASSED [ 51%]
tests/unit/persistence/test_migration_discipline.py::test_every_migration_declares_the_required_fields[Irreversible operations:-20260801_0600_audit_log] PASSED [ 51%]
tests/unit/persistence/test_migration_discipline.py::test_every_migration_declares_the_required_fields[Irreversible operations:-20260801_0700_refresh_token] PASSED [ 51%]
tests/unit/persistence/test_migration_discipline.py::test_every_migration_declares_the_required_fields[Irreversible operations:-20260802_0800_principal] PASSED [ 51%]
tests/unit/persistence/test_migration_discipline.py::test_every_migration_declares_the_required_fields[Irreversible operations:-20260802_0900_authorisation] PASSED [ 51%]
tests/unit/persistence/test_migration_discipline.py::test_every_migration_declares_the_required_fields[Irreversible operations:-20260802_1000_rls_scaffolding] PASSED [ 51%]
tests/unit/persistence/test_migration_discipline.py::test_every_migration_declares_the_required_fields[Irreversible operations:-20260802_1100_reference_watchlist] PASSED [ 51%]
tests/unit/persistence/test_migration_discipline.py::test_every_migration_declares_the_required_fields[Irreversible operations:-20260802_1200_instrument_master_archive] PASSED [ 51%]
tests/unit/persistence/test_migration_discipline.py::test_every_migration_declares_the_required_fields[Irreversible operations:-20260802_1300_daily_market_bars] PASSED [ 51%]
tests/unit/persistence/test_migration_discipline.py::test_every_migration_declares_the_required_fields[Irreversible operations:-20260803_1400_news_archive] PASSED [ 51%]
tests/unit/persistence/test_migration_discipline.py::test_every_migration_declares_the_required_fields[Irreversible operations:-20260807_1500_credential_purpose] PASSED [ 51%]
tests/unit/persistence/test_migration_discipline.py::test_every_migration_declares_the_required_fields[Irreversible operations:-20260809_1600_research_observation] PASSED [ 51%]
tests/unit/persistence/test_migration_discipline.py::test_every_migration_declares_the_required_fields[Irreversible operations:-20260814_1700_candidate_ranking_observation] PASSED [ 51%]
tests/unit/persistence/test_migration_discipline.py::test_every_migration_declares_the_required_fields[Irreversible operations:-20260816_1800_candidate_outcome] PASSED [ 51%]
tests/unit/persistence/test_migration_discipline.py::test_every_migration_declares_the_required_fields[Irreversible operations:-20260816_1900_historical_universe] PASSED [ 51%]
tests/unit/persistence/test_migration_discipline.py::test_every_migration_declares_the_required_fields[Irreversible operations:-20260816_2000_historical_dataset] PASSED [ 51%]
tests/unit/persistence/test_migration_discipline.py::test_every_migration_declares_the_required_fields[Irreversible operations:-20260816_2100_public_evidence_class] PASSED [ 51%]
tests/unit/persistence/test_migration_discipline.py::test_every_migration_declares_the_required_fields[Expected runtime:-20260726_0000_initial_schema] PASSED [ 51%]
tests/unit/persistence/test_migration_discipline.py::test_every_migration_declares_the_required_fields[Expected runtime:-20260729_0000_example_tick_timeseries] PASSED [ 51%]
tests/unit/persistence/test_migration_discipline.py::test_every_migration_declares_the_required_fields[Expected runtime:-20260729_0100_outbox_envelope_columns] PASSED [ 51%]
tests/unit/persistence/test_migration_discipline.py::test_every_migration_declares_the_required_fields[Expected runtime:-20260729_0200_outbox_lease_columns] PASSED [ 51%]
tests/unit/persistence/test_migration_discipline.py::test_every_migration_declares_the_required_fields[Expected runtime:-20260729_0300_outbox_aggregate_type] PASSED [ 51%]
tests/unit/persistence/test_migration_discipline.py::test_every_migration_declares_the_required_fields[Expected runtime:-20260731_0400_processed_event] PASSED [ 51%]
tests/unit/persistence/test_migration_discipline.py::test_every_migration_declares_the_required_fields[Expected runtime:-20260801_0500_credential] PASSED [ 52%]
tests/unit/persistence/test_migration_discipline.py::test_every_migration_declares_the_required_fields[Expected runtime:-20260801_0600_audit_log] PASSED [ 52%]
tests/unit/persistence/test_migration_discipline.py::test_every_migration_declares_the_required_fields[Expected runtime:-20260801_0700_refresh_token] PASSED [ 52%]
tests/unit/persistence/test_migration_discipline.py::test_every_migration_declares_the_required_fields[Expected runtime:-20260802_0800_principal] PASSED [ 52%]
tests/unit/persistence/test_migration_discipline.py::test_every_migration_declares_the_required_fields[Expected runtime:-20260802_0900_authorisation] PASSED [ 52%]
tests/unit/persistence/test_migration_discipline.py::test_every_migration_declares_the_required_fields[Expected runtime:-20260802_1000_rls_scaffolding] PASSED [ 52%]
tests/unit/persistence/test_migration_discipline.py::test_every_migration_declares_the_required_fields[Expected runtime:-20260802_1100_reference_watchlist] PASSED [ 52%]
tests/unit/persistence/test_migration_discipline.py::test_every_migration_declares_the_required_fields[Expected runtime:-20260802_1200_instrument_master_archive] PASSED [ 52%]
tests/unit/persistence/test_migration_discipline.py::test_every_migration_declares_the_required_fields[Expected runtime:-20260802_1300_daily_market_bars] PASSED [ 52%]
tests/unit/persistence/test_migration_discipline.py::test_every_migration_declares_the_required_fields[Expected runtime:-20260803_1400_news_archive] PASSED [ 52%]
tests/unit/persistence/test_migration_discipline.py::test_every_migration_declares_the_required_fields[Expected runtime:-20260807_1500_credential_purpose] PASSED [ 52%]
tests/unit/persistence/test_migration_discipline.py::test_every_migration_declares_the_required_fields[Expected runtime:-20260809_1600_research_observation] PASSED [ 52%]
tests/unit/persistence/test_migration_discipline.py::test_every_migration_declares_the_required_fields[Expected runtime:-20260814_1700_candidate_ranking_observation] PASSED [ 52%]
tests/unit/persistence/test_migration_discipline.py::test_every_migration_declares_the_required_fields[Expected runtime:-20260816_1800_candidate_outcome] PASSED [ 52%]
tests/unit/persistence/test_migration_discipline.py::test_every_migration_declares_the_required_fields[Expected runtime:-20260816_1900_historical_universe] PASSED [ 52%]
tests/unit/persistence/test_migration_discipline.py::test_every_migration_declares_the_required_fields[Expected runtime:-20260816_2000_historical_dataset] PASSED [ 52%]
tests/unit/persistence/test_migration_discipline.py::test_every_migration_declares_the_required_fields[Expected runtime:-20260816_2100_public_evidence_class] PASSED [ 52%]
tests/unit/persistence/test_migration_discipline.py::test_every_migration_declares_the_required_fields[Operational impact:-20260726_0000_initial_schema] PASSED [ 52%]
tests/unit/persistence/test_migration_discipline.py::test_every_migration_declares_the_required_fields[Operational impact:-20260729_0000_example_tick_timeseries] PASSED [ 52%]
tests/unit/persistence/test_migration_discipline.py::test_every_migration_declares_the_required_fields[Operational impact:-20260729_0100_outbox_envelope_columns] PASSED [ 52%]
tests/unit/persistence/test_migration_discipline.py::test_every_migration_declares_the_required_fields[Operational impact:-20260729_0200_outbox_lease_columns] PASSED [ 52%]
tests/unit/persistence/test_migration_discipline.py::test_every_migration_declares_the_required_fields[Operational impact:-20260729_0300_outbox_aggregate_type] PASSED [ 52%]
tests/unit/persistence/test_migration_discipline.py::test_every_migration_declares_the_required_fields[Operational impact:-20260731_0400_processed_event] PASSED [ 52%]
tests/unit/persistence/test_migration_discipline.py::test_every_migration_declares_the_required_fields[Operational impact:-20260801_0500_credential] PASSED [ 52%]
tests/unit/persistence/test_migration_discipline.py::test_every_migration_declares_the_required_fields[Operational impact:-20260801_0600_audit_log] PASSED [ 52%]
tests/unit/persistence/test_migration_discipline.py::test_every_migration_declares_the_required_fields[Operational impact:-20260801_0700_refresh_token] PASSED [ 52%]
tests/unit/persistence/test_migration_discipline.py::test_every_migration_declares_the_required_fields[Operational impact:-20260802_0800_principal] PASSED [ 52%]
tests/unit/persistence/test_migration_discipline.py::test_every_migration_declares_the_required_fields[Operational impact:-20260802_0900_authorisation] PASSED [ 52%]
tests/unit/persistence/test_migration_discipline.py::test_every_migration_declares_the_required_fields[Operational impact:-20260802_1000_rls_scaffolding] PASSED [ 52%]
tests/unit/persistence/test_migration_discipline.py::test_every_migration_declares_the_required_fields[Operational impact:-20260802_1100_reference_watchlist] PASSED [ 52%]
tests/unit/persistence/test_migration_discipline.py::test_every_migration_declares_the_required_fields[Operational impact:-20260802_1200_instrument_master_archive] PASSED [ 52%]
tests/unit/persistence/test_migration_discipline.py::test_every_migration_declares_the_required_fields[Operational impact:-20260802_1300_daily_market_bars] PASSED [ 52%]
tests/unit/persistence/test_migration_discipline.py::test_every_migration_declares_the_required_fields[Operational impact:-20260803_1400_news_archive] PASSED [ 52%]
tests/unit/persistence/test_migration_discipline.py::test_every_migration_declares_the_required_fields[Operational impact:-20260807_1500_credential_purpose] PASSED [ 52%]
tests/unit/persistence/test_migration_discipline.py::test_every_migration_declares_the_required_fields[Operational impact:-20260809_1600_research_observation] PASSED [ 52%]
tests/unit/persistence/test_migration_discipline.py::test_every_migration_declares_the_required_fields[Operational impact:-20260814_1700_candidate_ranking_observation] PASSED [ 53%]
tests/unit/persistence/test_migration_discipline.py::test_every_migration_declares_the_required_fields[Operational impact:-20260816_1800_candidate_outcome] PASSED [ 53%]
tests/unit/persistence/test_migration_discipline.py::test_every_migration_declares_the_required_fields[Operational impact:-20260816_1900_historical_universe] PASSED [ 53%]
tests/unit/persistence/test_migration_discipline.py::test_every_migration_declares_the_required_fields[Operational impact:-20260816_2000_historical_dataset] PASSED [ 53%]
tests/unit/persistence/test_migration_discipline.py::test_every_migration_declares_the_required_fields[Operational impact:-20260816_2100_public_evidence_class] PASSED [ 53%]
tests/unit/persistence/test_migration_discipline.py::test_every_migration_uses_a_valid_classification[20260726_0000_initial_schema] PASSED [ 53%]
tests/unit/persistence/test_migration_discipline.py::test_every_migration_uses_a_valid_classification[20260729_0000_example_tick_timeseries] PASSED [ 53%]
tests/unit/persistence/test_migration_discipline.py::test_every_migration_uses_a_valid_classification[20260729_0100_outbox_envelope_columns] PASSED [ 53%]
tests/unit/persistence/test_migration_discipline.py::test_every_migration_uses_a_valid_classification[20260729_0200_outbox_lease_columns] PASSED [ 53%]
tests/unit/persistence/test_migration_discipline.py::test_every_migration_uses_a_valid_classification[20260729_0300_outbox_aggregate_type] PASSED [ 53%]
tests/unit/persistence/test_migration_discipline.py::test_every_migration_uses_a_valid_classification[20260731_0400_processed_event] PASSED [ 53%]
tests/unit/persistence/test_migration_discipline.py::test_every_migration_uses_a_valid_classification[20260801_0500_credential] PASSED [ 53%]
tests/unit/persistence/test_migration_discipline.py::test_every_migration_uses_a_valid_classification[20260801_0600_audit_log] PASSED [ 53%]
tests/unit/persistence/test_migration_discipline.py::test_every_migration_uses_a_valid_classification[20260801_0700_refresh_token] PASSED [ 53%]
tests/unit/persistence/test_migration_discipline.py::test_every_migration_uses_a_valid_classification[20260802_0800_principal] PASSED [ 53%]
tests/unit/persistence/test_migration_discipline.py::test_every_migration_uses_a_valid_classification[20260802_0900_authorisation] PASSED [ 53%]
tests/unit/persistence/test_migration_discipline.py::test_every_migration_uses_a_valid_classification[20260802_1000_rls_scaffolding] PASSED [ 53%]
tests/unit/persistence/test_migration_discipline.py::test_every_migration_uses_a_valid_classification[20260802_1100_reference_watchlist] PASSED [ 53%]
tests/unit/persistence/test_migration_discipline.py::test_every_migration_uses_a_valid_classification[20260802_1200_instrument_master_archive] PASSED [ 53%]
tests/unit/persistence/test_migration_discipline.py::test_every_migration_uses_a_valid_classification[20260802_1300_daily_market_bars] PASSED [ 53%]
tests/unit/persistence/test_migration_discipline.py::test_every_migration_uses_a_valid_classification[20260803_1400_news_archive] PASSED [ 53%]
tests/unit/persistence/test_migration_discipline.py::test_every_migration_uses_a_valid_classification[20260807_1500_credential_purpose] PASSED [ 53%]
tests/unit/persistence/test_migration_discipline.py::test_every_migration_uses_a_valid_classification[20260809_1600_research_observation] PASSED [ 53%]
tests/unit/persistence/test_migration_discipline.py::test_every_migration_uses_a_valid_classification[20260814_1700_candidate_ranking_observation] PASSED [ 53%]
tests/unit/persistence/test_migration_discipline.py::test_every_migration_uses_a_valid_classification[20260816_1800_candidate_outcome] PASSED [ 53%]
tests/unit/persistence/test_migration_discipline.py::test_every_migration_uses_a_valid_classification[20260816_1900_historical_universe] PASSED [ 53%]
tests/unit/persistence/test_migration_discipline.py::test_every_migration_uses_a_valid_classification[20260816_2000_historical_dataset] PASSED [ 53%]
tests/unit/persistence/test_migration_discipline.py::test_every_migration_uses_a_valid_classification[20260816_2100_public_evidence_class] PASSED [ 53%]
tests/unit/persistence/test_migration_discipline.py::test_no_migration_still_carries_the_template_placeholders[20260726_0000_initial_schema] PASSED [ 53%]
tests/unit/persistence/test_migration_discipline.py::test_no_migration_still_carries_the_template_placeholders[20260729_0000_example_tick_timeseries] PASSED [ 53%]
tests/unit/persistence/test_migration_discipline.py::test_no_migration_still_carries_the_template_placeholders[20260729_0100_outbox_envelope_columns] PASSED [ 53%]
tests/unit/persistence/test_migration_discipline.py::test_no_migration_still_carries_the_template_placeholders[20260729_0200_outbox_lease_columns] PASSED [ 53%]
tests/unit/persistence/test_migration_discipline.py::test_no_migration_still_carries_the_template_placeholders[20260729_0300_outbox_aggregate_type] PASSED [ 53%]
tests/unit/persistence/test_migration_discipline.py::test_no_migration_still_carries_the_template_placeholders[20260731_0400_processed_event] PASSED [ 53%]
tests/unit/persistence/test_migration_discipline.py::test_no_migration_still_carries_the_template_placeholders[20260801_0500_credential] PASSED [ 53%]
tests/unit/persistence/test_migration_discipline.py::test_no_migration_still_carries_the_template_placeholders[20260801_0600_audit_log] PASSED [ 54%]
tests/unit/persistence/test_migration_discipline.py::test_no_migration_still_carries_the_template_placeholders[20260801_0700_refresh_token] PASSED [ 54%]
tests/unit/persistence/test_migration_discipline.py::test_no_migration_still_carries_the_template_placeholders[20260802_0800_principal] PASSED [ 54%]
tests/unit/persistence/test_migration_discipline.py::test_no_migration_still_carries_the_template_placeholders[20260802_0900_authorisation] PASSED [ 54%]
tests/unit/persistence/test_migration_discipline.py::test_no_migration_still_carries_the_template_placeholders[20260802_1000_rls_scaffolding] PASSED [ 54%]
tests/unit/persistence/test_migration_discipline.py::test_no_migration_still_carries_the_template_placeholders[20260802_1100_reference_watchlist] PASSED [ 54%]
tests/unit/persistence/test_migration_discipline.py::test_no_migration_still_carries_the_template_placeholders[20260802_1200_instrument_master_archive] PASSED [ 54%]
tests/unit/persistence/test_migration_discipline.py::test_no_migration_still_carries_the_template_placeholders[20260802_1300_daily_market_bars] PASSED [ 54%]
tests/unit/persistence/test_migration_discipline.py::test_no_migration_still_carries_the_template_placeholders[20260803_1400_news_archive] PASSED [ 54%]
tests/unit/persistence/test_migration_discipline.py::test_no_migration_still_carries_the_template_placeholders[20260807_1500_credential_purpose] PASSED [ 54%]
tests/unit/persistence/test_migration_discipline.py::test_no_migration_still_carries_the_template_placeholders[20260809_1600_research_observation] PASSED [ 54%]
tests/unit/persistence/test_migration_discipline.py::test_no_migration_still_carries_the_template_placeholders[20260814_1700_candidate_ranking_observation] PASSED [ 54%]
tests/unit/persistence/test_migration_discipline.py::test_no_migration_still_carries_the_template_placeholders[20260816_1800_candidate_outcome] PASSED [ 54%]
tests/unit/persistence/test_migration_discipline.py::test_no_migration_still_carries_the_template_placeholders[20260816_1900_historical_universe] PASSED [ 54%]
tests/unit/persistence/test_migration_discipline.py::test_no_migration_still_carries_the_template_placeholders[20260816_2000_historical_dataset] PASSED [ 54%]
tests/unit/persistence/test_migration_discipline.py::test_no_migration_still_carries_the_template_placeholders[20260816_2100_public_evidence_class] PASSED [ 54%]
tests/unit/persistence/test_migration_discipline.py::test_a_reversible_migration_implements_downgrade[20260726_0000_initial_schema] PASSED [ 54%]
tests/unit/persistence/test_migration_discipline.py::test_a_reversible_migration_implements_downgrade[20260729_0000_example_tick_timeseries] PASSED [ 54%]
tests/unit/persistence/test_migration_discipline.py::test_a_reversible_migration_implements_downgrade[20260729_0100_outbox_envelope_columns] PASSED [ 54%]
tests/unit/persistence/test_migration_discipline.py::test_a_reversible_migration_implements_downgrade[20260729_0200_outbox_lease_columns] PASSED [ 54%]
tests/unit/persistence/test_migration_discipline.py::test_a_reversible_migration_implements_downgrade[20260729_0300_outbox_aggregate_type] PASSED [ 54%]
tests/unit/persistence/test_migration_discipline.py::test_a_reversible_migration_implements_downgrade[20260731_0400_processed_event] PASSED [ 54%]
tests/unit/persistence/test_migration_discipline.py::test_a_reversible_migration_implements_downgrade[20260801_0500_credential] PASSED [ 54%]
tests/unit/persistence/test_migration_discipline.py::test_a_reversible_migration_implements_downgrade[20260801_0600_audit_log] PASSED [ 54%]
tests/unit/persistence/test_migration_discipline.py::test_a_reversible_migration_implements_downgrade[20260801_0700_refresh_token] PASSED [ 54%]
tests/unit/persistence/test_migration_discipline.py::test_a_reversible_migration_implements_downgrade[20260802_0800_principal] PASSED [ 54%]
tests/unit/persistence/test_migration_discipline.py::test_a_reversible_migration_implements_downgrade[20260802_0900_authorisation] PASSED [ 54%]
tests/unit/persistence/test_migration_discipline.py::test_a_reversible_migration_implements_downgrade[20260802_1000_rls_scaffolding] PASSED [ 54%]
tests/unit/persistence/test_migration_discipline.py::test_a_reversible_migration_implements_downgrade[20260802_1100_reference_watchlist] PASSED [ 54%]
tests/unit/persistence/test_migration_discipline.py::test_a_reversible_migration_implements_downgrade[20260802_1200_instrument_master_archive] PASSED [ 54%]
tests/unit/persistence/test_migration_discipline.py::test_a_reversible_migration_implements_downgrade[20260802_1300_daily_market_bars] PASSED [ 54%]
tests/unit/persistence/test_migration_discipline.py::test_a_reversible_migration_implements_downgrade[20260803_1400_news_archive] PASSED [ 54%]
tests/unit/persistence/test_migration_discipline.py::test_a_reversible_migration_implements_downgrade[20260807_1500_credential_purpose] PASSED [ 54%]
tests/unit/persistence/test_migration_discipline.py::test_a_reversible_migration_implements_downgrade[20260809_1600_research_observation] PASSED [ 54%]
tests/unit/persistence/test_migration_discipline.py::test_a_reversible_migration_implements_downgrade[20260814_1700_candidate_ranking_observation] PASSED [ 54%]
tests/unit/persistence/test_migration_discipline.py::test_a_reversible_migration_implements_downgrade[20260816_1800_candidate_outcome] PASSED [ 55%]
tests/unit/persistence/test_migration_discipline.py::test_a_reversible_migration_implements_downgrade[20260816_1900_historical_universe] PASSED [ 55%]
tests/unit/persistence/test_migration_discipline.py::test_a_reversible_migration_implements_downgrade[20260816_2000_historical_dataset] PASSED [ 55%]
tests/unit/persistence/test_migration_discipline.py::test_a_reversible_migration_implements_downgrade[20260816_2100_public_evidence_class] PASSED [ 55%]
tests/unit/persistence/test_migration_discipline.py::test_the_script_template_carries_the_required_header PASSED [ 55%]
tests/unit/persistence/test_migration_discipline.py::test_the_alembic_config_carries_no_database_url PASSED [ 55%]
tests/unit/persistence/test_persistence_contracts.py::test_no_protocol_names_a_persistence_framework PASSED [ 55%]
tests/unit/persistence/test_persistence_contracts.py::test_a_repository_cannot_commit PASSED [ 55%]
tests/unit/persistence/test_persistence_contracts.py::test_the_unit_of_work_owns_the_transaction PASSED [ 55%]
tests/unit/persistence/test_persistence_contracts.py::test_the_unit_of_work_is_an_async_context_manager PASSED [ 55%]
tests/unit/persistence/test_persistence_contracts.py::test_timeseries_storage_exposes_only_append PASSED [ 55%]
tests/unit/persistence/test_persistence_contracts.py::test_timeseries_storage_deals_in_rows_not_objects PASSED [ 55%]
tests/unit/persistence/test_persistence_contracts.py::test_every_contract_is_runtime_checkable[Repository] PASSED [ 55%]
tests/unit/persistence/test_persistence_contracts.py::test_every_contract_is_runtime_checkable[UnitOfWork] PASSED [ 55%]
tests/unit/persistence/test_persistence_contracts.py::test_every_contract_is_runtime_checkable[TimeSeriesStorage] PASSED [ 55%]
tests/unit/persistence/test_unit_of_work.py::test_an_account_scoped_transaction_sets_context_before_work PASSED [ 55%]
tests/unit/persistence/test_unit_of_work.py::test_a_successful_commit_commits_then_closes PASSED [ 55%]
tests/unit/persistence/test_unit_of_work.py::test_committing_does_not_also_roll_back PASSED [ 55%]
tests/unit/persistence/test_unit_of_work.py::test_leaving_without_committing_rolls_back PASSED [ 55%]
tests/unit/persistence/test_unit_of_work.py::test_an_exception_rolls_back_and_propagates PASSED [ 55%]
tests/unit/persistence/test_unit_of_work.py::test_an_exception_after_commit_does_not_roll_back_the_commit PASSED [ 55%]
tests/unit/persistence/test_unit_of_work.py::test_nesting_is_refused_rather_than_joined PASSED [ 55%]
tests/unit/persistence/test_unit_of_work.py::test_a_unit_of_work_can_be_reused_sequentially PASSED [ 55%]
tests/unit/persistence/test_unit_of_work.py::test_the_session_is_always_closed[clean] PASSED [ 55%]
tests/unit/persistence/test_unit_of_work.py::test_the_session_is_always_closed[exception] PASSED [ 55%]
tests/unit/persistence/test_unit_of_work.py::test_the_session_is_closed_even_when_commit_itself_fails PASSED [ 55%]
tests/unit/persistence/test_unit_of_work.py::test_the_session_is_unreachable_outside_the_boundary PASSED [ 55%]
tests/unit/persistence/test_unit_of_work.py::test_a_repository_committing_is_visible_as_an_extra_commit PASSED [ 55%]
tests/unit/persistence/test_unit_of_work.py::test_an_event_is_staged_into_the_transaction_not_published PASSED [ 55%]
tests/unit/persistence/test_unit_of_work.py::test_a_staged_event_is_discarded_when_the_transaction_rolls_back PASSED [ 55%]
tests/unit/persistence/test_unit_of_work.py::test_a_staged_event_is_discarded_when_the_commit_fails PASSED [ 55%]
tests/unit/persistence/test_unit_of_work.py::test_events_do_not_leak_between_transactions PASSED [ 55%]
tests/unit/persistence/test_unit_of_work.py::test_staged_events_are_visible_before_commit PASSED [ 55%]
tests/unit/persistence/test_unit_of_work.py::test_the_staged_row_carries_the_bitemporal_pair_from_the_clock PASSED [ 55%]
tests/unit/persistence/test_unit_of_work.py::test_the_staged_row_carries_aggregate_and_account_scope PASSED [ 56%]
tests/unit/reference/test_historical_universe.py::test_current_selection_and_unlicensed_history_cannot_claim_survivorship_safety PASSED [ 56%]
tests/unit/reference/test_historical_universe.py::test_membership_effectivity_keeps_removed_and_delisted_security_queryable_in_past PASSED [ 56%]
tests/unit/reference/test_historical_universe.py::test_universe_fingerprint_includes_identity_mapping_revision PASSED [ 56%]
tests/unit/reference/test_historical_universe.py::test_total_return_requires_both_adjustment_and_dividend_evidence PASSED [ 56%]
tests/unit/reference/test_instrument_archive_application.py::test_refresh_resolves_then_commits_one_complete_archive PASSED [ 56%]
tests/unit/reference/test_instrument_archive_application.py::test_get_latest_returns_none_before_any_archive_exists PASSED [ 56%]
tests/unit/reference/test_instrument_archive_application.py::test_get_latest_delegates_to_the_store_unchanged PASSED [ 56%]
tests/unit/reference/test_instrument_discovery.py::test_exact_owner_universe_resolves_cash_and_dynamic_futures PASSED [ 56%]
tests/unit/reference/test_instrument_discovery.py::test_options_expired_contracts_and_invalid_lots_never_create_futures PASSED [ 56%]
tests/unit/reference/test_instrument_discovery.py::test_ambiguous_contract_month_degrades_only_that_underlying PASSED [ 56%]
tests/unit/reference/test_instrument_discovery.py::test_provider_token_turnover_does_not_change_contract_identity PASSED [ 56%]
tests/unit/reference/test_instrument_discovery.py::test_master_assigned_to_another_date_is_rejected_as_stale PASSED [ 56%]
tests/unit/reference/test_owner_universe.py::test_exact_owner_watchlist_and_names_are_preserved PASSED [ 56%]
tests/unit/reference/test_owner_universe.py::test_nam_india_and_mahindra_punctuation_is_exact PASSED [ 56%]
tests/unit/reference/test_owner_universe.py::test_nifty_is_a_separate_non_watchlist_benchmark PASSED [ 56%]
tests/unit/reference/test_owner_universe.py::test_aliases_and_historical_names_remain_separate_from_symbols PASSED [ 56%]
tests/unit/reference/test_owner_universe.py::test_futures_are_requested_but_not_statically_declared_eligible PASSED [ 56%]
tests/unit/reference/test_owner_universe.py::test_required_concentration_categories_are_exposed PASSED [ 56%]
tests/unit/reference/test_reference_mapping.py::test_identity_domain_record_round_trip_is_lossless PASSED [ 56%]
tests/unit/reference/test_reference_mapping.py::test_membership_domain_record_round_trip_is_lossless PASSED [ 56%]
tests/unit/reference/test_reference_mapping.py::test_source_revision_identity_is_stable_across_provider_retry_time PASSED [ 56%]
tests/unit/reference/test_reference_mapping.py::test_model_kwargs_cover_every_record_field PASSED [ 56%]
tests/unit/reference/test_reference_mapping.py::test_reference_metadata_contains_all_archive_and_watchlist_tables PASSED [ 56%]
tests/unit/reference/test_reference_mapping.py::test_membership_account_is_non_nullable PASSED [ 56%]
tests/unit/reference/test_trading_calendar.py::test_adapter_satisfies_the_shared_calendar_port PASSED [ 56%]
tests/unit/reference/test_trading_calendar.py::test_regular_cash_session_bounds_are_utc_instants PASSED [ 56%]
tests/unit/reference/test_trading_calendar.py::test_sessions_between_skips_weekends_and_configured_closed_dates PASSED [ 56%]
tests/unit/reference/test_watchlist.py::test_punctuation_is_part_of_the_canonical_symbol PASSED [ 56%]
tests/unit/reference/test_watchlist.py::test_invalid_equity_symbols_are_refused[M AND M] PASSED [ 56%]
tests/unit/reference/test_watchlist.py::test_invalid_equity_symbols_are_refused[nam india] PASSED [ 56%]
tests/unit/reference/test_watchlist.py::test_invalid_equity_symbols_are_refused[-BAD] PASSED [ 56%]
tests/unit/reference/test_watchlist.py::test_invalid_equity_symbols_are_refused[BAD_SYMBOL] PASSED [ 56%]
tests/unit/reference/test_watchlist.py::test_nifty_index_identity_accepts_its_canonical_space PASSED [ 56%]
tests/unit/reference/test_watchlist.py::test_provider_tokens_are_optional_but_never_partial PASSED [ 56%]
tests/unit/reference/test_watchlist.py::test_aliases_are_case_insensitively_unique_and_sorted PASSED [ 57%]
tests/unit/reference/test_watchlist.py::test_identity_and_membership_windows_are_inclusive PASSED [ 57%]
tests/unit/reference/test_watchlist.py::test_recorded_time_must_be_utc_and_aware PASSED [ 57%]
tests/unit/reference/test_watchlist.py::test_join_refuses_different_stable_instruments PASSED [ 57%]
tests/unit/reference/test_watchlist_application.py::test_owner_universe_writes_21_identities_and_20_memberships PASSED [ 57%]
tests/unit/reference/test_watchlist_application.py::test_rerun_is_idempotent_even_when_observed_later PASSED [ 57%]
tests/unit/reference/test_watchlist_application.py::test_more_than_fifty_watchlist_members_is_refused_before_a_transaction PASSED [ 57%]
tests/unit/reference/test_watchlist_application.py::test_duplicate_symbols_are_refused PASSED [ 57%]
tests/unit/reference/test_watchlist_application.py::test_query_passes_both_effective_and_knowledge_time PASSED [ 57%]
tests/unit/reference/test_zerodha_instruments.py::test_sanitized_master_parses_exact_symbols_and_contract_fields PASSED [ 57%]
tests/unit/reference/test_zerodha_instruments.py::test_schema_drift_and_malformed_rows_fail_closed[instrument_token,exchange_token\n1,2\n-missing required columns] PASSED [ 57%]
tests/unit/reference/test_zerodha_instruments.py::test_schema_drift_and_malformed_rows_fail_closed[instrument_token,exchange_token,tradingsymbol,name,expiry,strike,tick_size,lot_size,instrument_type,segment,exchange\n1,2,ABC,ABC,not-a-date,0,0.05,1,EQ,NSE,NSE\n-malformed row] PASSED [ 57%]
tests/unit/reference/test_zerodha_instruments.py::test_a_non_tradeable_row_with_blank_optional_numeric_fields_is_accepted PASSED [ 57%]
tests/unit/reference/test_zerodha_instruments.py::test_a_present_but_unparseable_tick_size_is_still_refused_with_a_precise_diagnostic PASSED [ 57%]
tests/unit/reference/test_zerodha_instruments.py::test_a_negative_tick_size_is_still_refused PASSED [ 57%]
tests/unit/reference/test_zerodha_instruments.py::test_a_negative_lot_size_is_still_refused PASSED [ 57%]
tests/unit/reference/test_zerodha_instruments.py::test_a_blank_required_identity_field_is_still_refused PASSED [ 57%]
tests/unit/reference/test_zerodha_instruments.py::test_a_blank_trading_symbol_is_still_refused PASSED [ 57%]
tests/unit/reference/test_zerodha_instruments.py::test_the_expiry_format_diagnostic_names_its_own_column PASSED [ 57%]
tests/unit/reference/test_zerodha_instruments.py::test_a_bse_equity_name_with_surrounding_whitespace_is_normalized_not_refused PASSED [ 57%]
tests/unit/reference/test_zerodha_instruments.py::test_internal_whitespace_in_a_name_is_preserved_not_collapsed PASSED [ 57%]
tests/unit/reference/test_zerodha_instruments.py::test_a_name_still_invalid_after_stripping_whitespace_is_refused PASSED [ 57%]
tests/unit/reference/test_zerodha_instruments.py::test_a_blank_name_and_expiry_remain_accepted PASSED [ 57%]
tests/unit/reference/test_zerodha_instruments.py::test_the_diagnostic_never_leaks_more_than_the_documented_public_columns PASSED [ 57%]
tests/unit/reference/test_zerodha_instruments.py::test_duplicate_provider_tokens_are_rejected PASSED [ 57%]
tests/unit/reference/test_zerodha_instruments.py::test_adapter_rejects_nonofficial_or_redirecting_clients PASSED [ 57%]
tests/unit/reference/test_zerodha_instruments.py::test_adapter_uses_only_documented_read_headers_and_hashes_the_dump PASSED [ 57%]
tests/unit/reference/test_zerodha_instruments.py::test_expired_session_fails_without_leaking_credentials PASSED [ 57%]
tests/unit/reference/test_zerodha_instruments.py::test_rate_limit_retries_with_bounded_retry_after PASSED [ 57%]
tests/unit/reference/test_zerodha_instruments.py::test_persistent_rate_limit_and_server_errors_surface_distinctly PASSED [ 57%]
tests/unit/scheduling/test_beat_adapter.py::test_a_job_whose_moment_has_arrived_is_due PASSED [ 57%]
tests/unit/scheduling/test_beat_adapter.py::test_a_job_whose_moment_has_not_arrived_is_not_due PASSED [ 57%]
tests/unit/scheduling/test_beat_adapter.py::test_the_wait_is_the_time_remaining_when_that_is_short PASSED [ 57%]
tests/unit/scheduling/test_beat_adapter.py::test_the_wait_is_capped_however_far_away_the_moment_is PASSED [ 57%]
tests/unit/scheduling/test_beat_adapter.py::test_a_schedule_that_never_qualifies_reports_the_idle_wait PASSED [ 57%]
tests/unit/scheduling/test_beat_adapter.py::test_a_beat_that_was_down_over_a_firing_catches_it_rather_than_skipping PASSED [ 58%]
tests/unit/scheduling/test_beat_adapter.py::test_a_holiday_is_skipped_without_beat_knowing_what_a_holiday_is PASSED [ 58%]
tests/unit/scheduling/test_beat_adapter.py::test_a_due_verdict_still_reports_a_sleep PASSED [ 58%]
tests/unit/scheduling/test_beat_adapter.py::test_a_naive_last_run_is_refused PASSED [ 58%]
tests/unit/scheduling/test_beat_adapter.py::test_a_naive_clock_is_read_as_utc PASSED [ 58%]
tests/unit/scheduling/test_beat_adapter.py::test_an_overnight_firing_from_yesterdays_session_is_not_missed PASSED [ 58%]
tests/unit/scheduling/test_beat_adapter.py::test_two_beats_with_the_same_policy_compare_equal PASSED [ 58%]
tests/unit/scheduling/test_beat_adapter.py::test_a_beat_with_a_different_policy_does_not_compare_equal PASSED [ 58%]
tests/unit/scheduling/test_beat_adapter.py::test_a_beat_is_not_equal_to_an_unrelated_object PASSED [ 58%]
tests/unit/scheduling/test_beat_adapter.py::test_a_beat_survives_the_schedule_file PASSED [ 58%]
tests/unit/scheduling/test_beat_adapter.py::test_a_beat_describes_itself_for_an_operator PASSED [ 58%]
tests/unit/scheduling/test_errors_cross_the_worker_boundary.py::test_the_taxonomy_is_actually_discovered PASSED [ 58%]
tests/unit/scheduling/test_errors_cross_the_worker_boundary.py::test_an_error_survives_being_shipped_between_processes[AuthenticationError] PASSED [ 58%]
tests/unit/scheduling/test_errors_cross_the_worker_boundary.py::test_an_error_survives_being_shipped_between_processes[ConfigurationError] PASSED [ 58%]
tests/unit/scheduling/test_errors_cross_the_worker_boundary.py::test_an_error_survives_being_shipped_between_processes[ConflictError] PASSED [ 58%]
tests/unit/scheduling/test_errors_cross_the_worker_boundary.py::test_an_error_survives_being_shipped_between_processes[DataQualityError] PASSED [ 58%]
tests/unit/scheduling/test_errors_cross_the_worker_boundary.py::test_an_error_survives_being_shipped_between_processes[DegradedModeError] PASSED [ 58%]
tests/unit/scheduling/test_errors_cross_the_worker_boundary.py::test_an_error_survives_being_shipped_between_processes[DhruvaError] PASSED [ 58%]
tests/unit/scheduling/test_errors_cross_the_worker_boundary.py::test_an_error_survives_being_shipped_between_processes[DuplicateEventError] PASSED [ 58%]
tests/unit/scheduling/test_errors_cross_the_worker_boundary.py::test_an_error_survives_being_shipped_between_processes[ExternalServiceError] PASSED [ 58%]
tests/unit/scheduling/test_errors_cross_the_worker_boundary.py::test_an_error_survives_being_shipped_between_processes[InvariantViolation] PASSED [ 58%]
tests/unit/scheduling/test_errors_cross_the_worker_boundary.py::test_an_error_survives_being_shipped_between_processes[MissingDataError] PASSED [ 58%]
tests/unit/scheduling/test_errors_cross_the_worker_boundary.py::test_an_error_survives_being_shipped_between_processes[NotFoundError] PASSED [ 58%]
tests/unit/scheduling/test_errors_cross_the_worker_boundary.py::test_an_error_survives_being_shipped_between_processes[PermissionDeniedError] PASSED [ 58%]
tests/unit/scheduling/test_errors_cross_the_worker_boundary.py::test_an_error_survives_being_shipped_between_processes[PreconditionUnknownError] PASSED [ 58%]
tests/unit/scheduling/test_errors_cross_the_worker_boundary.py::test_an_error_survives_being_shipped_between_processes[RateLimitedError] PASSED [ 58%]
tests/unit/scheduling/test_errors_cross_the_worker_boundary.py::test_an_error_survives_being_shipped_between_processes[SafetyError] PASSED [ 58%]
tests/unit/scheduling/test_errors_cross_the_worker_boundary.py::test_an_error_survives_being_shipped_between_processes[StaleDataError] PASSED [ 58%]
tests/unit/scheduling/test_errors_cross_the_worker_boundary.py::test_an_error_survives_being_shipped_between_processes[TokenExpiredError] PASSED [ 58%]
tests/unit/scheduling/test_errors_cross_the_worker_boundary.py::test_an_error_survives_being_shipped_between_processes[TokenRevokedError] PASSED [ 58%]
tests/unit/scheduling/test_errors_cross_the_worker_boundary.py::test_an_error_survives_being_shipped_between_processes[UnencodableValueError] PASSED [ 58%]
tests/unit/scheduling/test_errors_cross_the_worker_boundary.py::test_an_error_survives_being_shipped_between_processes[UnknownTimeSeriesTableError] PASSED [ 58%]
tests/unit/scheduling/test_errors_cross_the_worker_boundary.py::test_an_error_survives_being_shipped_between_processes[UnsafeConfigurationError] PASSED [ 58%]
tests/unit/scheduling/test_errors_cross_the_worker_boundary.py::test_an_error_survives_being_shipped_between_processes[UnsupportedEventVersionError] PASSED [ 58%]
tests/unit/scheduling/test_errors_cross_the_worker_boundary.py::test_an_error_survives_being_shipped_between_processes[UpstreamAuthenticationError] PASSED [ 59%]
tests/unit/scheduling/test_errors_cross_the_worker_boundary.py::test_an_error_survives_being_shipped_between_processes[UpstreamTimeoutError] PASSED [ 59%]
tests/unit/scheduling/test_errors_cross_the_worker_boundary.py::test_an_error_survives_being_shipped_between_processes[UpstreamUnavailableError] PASSED [ 59%]
tests/unit/scheduling/test_errors_cross_the_worker_boundary.py::test_an_error_survives_being_shipped_between_processes[ValidationError] PASSED [ 59%]
tests/unit/scheduling/test_errors_cross_the_worker_boundary.py::test_an_error_with_no_context_survives_too[AuthenticationError] PASSED [ 59%]
tests/unit/scheduling/test_errors_cross_the_worker_boundary.py::test_an_error_with_no_context_survives_too[ConfigurationError] PASSED [ 59%]
tests/unit/scheduling/test_errors_cross_the_worker_boundary.py::test_an_error_with_no_context_survives_too[ConflictError] PASSED [ 59%]
tests/unit/scheduling/test_errors_cross_the_worker_boundary.py::test_an_error_with_no_context_survives_too[DataQualityError] PASSED [ 59%]
tests/unit/scheduling/test_errors_cross_the_worker_boundary.py::test_an_error_with_no_context_survives_too[DegradedModeError] PASSED [ 59%]
tests/unit/scheduling/test_errors_cross_the_worker_boundary.py::test_an_error_with_no_context_survives_too[DhruvaError] PASSED [ 59%]
tests/unit/scheduling/test_errors_cross_the_worker_boundary.py::test_an_error_with_no_context_survives_too[DuplicateEventError] PASSED [ 59%]
tests/unit/scheduling/test_errors_cross_the_worker_boundary.py::test_an_error_with_no_context_survives_too[ExternalServiceError] PASSED [ 59%]
tests/unit/scheduling/test_errors_cross_the_worker_boundary.py::test_an_error_with_no_context_survives_too[InvariantViolation] PASSED [ 59%]
tests/unit/scheduling/test_errors_cross_the_worker_boundary.py::test_an_error_with_no_context_survives_too[MissingDataError] PASSED [ 59%]
tests/unit/scheduling/test_errors_cross_the_worker_boundary.py::test_an_error_with_no_context_survives_too[NotFoundError] PASSED [ 59%]
tests/unit/scheduling/test_errors_cross_the_worker_boundary.py::test_an_error_with_no_context_survives_too[PermissionDeniedError] PASSED [ 59%]
tests/unit/scheduling/test_errors_cross_the_worker_boundary.py::test_an_error_with_no_context_survives_too[PreconditionUnknownError] PASSED [ 59%]
tests/unit/scheduling/test_errors_cross_the_worker_boundary.py::test_an_error_with_no_context_survives_too[RateLimitedError] PASSED [ 59%]
tests/unit/scheduling/test_errors_cross_the_worker_boundary.py::test_an_error_with_no_context_survives_too[SafetyError] PASSED [ 59%]
tests/unit/scheduling/test_errors_cross_the_worker_boundary.py::test_an_error_with_no_context_survives_too[StaleDataError] PASSED [ 59%]
tests/unit/scheduling/test_errors_cross_the_worker_boundary.py::test_an_error_with_no_context_survives_too[TokenExpiredError] PASSED [ 59%]
tests/unit/scheduling/test_errors_cross_the_worker_boundary.py::test_an_error_with_no_context_survives_too[TokenRevokedError] PASSED [ 59%]
tests/unit/scheduling/test_errors_cross_the_worker_boundary.py::test_an_error_with_no_context_survives_too[UnencodableValueError] PASSED [ 59%]
tests/unit/scheduling/test_errors_cross_the_worker_boundary.py::test_an_error_with_no_context_survives_too[UnknownTimeSeriesTableError] PASSED [ 59%]
tests/unit/scheduling/test_errors_cross_the_worker_boundary.py::test_an_error_with_no_context_survives_too[UnsafeConfigurationError] PASSED [ 59%]
tests/unit/scheduling/test_errors_cross_the_worker_boundary.py::test_an_error_with_no_context_survives_too[UnsupportedEventVersionError] PASSED [ 59%]
tests/unit/scheduling/test_errors_cross_the_worker_boundary.py::test_an_error_with_no_context_survives_too[UpstreamAuthenticationError] PASSED [ 59%]
tests/unit/scheduling/test_errors_cross_the_worker_boundary.py::test_an_error_with_no_context_survives_too[UpstreamTimeoutError] PASSED [ 59%]
tests/unit/scheduling/test_errors_cross_the_worker_boundary.py::test_an_error_with_no_context_survives_too[UpstreamUnavailableError] PASSED [ 59%]
tests/unit/scheduling/test_errors_cross_the_worker_boundary.py::test_an_error_with_no_context_survives_too[ValidationError] PASSED [ 59%]
tests/unit/scheduling/test_errors_cross_the_worker_boundary.py::test_a_raised_and_caught_error_still_survives[AuthenticationError] PASSED [ 59%]
tests/unit/scheduling/test_errors_cross_the_worker_boundary.py::test_a_raised_and_caught_error_still_survives[ConfigurationError] PASSED [ 59%]
tests/unit/scheduling/test_errors_cross_the_worker_boundary.py::test_a_raised_and_caught_error_still_survives[ConflictError] PASSED [ 59%]
tests/unit/scheduling/test_errors_cross_the_worker_boundary.py::test_a_raised_and_caught_error_still_survives[DataQualityError] PASSED [ 59%]
tests/unit/scheduling/test_errors_cross_the_worker_boundary.py::test_a_raised_and_caught_error_still_survives[DegradedModeError] PASSED [ 59%]
tests/unit/scheduling/test_errors_cross_the_worker_boundary.py::test_a_raised_and_caught_error_still_survives[DhruvaError] PASSED [ 60%]
tests/unit/scheduling/test_errors_cross_the_worker_boundary.py::test_a_raised_and_caught_error_still_survives[DuplicateEventError] PASSED [ 60%]
tests/unit/scheduling/test_errors_cross_the_worker_boundary.py::test_a_raised_and_caught_error_still_survives[ExternalServiceError] PASSED [ 60%]
tests/unit/scheduling/test_errors_cross_the_worker_boundary.py::test_a_raised_and_caught_error_still_survives[InvariantViolation] PASSED [ 60%]
tests/unit/scheduling/test_errors_cross_the_worker_boundary.py::test_a_raised_and_caught_error_still_survives[MissingDataError] PASSED [ 60%]
tests/unit/scheduling/test_errors_cross_the_worker_boundary.py::test_a_raised_and_caught_error_still_survives[NotFoundError] PASSED [ 60%]
tests/unit/scheduling/test_errors_cross_the_worker_boundary.py::test_a_raised_and_caught_error_still_survives[PermissionDeniedError] PASSED [ 60%]
tests/unit/scheduling/test_errors_cross_the_worker_boundary.py::test_a_raised_and_caught_error_still_survives[PreconditionUnknownError] PASSED [ 60%]
tests/unit/scheduling/test_errors_cross_the_worker_boundary.py::test_a_raised_and_caught_error_still_survives[RateLimitedError] PASSED [ 60%]
tests/unit/scheduling/test_errors_cross_the_worker_boundary.py::test_a_raised_and_caught_error_still_survives[SafetyError] PASSED [ 60%]
tests/unit/scheduling/test_errors_cross_the_worker_boundary.py::test_a_raised_and_caught_error_still_survives[StaleDataError] PASSED [ 60%]
tests/unit/scheduling/test_errors_cross_the_worker_boundary.py::test_a_raised_and_caught_error_still_survives[TokenExpiredError] PASSED [ 60%]
tests/unit/scheduling/test_errors_cross_the_worker_boundary.py::test_a_raised_and_caught_error_still_survives[TokenRevokedError] PASSED [ 60%]
tests/unit/scheduling/test_errors_cross_the_worker_boundary.py::test_a_raised_and_caught_error_still_survives[UnencodableValueError] PASSED [ 60%]
tests/unit/scheduling/test_errors_cross_the_worker_boundary.py::test_a_raised_and_caught_error_still_survives[UnknownTimeSeriesTableError] PASSED [ 60%]
tests/unit/scheduling/test_errors_cross_the_worker_boundary.py::test_a_raised_and_caught_error_still_survives[UnsafeConfigurationError] PASSED [ 60%]
tests/unit/scheduling/test_errors_cross_the_worker_boundary.py::test_a_raised_and_caught_error_still_survives[UnsupportedEventVersionError] PASSED [ 60%]
tests/unit/scheduling/test_errors_cross_the_worker_boundary.py::test_a_raised_and_caught_error_still_survives[UpstreamAuthenticationError] PASSED [ 60%]
tests/unit/scheduling/test_errors_cross_the_worker_boundary.py::test_a_raised_and_caught_error_still_survives[UpstreamTimeoutError] PASSED [ 60%]
tests/unit/scheduling/test_errors_cross_the_worker_boundary.py::test_a_raised_and_caught_error_still_survives[UpstreamUnavailableError] PASSED [ 60%]
tests/unit/scheduling/test_errors_cross_the_worker_boundary.py::test_a_raised_and_caught_error_still_survives[ValidationError] PASSED [ 60%]
tests/unit/scheduling/test_errors_cross_the_worker_boundary.py::test_the_error_code_is_preserved_rather_than_recomputed PASSED [ 60%]
tests/unit/scheduling/test_errors_cross_the_worker_boundary.py::test_an_exception_chain_does_not_survive_the_trip PASSED [ 60%]
tests/unit/scheduling/test_errors_cross_the_worker_boundary.py::test_the_cause_survives_when_it_is_recorded_as_context PASSED [ 60%]
tests/unit/scheduling/test_trading_day_schedule.py::test_a_schedule_with_no_offset_fires_at_the_anchor PASSED [ 60%]
tests/unit/scheduling/test_trading_day_schedule.py::test_the_offset_is_applied_in_the_direction_it_reads[market_open-offset0-expected0] PASSED [ 60%]
tests/unit/scheduling/test_trading_day_schedule.py::test_the_offset_is_applied_in_the_direction_it_reads[market_open-offset1-expected1] PASSED [ 60%]
tests/unit/scheduling/test_trading_day_schedule.py::test_the_offset_is_applied_in_the_direction_it_reads[market_close-offset2-expected2] PASSED [ 60%]
tests/unit/scheduling/test_trading_day_schedule.py::test_the_offset_is_applied_in_the_direction_it_reads[market_close-offset3-expected3] PASSED [ 60%]
tests/unit/scheduling/test_trading_day_schedule.py::test_a_pre_open_schedule_fires_before_the_market_opens PASSED [ 60%]
tests/unit/scheduling/test_trading_day_schedule.py::test_an_offset_may_carry_a_firing_past_midnight PASSED [ 60%]
tests/unit/scheduling/test_trading_day_schedule.py::test_the_anchor_follows_a_shortened_session_rather_than_the_clock PASSED [ 60%]
tests/unit/scheduling/test_trading_day_schedule.py::test_every_session_kind_qualifies_by_default PASSED [ 60%]
tests/unit/scheduling/test_trading_day_schedule.py::test_a_schedule_restricted_to_regular_sessions_skips_the_others PASSED [ 60%]
tests/unit/scheduling/test_trading_day_schedule.py::test_a_schedule_may_target_only_the_muhurat_session PASSED [ 60%]
tests/unit/scheduling/test_trading_day_schedule.py::test_a_holiday_and_a_weekend_produce_no_occurrence PASSED [ 61%]
tests/unit/scheduling/test_trading_day_schedule.py::test_occurrences_are_ordered PASSED [ 61%]
tests/unit/scheduling/test_trading_day_schedule.py::test_a_span_with_no_sessions_produces_nothing PASSED [ 61%]
tests/unit/scheduling/test_trading_day_schedule.py::test_an_occurrence_after_the_final_session_is_still_included PASSED [ 61%]
tests/unit/scheduling/test_trading_day_schedule.py::test_the_next_firing_skips_a_holiday PASSED [ 61%]
tests/unit/scheduling/test_trading_day_schedule.py::test_the_next_firing_is_strictly_after_the_instant_given PASSED [ 61%]
tests/unit/scheduling/test_trading_day_schedule.py::test_no_further_firing_inside_the_span_returns_nothing PASSED [ 61%]
tests/unit/scheduling/test_trading_day_schedule.py::test_a_schedule_that_never_qualifies_returns_nothing_rather_than_hanging PASSED [ 61%]
tests/unit/scheduling/test_trading_day_schedule.py::test_a_schedule_with_no_session_kinds_is_refused PASSED [ 61%]
tests/unit/scheduling/test_trading_day_schedule.py::test_an_offset_beyond_a_day_is_refused[offset0] PASSED [ 61%]
tests/unit/scheduling/test_trading_day_schedule.py::test_an_offset_beyond_a_day_is_refused[offset1] PASSED [ 61%]
tests/unit/scheduling/test_trading_day_schedule.py::test_an_offset_of_exactly_one_day_is_permitted PASSED [ 61%]
tests/unit/scheduling/test_trading_day_schedule.py::test_a_schedule_is_immutable PASSED [ 61%]
tests/unit/scheduling/test_trading_day_schedule.py::test_schedules_compare_by_value PASSED [ 61%]
tests/unit/scheduling/test_trading_day_schedule.py::test_a_schedule_describes_itself_the_way_it_was_written[schedule0-market_open] PASSED [ 61%]
tests/unit/scheduling/test_trading_day_schedule.py::test_a_schedule_describes_itself_the_way_it_was_written[schedule1-market_open + 0:05:00] PASSED [ 61%]
tests/unit/scheduling/test_trading_day_schedule.py::test_a_schedule_describes_itself_the_way_it_was_written[schedule2-market_close - 0:15:00] PASSED [ 61%]
tests/unit/scheduling/test_trading_day_schedule.py::test_a_firing_is_always_the_anchor_plus_the_offset PASSED [ 61%]
tests/unit/scheduling/test_trading_day_schedule.py::test_occurrences_are_ordered_for_every_schedule PASSED [ 61%]
tests/unit/scheduling/test_trading_day_schedule.py::test_a_firing_is_always_timezone_aware PASSED [ 61%]
tests/unit/scheduling/test_trading_day_schedule.py::test_the_next_firing_is_the_first_occurrence_after_the_instant PASSED [ 61%]
tests/unit/scheduling/test_trading_day_schedule.py::test_restricting_kinds_never_adds_an_occurrence PASSED [ 61%]
tests/unit/shared/messaging/test_envelope.py::test_every_supported_value_survives_the_wire_exactly PASSED [ 61%]
tests/unit/shared/messaging/test_envelope.py::test_nesting_does_not_weaken_the_guarantee PASSED [ 61%]
tests/unit/shared/messaging/test_envelope.py::test_money_crosses_the_wire_as_an_integer_not_a_number PASSED [ 61%]
tests/unit/shared/messaging/test_envelope.py::test_a_float_is_refused_rather_than_coerced[1.5] PASSED [ 61%]
tests/unit/shared/messaging/test_envelope.py::test_a_float_is_refused_rather_than_coerced[0.0] PASSED [ 61%]
tests/unit/shared/messaging/test_envelope.py::test_a_float_is_refused_rather_than_coerced[-2.75] PASSED [ 61%]
tests/unit/shared/messaging/test_envelope.py::test_a_float_is_refused_rather_than_coerced[inf] PASSED [ 61%]
tests/unit/shared/messaging/test_envelope.py::test_a_float_nested_deep_in_a_payload_is_still_refused PASSED [ 61%]
tests/unit/shared/messaging/test_envelope.py::test_a_type_with_no_codec_is_refused_rather_than_stringified PASSED [ 61%]
tests/unit/shared/messaging/test_envelope.py::test_a_naive_datetime_is_refused PASSED [ 61%]
tests/unit/shared/messaging/test_envelope.py::test_an_unknown_encoded_type_is_refused_on_the_way_in PASSED [ 61%]
tests/unit/shared/messaging/test_envelope.py::test_a_malformed_encoded_body_is_refused PASSED [ 61%]
tests/unit/shared/messaging/test_envelope.py::test_key_insertion_order_does_not_change_the_bytes PASSED [ 61%]
tests/unit/shared/messaging/test_envelope.py::test_canonical_json_is_compact_and_sorted PASSED [ 62%]
tests/unit/shared/messaging/test_envelope.py::test_canonical_json_refuses_non_finite_numbers PASSED [ 62%]
tests/unit/shared/messaging/test_envelope.py::test_an_envelope_round_trips_through_its_wire_form PASSED [ 62%]
tests/unit/shared/messaging/test_envelope.py::test_serialising_the_same_envelope_twice_produces_identical_bytes PASSED [ 62%]
tests/unit/shared/messaging/test_envelope.py::test_two_envelopes_with_equal_content_serialise_identically PASSED [ 62%]
tests/unit/shared/messaging/test_envelope.py::test_a_round_trip_does_not_perturb_the_bytes PASSED [ 62%]
tests/unit/shared/messaging/test_envelope.py::test_an_envelope_is_immutable PASSED [ 62%]
tests/unit/shared/messaging/test_envelope.py::test_an_optional_identifier_may_be_absent PASSED [ 62%]
tests/unit/shared/messaging/test_envelope.py::test_a_missing_required_field_is_refused[event_id] PASSED [ 62%]
tests/unit/shared/messaging/test_envelope.py::test_a_missing_required_field_is_refused[sequence] PASSED [ 62%]
tests/unit/shared/messaging/test_envelope.py::test_a_missing_required_field_is_refused[payload] PASSED [ 62%]
tests/unit/shared/messaging/test_envelope.py::test_a_missing_required_field_is_refused[recorded_at] PASSED [ 62%]
tests/unit/shared/messaging/test_envelope.py::test_a_version_this_consumer_does_not_understand_is_refused PASSED [ 62%]
tests/unit/shared/messaging/test_envelope.py::test_a_supported_version_passes_the_check PASSED [ 62%]
tests/unit/shared/messaging/test_envelope.py::test_an_unorderable_or_unversioned_envelope_is_refused[event_version-0] PASSED [ 62%]
tests/unit/shared/messaging/test_envelope.py::test_an_unorderable_or_unversioned_envelope_is_refused[sequence--1] PASSED [ 62%]
tests/unit/shared/messaging/test_envelope.py::test_a_naive_timestamp_is_refused_at_construction PASSED [ 62%]
tests/unit/shared/messaging/test_envelope.py::test_the_bitemporal_pair_is_preserved_independently PASSED [ 62%]
tests/unit/shared/messaging/test_envelope.py::test_the_payload_keeps_exact_domain_types_not_their_reprs PASSED [ 62%]
tests/unit/shared/messaging/test_envelope.py::test_identifiers_come_back_as_uuids PASSED [ 62%]
tests/unit/shared/messaging/test_envelope.py::test_a_document_that_is_not_an_object_is_refused PASSED [ 62%]
tests/unit/shared/messaging/test_envelope.py::test_invalid_json_is_refused_with_the_reason PASSED [ 62%]
tests/unit/shared/messaging/test_envelope.py::test_a_date_payload_survives_as_a_date PASSED [ 62%]
tests/unit/shared/messaging/test_envelope.py::test_quantity_and_ratio_survive_a_payload PASSED [ 62%]
tests/unit/shared/money/test_money.py::test_minor_units_round_trip PASSED [ 62%]
tests/unit/shared/money/test_money.py::test_of_composes_major_and_minor PASSED [ 62%]
tests/unit/shared/money/test_money.py::test_of_applies_the_sign_to_the_whole_amount PASSED [ 62%]
tests/unit/shared/money/test_money.py::test_repr_round_trips_through_parse PASSED [ 62%]
tests/unit/shared/money/test_money.py::test_parse_accepts_valid_forms[0-0] PASSED [ 62%]
tests/unit/shared/money/test_money.py::test_parse_accepts_valid_forms[0.00-0] PASSED [ 62%]
tests/unit/shared/money/test_money.py::test_parse_accepts_valid_forms[1-100] PASSED [ 62%]
tests/unit/shared/money/test_money.py::test_parse_accepts_valid_forms[1.5-150] PASSED [ 62%]
tests/unit/shared/money/test_money.py::test_parse_accepts_valid_forms[1.05-105] PASSED [ 62%]
tests/unit/shared/money/test_money.py::test_parse_accepts_valid_forms[-1.05--105] PASSED [ 62%]
tests/unit/shared/money/test_money.py::test_parse_accepts_valid_forms[+1.05-105] PASSED [ 63%]
tests/unit/shared/money/test_money.py::test_parse_accepts_valid_forms[  12.34  -1234] PASSED [ 63%]
tests/unit/shared/money/test_money.py::test_parse_accepts_valid_forms[1234.56-123456] PASSED [ 63%]
tests/unit/shared/money/test_money.py::test_parse_rejects_malformed_input[] PASSED [ 63%]
tests/unit/shared/money/test_money.py::test_parse_rejects_malformed_input[abc] PASSED [ 63%]
tests/unit/shared/money/test_money.py::test_parse_rejects_malformed_input[1.2.3] PASSED [ 63%]
tests/unit/shared/money/test_money.py::test_parse_rejects_malformed_input[1,234.56] PASSED [ 63%]
tests/unit/shared/money/test_money.py::test_parse_rejects_malformed_input[--1] PASSED [ 63%]
tests/unit/shared/money/test_money.py::test_parse_rejects_malformed_input[1e5] PASSED [ 63%]
tests/unit/shared/money/test_money.py::test_parse_rejects_malformed_input[ ] PASSED [ 63%]
tests/unit/shared/money/test_money.py::test_parse_rejects_malformed_input[.5] PASSED [ 63%]
tests/unit/shared/money/test_money.py::test_parse_rejects_malformed_input[1.] PASSED [ 63%]
tests/unit/shared/money/test_money.py::test_parse_rejects_excess_precision PASSED [ 63%]
tests/unit/shared/money/test_money.py::test_construction_rejects_anything_but_int[1.0] PASSED [ 63%]
tests/unit/shared/money/test_money.py::test_construction_rejects_anything_but_int[1.5] PASSED [ 63%]
tests/unit/shared/money/test_money.py::test_construction_rejects_anything_but_int[True] PASSED [ 63%]
tests/unit/shared/money/test_money.py::test_construction_rejects_anything_but_int[None] PASSED [ 63%]
tests/unit/shared/money/test_money.py::test_construction_rejects_anything_but_int[bad4] PASSED [ 63%]
tests/unit/shared/money/test_money.py::test_construction_rejects_anything_but_int[100] PASSED [ 63%]
tests/unit/shared/money/test_money.py::test_of_rejects_an_out_of_range_minor_part PASSED [ 63%]
tests/unit/shared/money/test_money.py::test_addition_is_commutative PASSED [ 63%]
tests/unit/shared/money/test_money.py::test_addition_is_associative PASSED [ 63%]
tests/unit/shared/money/test_money.py::test_zero_is_the_additive_identity PASSED [ 63%]
tests/unit/shared/money/test_money.py::test_negation_is_an_involution PASSED [ 63%]
tests/unit/shared/money/test_money.py::test_subtraction_is_addition_of_the_negation PASSED [ 63%]
tests/unit/shared/money/test_money.py::test_multiplication_distributes_over_addition PASSED [ 63%]
tests/unit/shared/money/test_money.py::test_multiplication_by_one_is_the_identity PASSED [ 63%]
tests/unit/shared/money/test_money.py::test_absolute_value_is_never_negative PASSED [ 63%]
tests/unit/shared/money/test_money.py::test_allocation_never_loses_or_creates_a_paisa PASSED [ 63%]
tests/unit/shared/money/test_money.py::test_allocation_is_deterministic PASSED [ 63%]
tests/unit/shared/money/test_money.py::test_a_strictly_larger_weight_never_receives_a_smaller_share PASSED [ 63%]
tests/unit/shared/money/test_money.py::test_split_is_lossless PASSED     [ 63%]
tests/unit/shared/money/test_money.py::test_the_classic_hundred_split_three_ways PASSED [ 63%]
tests/unit/shared/money/test_money.py::test_allocation_rejects_invalid_weights[bad0] PASSED [ 63%]
tests/unit/shared/money/test_money.py::test_allocation_rejects_invalid_weights[bad1] PASSED [ 63%]
tests/unit/shared/money/test_money.py::test_allocation_rejects_invalid_weights[bad2] PASSED [ 64%]
tests/unit/shared/money/test_money.py::test_applying_a_zero_rate_yields_zero PASSED [ 64%]
tests/unit/shared/money/test_money.py::test_applying_a_unit_rate_is_the_identity PASSED [ 64%]
tests/unit/shared/money/test_money.py::test_conservative_rounding_never_understates_a_charge PASSED [ 64%]
tests/unit/shared/money/test_money.py::test_a_negative_rate_produces_a_credit PASSED [ 64%]
tests/unit/shared/money/test_money.py::test_applying_a_rate_and_its_negation_are_opposites PASSED [ 64%]
tests/unit/shared/money/test_money.py::test_gst_at_eighteen_percent PASSED [ 64%]
tests/unit/shared/money/test_money.py::test_stt_rounds_to_the_nearest_rupee PASSED [ 64%]
tests/unit/shared/money/test_money.py::test_half_even_and_half_up_differ_exactly_at_the_midpoint PASSED [ 64%]
tests/unit/shared/money/test_money.py::test_division_requires_an_explicit_policy PASSED [ 64%]
tests/unit/shared/money/test_money.py::test_division_by_zero_is_refused PASSED [ 64%]
tests/unit/shared/money/test_money.py::test_money_divided_by_quantity_is_a_price PASSED [ 64%]
tests/unit/shared/money/test_money.py::test_money_divided_by_money_is_dimensionless PASSED [ 64%]
tests/unit/shared/money/test_money.py::test_money_times_money_does_not_exist PASSED [ 64%]
tests/unit/shared/money/test_money.py::test_money_plus_int_does_not_exist PASSED [ 64%]
tests/unit/shared/money/test_money.py::test_equality_incorporates_currency_not_just_amount PASSED [ 64%]
tests/unit/shared/money/test_money.py::test_same_currency_arithmetic_always_succeeds PASSED [ 64%]
tests/unit/shared/money/test_money.py::test_equal_amounts_hash_equally PASSED [ 64%]
tests/unit/shared/money/test_money.py::test_ordering_is_consistent_with_equality PASSED [ 64%]
tests/unit/shared/money/test_money.py::test_money_is_immutable PASSED    [ 64%]
tests/unit/shared/money/test_money.py::test_money_is_usable_as_a_dict_key PASSED [ 64%]
tests/unit/shared/money/test_money.py::test_as_decimal_is_exact PASSED   [ 64%]
tests/unit/shared/money/test_money.py::test_money_has_no_float_conversion PASSED [ 64%]
tests/unit/shared/money/test_money.py::test_arithmetic_is_exact_at_the_bigint_boundary PASSED [ 64%]
tests/unit/shared/money/test_money.py::test_arbitrarily_large_amounts_stay_exact PASSED [ 64%]
tests/unit/shared/money/test_price.py::test_scale_is_eight_and_fixed PASSED [ 64%]
tests/unit/shared/money/test_price.py::test_every_supported_market_precision_survives_a_round_trip[1234.56-2] PASSED [ 64%]
tests/unit/shared/money/test_price.py::test_every_supported_market_precision_survives_a_round_trip[83.2525-4] PASSED [ 64%]
tests/unit/shared/money/test_price.py::test_every_supported_market_precision_survives_a_round_trip[1.00005-5] PASSED [ 64%]
tests/unit/shared/money/test_price.py::test_every_supported_market_precision_survives_a_round_trip[0.00000001-8] PASSED [ 64%]
tests/unit/shared/money/test_price.py::test_a_currency_derivative_tick_is_representable PASSED [ 64%]
tests/unit/shared/money/test_price.py::test_parse_rejects_precision_beyond_the_scale PASSED [ 64%]
tests/unit/shared/money/test_price.py::test_construction_rejects_anything_but_int[1.0] PASSED [ 64%]
tests/unit/shared/money/test_price.py::test_construction_rejects_anything_but_int[0.5] PASSED [ 64%]
tests/unit/shared/money/test_price.py::test_construction_rejects_anything_but_int[True] PASSED [ 64%]
tests/unit/shared/money/test_price.py::test_construction_rejects_anything_but_int[None] PASSED [ 65%]
tests/unit/shared/money/test_price.py::test_construction_rejects_anything_but_int[bad4] PASSED [ 65%]
tests/unit/shared/money/test_price.py::test_repr_round_trips_through_parse PASSED [ 65%]
tests/unit/shared/money/test_price.py::test_price_times_quantity_is_money PASSED [ 65%]
tests/unit/shared/money/test_price.py::test_notional_is_computed_exactly PASSED [ 65%]
tests/unit/shared/money/test_price.py::test_bare_multiplication_refuses_to_round PASSED [ 65%]
tests/unit/shared/money/test_price.py::test_bare_multiplication_succeeds_when_exact PASSED [ 65%]
tests/unit/shared/money/test_price.py::test_notional_then_per_unit_recovers_the_price PASSED [ 65%]
tests/unit/shared/money/test_price.py::test_price_times_price_does_not_exist PASSED [ 65%]
tests/unit/shared/money/test_price.py::test_price_plus_money_does_not_exist PASSED [ 65%]
tests/unit/shared/money/test_price.py::test_a_spread_between_prices_is_still_a_price PASSED [ 65%]
tests/unit/shared/money/test_price.py::test_round_to_tick_snaps_to_the_instrument_grid PASSED [ 65%]
tests/unit/shared/money/test_price.py::test_a_tick_aligned_price_is_always_a_multiple_of_the_tick PASSED [ 65%]
tests/unit/shared/money/test_price.py::test_round_to_tick_rejects_a_non_positive_tick PASSED [ 65%]
tests/unit/shared/money/test_price.py::test_equal_prices_hash_equally PASSED [ 65%]
tests/unit/shared/money/test_price.py::test_price_is_immutable PASSED    [ 65%]
tests/unit/shared/money/test_price.py::test_ordering_is_consistent_with_equality PASSED [ 65%]
tests/unit/shared/money/test_price.py::test_price_has_no_float_conversion PASSED [ 65%]
tests/unit/shared/money/test_price.py::test_addition_is_associative PASSED [ 65%]
tests/unit/shared/money/test_price.py::test_negation_is_an_involution PASSED [ 65%]
tests/unit/shared/money/test_price.py::test_notional_of_zero_quantity_is_zero PASSED [ 65%]
tests/unit/shared/money/test_quantity.py::test_quantity_refuses_to_be_negative PASSED [ 65%]
tests/unit/shared/money/test_quantity.py::test_quantity_rejects_non_integers[1.0] PASSED [ 65%]
tests/unit/shared/money/test_quantity.py::test_quantity_rejects_non_integers[1.5] PASSED [ 65%]
tests/unit/shared/money/test_quantity.py::test_quantity_rejects_non_integers[True] PASSED [ 65%]
tests/unit/shared/money/test_quantity.py::test_quantity_rejects_non_integers[None] PASSED [ 65%]
tests/unit/shared/money/test_quantity.py::test_quantity_rejects_non_integers[10] PASSED [ 65%]
tests/unit/shared/money/test_quantity.py::test_lots_requires_an_explicit_lot_size PASSED [ 65%]
tests/unit/shared/money/test_quantity.py::test_lots_has_no_default_lot_size PASSED [ 65%]
tests/unit/shared/money/test_quantity.py::test_lots_round_trip PASSED    [ 65%]
tests/unit/shared/money/test_quantity.py::test_a_partial_lot_is_refused_rather_than_rounded PASSED [ 65%]
tests/unit/shared/money/test_quantity.py::test_addition_is_commutative PASSED [ 65%]
tests/unit/shared/money/test_quantity.py::test_subtraction_refuses_to_go_negative PASSED [ 65%]
tests/unit/shared/money/test_quantity.py::test_side_sign_is_the_single_conversion_point PASSED [ 65%]
tests/unit/shared/money/test_quantity.py::test_signing_a_quantity_preserves_magnitude PASSED [ 66%]
tests/unit/shared/money/test_quantity.py::test_a_signed_quantity_reports_its_side PASSED [ 66%]
tests/unit/shared/money/test_quantity.py::test_a_zero_delta_has_no_side PASSED [ 66%]
tests/unit/shared/money/test_quantity.py::test_signed_deltas_net_correctly PASSED [ 66%]
tests/unit/shared/money/test_quantity.py::test_negation_reverses_a_delta PASSED [ 66%]
tests/unit/shared/money/test_quantity.py::test_quantity_is_immutable_and_hashable PASSED [ 66%]
tests/unit/shared/money/test_quantity.py::test_signed_quantity_is_immutable_and_hashable PASSED [ 66%]
tests/unit/shared/money/test_quantity.py::test_quantity_and_signed_quantity_are_distinct_types PASSED [ 66%]
tests/unit/shared/money/test_ratio.py::test_the_three_constructors_agree PASSED [ 66%]
tests/unit/shared/money/test_ratio.py::test_percent_round_trip PASSED    [ 66%]
tests/unit/shared/money/test_ratio.py::test_basis_point_round_trip PASSED [ 66%]
tests/unit/shared/money/test_ratio.py::test_float_rates_are_refused[0.18] PASSED [ 66%]
tests/unit/shared/money/test_ratio.py::test_float_rates_are_refused[1.0] PASSED [ 66%]
tests/unit/shared/money/test_ratio.py::test_float_rates_are_refused[nan] PASSED [ 66%]
tests/unit/shared/money/test_ratio.py::test_float_rates_are_refused[inf] PASSED [ 66%]
tests/unit/shared/money/test_ratio.py::test_addition_is_commutative PASSED [ 66%]
tests/unit/shared/money/test_ratio.py::test_gst_components_sum_to_the_whole PASSED [ 66%]
tests/unit/shared/money/test_ratio.py::test_negation_is_an_involution PASSED [ 66%]
tests/unit/shared/money/test_ratio.py::test_equal_ratios_hash_equally_despite_representation PASSED [ 66%]
tests/unit/shared/money/test_ratio.py::test_ordering_is_consistent_with_equality PASSED [ 66%]
tests/unit/shared/money/test_ratio.py::test_ratio_is_immutable PASSED    [ 66%]
tests/unit/shared/money/test_ratio.py::test_string_form_reads_as_a_percentage PASSED [ 66%]
tests/unit/shared/money/test_ratio.py::test_zero_ratio PASSED            [ 66%]
tests/unit/shared/money/test_rounding.py::test_positive_midpoint[floor-1] PASSED [ 66%]
tests/unit/shared/money/test_rounding.py::test_positive_midpoint[ceiling-2] PASSED [ 66%]
tests/unit/shared/money/test_rounding.py::test_positive_midpoint[down-1] PASSED [ 66%]
tests/unit/shared/money/test_rounding.py::test_positive_midpoint[up-2] PASSED [ 66%]
tests/unit/shared/money/test_rounding.py::test_positive_midpoint[half_up-2] PASSED [ 66%]
tests/unit/shared/money/test_rounding.py::test_positive_midpoint[half_even-2] PASSED [ 66%]
tests/unit/shared/money/test_rounding.py::test_negative_midpoint[floor--2] PASSED [ 66%]
tests/unit/shared/money/test_rounding.py::test_negative_midpoint[ceiling--1] PASSED [ 66%]
tests/unit/shared/money/test_rounding.py::test_negative_midpoint[down--1] PASSED [ 66%]
tests/unit/shared/money/test_rounding.py::test_negative_midpoint[up--2] PASSED [ 66%]
tests/unit/shared/money/test_rounding.py::test_negative_midpoint[half_up--2] PASSED [ 66%]
tests/unit/shared/money/test_rounding.py::test_negative_midpoint[half_even--2] PASSED [ 66%]
tests/unit/shared/money/test_rounding.py::test_half_even_breaks_ties_to_the_even_neighbour[5-2] PASSED [ 67%]
tests/unit/shared/money/test_rounding.py::test_half_even_breaks_ties_to_the_even_neighbour[7-4] PASSED [ 67%]
tests/unit/shared/money/test_rounding.py::test_half_even_breaks_ties_to_the_even_neighbour[-5--2] PASSED [ 67%]
tests/unit/shared/money/test_rounding.py::test_half_even_breaks_ties_to_the_even_neighbour[-7--4] PASSED [ 67%]
tests/unit/shared/money/test_rounding.py::test_every_mode_lands_on_an_adjacent_integer PASSED [ 67%]
tests/unit/shared/money/test_rounding.py::test_exact_division_is_unaffected_by_mode PASSED [ 67%]
tests/unit/shared/money/test_rounding.py::test_up_and_down_bracket_the_true_value PASSED [ 67%]
tests/unit/shared/money/test_rounding.py::test_exact_refuses_to_round PASSED [ 67%]
tests/unit/shared/money/test_rounding.py::test_a_quantum_snaps_the_result_to_that_granularity PASSED [ 67%]
tests/unit/shared/money/test_rounding.py::test_quantum_rounding_picks_the_nearest_multiple PASSED [ 67%]
tests/unit/shared/money/test_rounding.py::test_a_non_positive_denominator_is_refused PASSED [ 67%]
tests/unit/shared/money/test_rounding.py::test_a_non_positive_quantum_is_refused_at_construction PASSED [ 67%]
tests/unit/shared/money/test_rounding.py::test_policies_are_named_after_the_market_rule PASSED [ 67%]
tests/unit/shared/money/test_rounding.py::test_policies_are_immutable_value_objects PASSED [ 67%]
tests/unit/shared/money/test_value_object_protocol.py::test_ordering_is_total_within_a_type[lt-Money] PASSED [ 67%]
tests/unit/shared/money/test_value_object_protocol.py::test_ordering_is_total_within_a_type[lt-Price] PASSED [ 67%]
tests/unit/shared/money/test_value_object_protocol.py::test_ordering_is_total_within_a_type[lt-Quantity] PASSED [ 67%]
tests/unit/shared/money/test_value_object_protocol.py::test_ordering_is_total_within_a_type[lt-Ratio] PASSED [ 67%]
tests/unit/shared/money/test_value_object_protocol.py::test_ordering_is_total_within_a_type[le-Money] PASSED [ 67%]
tests/unit/shared/money/test_value_object_protocol.py::test_ordering_is_total_within_a_type[le-Price] PASSED [ 67%]
tests/unit/shared/money/test_value_object_protocol.py::test_ordering_is_total_within_a_type[le-Quantity] PASSED [ 67%]
tests/unit/shared/money/test_value_object_protocol.py::test_ordering_is_total_within_a_type[le-Ratio] PASSED [ 67%]
tests/unit/shared/money/test_value_object_protocol.py::test_ordering_is_total_within_a_type[gt-Money] PASSED [ 67%]
tests/unit/shared/money/test_value_object_protocol.py::test_ordering_is_total_within_a_type[gt-Price] PASSED [ 67%]
tests/unit/shared/money/test_value_object_protocol.py::test_ordering_is_total_within_a_type[gt-Quantity] PASSED [ 67%]
tests/unit/shared/money/test_value_object_protocol.py::test_ordering_is_total_within_a_type[gt-Ratio] PASSED [ 67%]
tests/unit/shared/money/test_value_object_protocol.py::test_ordering_is_total_within_a_type[ge-Money] PASSED [ 67%]
tests/unit/shared/money/test_value_object_protocol.py::test_ordering_is_total_within_a_type[ge-Price] PASSED [ 67%]
tests/unit/shared/money/test_value_object_protocol.py::test_ordering_is_total_within_a_type[ge-Quantity] PASSED [ 67%]
tests/unit/shared/money/test_value_object_protocol.py::test_ordering_is_total_within_a_type[ge-Ratio] PASSED [ 67%]
tests/unit/shared/money/test_value_object_protocol.py::test_ordering_against_a_foreign_type_raises[int-lt-Money] PASSED [ 67%]
tests/unit/shared/money/test_value_object_protocol.py::test_ordering_against_a_foreign_type_raises[int-lt-Price] PASSED [ 67%]
tests/unit/shared/money/test_value_object_protocol.py::test_ordering_against_a_foreign_type_raises[int-lt-Quantity] PASSED [ 67%]
tests/unit/shared/money/test_value_object_protocol.py::test_ordering_against_a_foreign_type_raises[int-lt-Ratio] PASSED [ 67%]
tests/unit/shared/money/test_value_object_protocol.py::test_ordering_against_a_foreign_type_raises[int-le-Money] PASSED [ 67%]
tests/unit/shared/money/test_value_object_protocol.py::test_ordering_against_a_foreign_type_raises[int-le-Price] PASSED [ 68%]
tests/unit/shared/money/test_value_object_protocol.py::test_ordering_against_a_foreign_type_raises[int-le-Quantity] PASSED [ 68%]
tests/unit/shared/money/test_value_object_protocol.py::test_ordering_against_a_foreign_type_raises[int-le-Ratio] PASSED [ 68%]
tests/unit/shared/money/test_value_object_protocol.py::test_ordering_against_a_foreign_type_raises[int-gt-Money] PASSED [ 68%]
tests/unit/shared/money/test_value_object_protocol.py::test_ordering_against_a_foreign_type_raises[int-gt-Price] PASSED [ 68%]
tests/unit/shared/money/test_value_object_protocol.py::test_ordering_against_a_foreign_type_raises[int-gt-Quantity] PASSED [ 68%]
tests/unit/shared/money/test_value_object_protocol.py::test_ordering_against_a_foreign_type_raises[int-gt-Ratio] PASSED [ 68%]
tests/unit/shared/money/test_value_object_protocol.py::test_ordering_against_a_foreign_type_raises[int-ge-Money] PASSED [ 68%]
tests/unit/shared/money/test_value_object_protocol.py::test_ordering_against_a_foreign_type_raises[int-ge-Price] PASSED [ 68%]
tests/unit/shared/money/test_value_object_protocol.py::test_ordering_against_a_foreign_type_raises[int-ge-Quantity] PASSED [ 68%]
tests/unit/shared/money/test_value_object_protocol.py::test_ordering_against_a_foreign_type_raises[int-ge-Ratio] PASSED [ 68%]
tests/unit/shared/money/test_value_object_protocol.py::test_ordering_against_a_foreign_type_raises[float-lt-Money] PASSED [ 68%]
tests/unit/shared/money/test_value_object_protocol.py::test_ordering_against_a_foreign_type_raises[float-lt-Price] PASSED [ 68%]
tests/unit/shared/money/test_value_object_protocol.py::test_ordering_against_a_foreign_type_raises[float-lt-Quantity] PASSED [ 68%]
tests/unit/shared/money/test_value_object_protocol.py::test_ordering_against_a_foreign_type_raises[float-lt-Ratio] PASSED [ 68%]
tests/unit/shared/money/test_value_object_protocol.py::test_ordering_against_a_foreign_type_raises[float-le-Money] PASSED [ 68%]
tests/unit/shared/money/test_value_object_protocol.py::test_ordering_against_a_foreign_type_raises[float-le-Price] PASSED [ 68%]
tests/unit/shared/money/test_value_object_protocol.py::test_ordering_against_a_foreign_type_raises[float-le-Quantity] PASSED [ 68%]
tests/unit/shared/money/test_value_object_protocol.py::test_ordering_against_a_foreign_type_raises[float-le-Ratio] PASSED [ 68%]
tests/unit/shared/money/test_value_object_protocol.py::test_ordering_against_a_foreign_type_raises[float-gt-Money] PASSED [ 68%]
tests/unit/shared/money/test_value_object_protocol.py::test_ordering_against_a_foreign_type_raises[float-gt-Price] PASSED [ 68%]
tests/unit/shared/money/test_value_object_protocol.py::test_ordering_against_a_foreign_type_raises[float-gt-Quantity] PASSED [ 68%]
tests/unit/shared/money/test_value_object_protocol.py::test_ordering_against_a_foreign_type_raises[float-gt-Ratio] PASSED [ 68%]
tests/unit/shared/money/test_value_object_protocol.py::test_ordering_against_a_foreign_type_raises[float-ge-Money] PASSED [ 68%]
tests/unit/shared/money/test_value_object_protocol.py::test_ordering_against_a_foreign_type_raises[float-ge-Price] PASSED [ 68%]
tests/unit/shared/money/test_value_object_protocol.py::test_ordering_against_a_foreign_type_raises[float-ge-Quantity] PASSED [ 68%]
tests/unit/shared/money/test_value_object_protocol.py::test_ordering_against_a_foreign_type_raises[float-ge-Ratio] PASSED [ 68%]
tests/unit/shared/money/test_value_object_protocol.py::test_ordering_against_a_foreign_type_raises[str-lt-Money] PASSED [ 68%]
tests/unit/shared/money/test_value_object_protocol.py::test_ordering_against_a_foreign_type_raises[str-lt-Price] PASSED [ 68%]
tests/unit/shared/money/test_value_object_protocol.py::test_ordering_against_a_foreign_type_raises[str-lt-Quantity] PASSED [ 68%]
tests/unit/shared/money/test_value_object_protocol.py::test_ordering_against_a_foreign_type_raises[str-lt-Ratio] PASSED [ 68%]
tests/unit/shared/money/test_value_object_protocol.py::test_ordering_against_a_foreign_type_raises[str-le-Money] PASSED [ 68%]
tests/unit/shared/money/test_value_object_protocol.py::test_ordering_against_a_foreign_type_raises[str-le-Price] PASSED [ 68%]
tests/unit/shared/money/test_value_object_protocol.py::test_ordering_against_a_foreign_type_raises[str-le-Quantity] PASSED [ 68%]
tests/unit/shared/money/test_value_object_protocol.py::test_ordering_against_a_foreign_type_raises[str-le-Ratio] PASSED [ 69%]
tests/unit/shared/money/test_value_object_protocol.py::test_ordering_against_a_foreign_type_raises[str-gt-Money] PASSED [ 69%]
tests/unit/shared/money/test_value_object_protocol.py::test_ordering_against_a_foreign_type_raises[str-gt-Price] PASSED [ 69%]
tests/unit/shared/money/test_value_object_protocol.py::test_ordering_against_a_foreign_type_raises[str-gt-Quantity] PASSED [ 69%]
tests/unit/shared/money/test_value_object_protocol.py::test_ordering_against_a_foreign_type_raises[str-gt-Ratio] PASSED [ 69%]
tests/unit/shared/money/test_value_object_protocol.py::test_ordering_against_a_foreign_type_raises[str-ge-Money] PASSED [ 69%]
tests/unit/shared/money/test_value_object_protocol.py::test_ordering_against_a_foreign_type_raises[str-ge-Price] PASSED [ 69%]
tests/unit/shared/money/test_value_object_protocol.py::test_ordering_against_a_foreign_type_raises[str-ge-Quantity] PASSED [ 69%]
tests/unit/shared/money/test_value_object_protocol.py::test_ordering_against_a_foreign_type_raises[str-ge-Ratio] PASSED [ 69%]
tests/unit/shared/money/test_value_object_protocol.py::test_ordering_against_a_foreign_type_raises[NoneType-lt-Money] PASSED [ 69%]
tests/unit/shared/money/test_value_object_protocol.py::test_ordering_against_a_foreign_type_raises[NoneType-lt-Price] PASSED [ 69%]
tests/unit/shared/money/test_value_object_protocol.py::test_ordering_against_a_foreign_type_raises[NoneType-lt-Quantity] PASSED [ 69%]
tests/unit/shared/money/test_value_object_protocol.py::test_ordering_against_a_foreign_type_raises[NoneType-lt-Ratio] PASSED [ 69%]
tests/unit/shared/money/test_value_object_protocol.py::test_ordering_against_a_foreign_type_raises[NoneType-le-Money] PASSED [ 69%]
tests/unit/shared/money/test_value_object_protocol.py::test_ordering_against_a_foreign_type_raises[NoneType-le-Price] PASSED [ 69%]
tests/unit/shared/money/test_value_object_protocol.py::test_ordering_against_a_foreign_type_raises[NoneType-le-Quantity] PASSED [ 69%]
tests/unit/shared/money/test_value_object_protocol.py::test_ordering_against_a_foreign_type_raises[NoneType-le-Ratio] PASSED [ 69%]
tests/unit/shared/money/test_value_object_protocol.py::test_ordering_against_a_foreign_type_raises[NoneType-gt-Money] PASSED [ 69%]
tests/unit/shared/money/test_value_object_protocol.py::test_ordering_against_a_foreign_type_raises[NoneType-gt-Price] PASSED [ 69%]
tests/unit/shared/money/test_value_object_protocol.py::test_ordering_against_a_foreign_type_raises[NoneType-gt-Quantity] PASSED [ 69%]
tests/unit/shared/money/test_value_object_protocol.py::test_ordering_against_a_foreign_type_raises[NoneType-gt-Ratio] PASSED [ 69%]
tests/unit/shared/money/test_value_object_protocol.py::test_ordering_against_a_foreign_type_raises[NoneType-ge-Money] PASSED [ 69%]
tests/unit/shared/money/test_value_object_protocol.py::test_ordering_against_a_foreign_type_raises[NoneType-ge-Price] PASSED [ 69%]
tests/unit/shared/money/test_value_object_protocol.py::test_ordering_against_a_foreign_type_raises[NoneType-ge-Quantity] PASSED [ 69%]
tests/unit/shared/money/test_value_object_protocol.py::test_ordering_against_a_foreign_type_raises[NoneType-ge-Ratio] PASSED [ 69%]
tests/unit/shared/money/test_value_object_protocol.py::test_ordering_against_a_foreign_type_raises[Decimal-lt-Money] PASSED [ 69%]
tests/unit/shared/money/test_value_object_protocol.py::test_ordering_against_a_foreign_type_raises[Decimal-lt-Price] PASSED [ 69%]
tests/unit/shared/money/test_value_object_protocol.py::test_ordering_against_a_foreign_type_raises[Decimal-lt-Quantity] PASSED [ 69%]
tests/unit/shared/money/test_value_object_protocol.py::test_ordering_against_a_foreign_type_raises[Decimal-lt-Ratio] PASSED [ 69%]
tests/unit/shared/money/test_value_object_protocol.py::test_ordering_against_a_foreign_type_raises[Decimal-le-Money] PASSED [ 69%]
tests/unit/shared/money/test_value_object_protocol.py::test_ordering_against_a_foreign_type_raises[Decimal-le-Price] PASSED [ 69%]
tests/unit/shared/money/test_value_object_protocol.py::test_ordering_against_a_foreign_type_raises[Decimal-le-Quantity] PASSED [ 69%]
tests/unit/shared/money/test_value_object_protocol.py::test_ordering_against_a_foreign_type_raises[Decimal-le-Ratio] PASSED [ 69%]
tests/unit/shared/money/test_value_object_protocol.py::test_ordering_against_a_foreign_type_raises[Decimal-gt-Money] PASSED [ 69%]
tests/unit/shared/money/test_value_object_protocol.py::test_ordering_against_a_foreign_type_raises[Decimal-gt-Price] PASSED [ 69%]
tests/unit/shared/money/test_value_object_protocol.py::test_ordering_against_a_foreign_type_raises[Decimal-gt-Quantity] PASSED [ 70%]
tests/unit/shared/money/test_value_object_protocol.py::test_ordering_against_a_foreign_type_raises[Decimal-gt-Ratio] PASSED [ 70%]
tests/unit/shared/money/test_value_object_protocol.py::test_ordering_against_a_foreign_type_raises[Decimal-ge-Money] PASSED [ 70%]
tests/unit/shared/money/test_value_object_protocol.py::test_ordering_against_a_foreign_type_raises[Decimal-ge-Price] PASSED [ 70%]
tests/unit/shared/money/test_value_object_protocol.py::test_ordering_against_a_foreign_type_raises[Decimal-ge-Quantity] PASSED [ 70%]
tests/unit/shared/money/test_value_object_protocol.py::test_ordering_against_a_foreign_type_raises[Decimal-ge-Ratio] PASSED [ 70%]
tests/unit/shared/money/test_value_object_protocol.py::test_ordering_against_a_foreign_type_raises[object-lt-Money] PASSED [ 70%]
tests/unit/shared/money/test_value_object_protocol.py::test_ordering_against_a_foreign_type_raises[object-lt-Price] PASSED [ 70%]
tests/unit/shared/money/test_value_object_protocol.py::test_ordering_against_a_foreign_type_raises[object-lt-Quantity] PASSED [ 70%]
tests/unit/shared/money/test_value_object_protocol.py::test_ordering_against_a_foreign_type_raises[object-lt-Ratio] PASSED [ 70%]
tests/unit/shared/money/test_value_object_protocol.py::test_ordering_against_a_foreign_type_raises[object-le-Money] PASSED [ 70%]
tests/unit/shared/money/test_value_object_protocol.py::test_ordering_against_a_foreign_type_raises[object-le-Price] PASSED [ 70%]
tests/unit/shared/money/test_value_object_protocol.py::test_ordering_against_a_foreign_type_raises[object-le-Quantity] PASSED [ 70%]
tests/unit/shared/money/test_value_object_protocol.py::test_ordering_against_a_foreign_type_raises[object-le-Ratio] PASSED [ 70%]
tests/unit/shared/money/test_value_object_protocol.py::test_ordering_against_a_foreign_type_raises[object-gt-Money] PASSED [ 70%]
tests/unit/shared/money/test_value_object_protocol.py::test_ordering_against_a_foreign_type_raises[object-gt-Price] PASSED [ 70%]
tests/unit/shared/money/test_value_object_protocol.py::test_ordering_against_a_foreign_type_raises[object-gt-Quantity] PASSED [ 70%]
tests/unit/shared/money/test_value_object_protocol.py::test_ordering_against_a_foreign_type_raises[object-gt-Ratio] PASSED [ 70%]
tests/unit/shared/money/test_value_object_protocol.py::test_ordering_against_a_foreign_type_raises[object-ge-Money] PASSED [ 70%]
tests/unit/shared/money/test_value_object_protocol.py::test_ordering_against_a_foreign_type_raises[object-ge-Price] PASSED [ 70%]
tests/unit/shared/money/test_value_object_protocol.py::test_ordering_against_a_foreign_type_raises[object-ge-Quantity] PASSED [ 70%]
tests/unit/shared/money/test_value_object_protocol.py::test_ordering_against_a_foreign_type_raises[object-ge-Ratio] PASSED [ 70%]
tests/unit/shared/money/test_value_object_protocol.py::test_equality_against_a_foreign_type_is_false_not_an_error[int-Money] PASSED [ 70%]
tests/unit/shared/money/test_value_object_protocol.py::test_equality_against_a_foreign_type_is_false_not_an_error[int-Price] PASSED [ 70%]
tests/unit/shared/money/test_value_object_protocol.py::test_equality_against_a_foreign_type_is_false_not_an_error[int-Quantity] PASSED [ 70%]
tests/unit/shared/money/test_value_object_protocol.py::test_equality_against_a_foreign_type_is_false_not_an_error[int-SignedQuantity] PASSED [ 70%]
tests/unit/shared/money/test_value_object_protocol.py::test_equality_against_a_foreign_type_is_false_not_an_error[int-Ratio] PASSED [ 70%]
tests/unit/shared/money/test_value_object_protocol.py::test_equality_against_a_foreign_type_is_false_not_an_error[float-Money] PASSED [ 70%]
tests/unit/shared/money/test_value_object_protocol.py::test_equality_against_a_foreign_type_is_false_not_an_error[float-Price] PASSED [ 70%]
tests/unit/shared/money/test_value_object_protocol.py::test_equality_against_a_foreign_type_is_false_not_an_error[float-Quantity] PASSED [ 70%]
tests/unit/shared/money/test_value_object_protocol.py::test_equality_against_a_foreign_type_is_false_not_an_error[float-SignedQuantity] PASSED [ 70%]
tests/unit/shared/money/test_value_object_protocol.py::test_equality_against_a_foreign_type_is_false_not_an_error[float-Ratio] PASSED [ 70%]
tests/unit/shared/money/test_value_object_protocol.py::test_equality_against_a_foreign_type_is_false_not_an_error[str-Money] PASSED [ 70%]
tests/unit/shared/money/test_value_object_protocol.py::test_equality_against_a_foreign_type_is_false_not_an_error[str-Price] PASSED [ 70%]
tests/unit/shared/money/test_value_object_protocol.py::test_equality_against_a_foreign_type_is_false_not_an_error[str-Quantity] PASSED [ 70%]
tests/unit/shared/money/test_value_object_protocol.py::test_equality_against_a_foreign_type_is_false_not_an_error[str-SignedQuantity] PASSED [ 71%]
tests/unit/shared/money/test_value_object_protocol.py::test_equality_against_a_foreign_type_is_false_not_an_error[str-Ratio] PASSED [ 71%]
tests/unit/shared/money/test_value_object_protocol.py::test_equality_against_a_foreign_type_is_false_not_an_error[NoneType-Money] PASSED [ 71%]
tests/unit/shared/money/test_value_object_protocol.py::test_equality_against_a_foreign_type_is_false_not_an_error[NoneType-Price] PASSED [ 71%]
tests/unit/shared/money/test_value_object_protocol.py::test_equality_against_a_foreign_type_is_false_not_an_error[NoneType-Quantity] PASSED [ 71%]
tests/unit/shared/money/test_value_object_protocol.py::test_equality_against_a_foreign_type_is_false_not_an_error[NoneType-SignedQuantity] PASSED [ 71%]
tests/unit/shared/money/test_value_object_protocol.py::test_equality_against_a_foreign_type_is_false_not_an_error[NoneType-Ratio] PASSED [ 71%]
tests/unit/shared/money/test_value_object_protocol.py::test_equality_against_a_foreign_type_is_false_not_an_error[Decimal-Money] PASSED [ 71%]
tests/unit/shared/money/test_value_object_protocol.py::test_equality_against_a_foreign_type_is_false_not_an_error[Decimal-Price] PASSED [ 71%]
tests/unit/shared/money/test_value_object_protocol.py::test_equality_against_a_foreign_type_is_false_not_an_error[Decimal-Quantity] PASSED [ 71%]
tests/unit/shared/money/test_value_object_protocol.py::test_equality_against_a_foreign_type_is_false_not_an_error[Decimal-SignedQuantity] PASSED [ 71%]
tests/unit/shared/money/test_value_object_protocol.py::test_equality_against_a_foreign_type_is_false_not_an_error[Decimal-Ratio] PASSED [ 71%]
tests/unit/shared/money/test_value_object_protocol.py::test_equality_against_a_foreign_type_is_false_not_an_error[object-Money] PASSED [ 71%]
tests/unit/shared/money/test_value_object_protocol.py::test_equality_against_a_foreign_type_is_false_not_an_error[object-Price] PASSED [ 71%]
tests/unit/shared/money/test_value_object_protocol.py::test_equality_against_a_foreign_type_is_false_not_an_error[object-Quantity] PASSED [ 71%]
tests/unit/shared/money/test_value_object_protocol.py::test_equality_against_a_foreign_type_is_false_not_an_error[object-SignedQuantity] PASSED [ 71%]
tests/unit/shared/money/test_value_object_protocol.py::test_equality_against_a_foreign_type_is_false_not_an_error[object-Ratio] PASSED [ 71%]
tests/unit/shared/money/test_value_object_protocol.py::test_arithmetic_against_a_foreign_type_raises[int-Money] PASSED [ 71%]
tests/unit/shared/money/test_value_object_protocol.py::test_arithmetic_against_a_foreign_type_raises[int-Price] PASSED [ 71%]
tests/unit/shared/money/test_value_object_protocol.py::test_arithmetic_against_a_foreign_type_raises[int-Quantity] PASSED [ 71%]
tests/unit/shared/money/test_value_object_protocol.py::test_arithmetic_against_a_foreign_type_raises[int-SignedQuantity] PASSED [ 71%]
tests/unit/shared/money/test_value_object_protocol.py::test_arithmetic_against_a_foreign_type_raises[int-Ratio] PASSED [ 71%]
tests/unit/shared/money/test_value_object_protocol.py::test_arithmetic_against_a_foreign_type_raises[float-Money] PASSED [ 71%]
tests/unit/shared/money/test_value_object_protocol.py::test_arithmetic_against_a_foreign_type_raises[float-Price] PASSED [ 71%]
tests/unit/shared/money/test_value_object_protocol.py::test_arithmetic_against_a_foreign_type_raises[float-Quantity] PASSED [ 71%]
tests/unit/shared/money/test_value_object_protocol.py::test_arithmetic_against_a_foreign_type_raises[float-SignedQuantity] PASSED [ 71%]
tests/unit/shared/money/test_value_object_protocol.py::test_arithmetic_against_a_foreign_type_raises[float-Ratio] PASSED [ 71%]
tests/unit/shared/money/test_value_object_protocol.py::test_arithmetic_against_a_foreign_type_raises[str-Money] PASSED [ 71%]
tests/unit/shared/money/test_value_object_protocol.py::test_arithmetic_against_a_foreign_type_raises[str-Price] PASSED [ 71%]
tests/unit/shared/money/test_value_object_protocol.py::test_arithmetic_against_a_foreign_type_raises[str-Quantity] PASSED [ 71%]
tests/unit/shared/money/test_value_object_protocol.py::test_arithmetic_against_a_foreign_type_raises[str-SignedQuantity] PASSED [ 71%]
tests/unit/shared/money/test_value_object_protocol.py::test_arithmetic_against_a_foreign_type_raises[str-Ratio] PASSED [ 71%]
tests/unit/shared/money/test_value_object_protocol.py::test_arithmetic_against_a_foreign_type_raises[NoneType-Money] PASSED [ 71%]
tests/unit/shared/money/test_value_object_protocol.py::test_arithmetic_against_a_foreign_type_raises[NoneType-Price] PASSED [ 71%]
tests/unit/shared/money/test_value_object_protocol.py::test_arithmetic_against_a_foreign_type_raises[NoneType-Quantity] PASSED [ 71%]
tests/unit/shared/money/test_value_object_protocol.py::test_arithmetic_against_a_foreign_type_raises[NoneType-SignedQuantity] PASSED [ 72%]
tests/unit/shared/money/test_value_object_protocol.py::test_arithmetic_against_a_foreign_type_raises[NoneType-Ratio] PASSED [ 72%]
tests/unit/shared/money/test_value_object_protocol.py::test_arithmetic_against_a_foreign_type_raises[Decimal-Money] PASSED [ 72%]
tests/unit/shared/money/test_value_object_protocol.py::test_arithmetic_against_a_foreign_type_raises[Decimal-Price] PASSED [ 72%]
tests/unit/shared/money/test_value_object_protocol.py::test_arithmetic_against_a_foreign_type_raises[Decimal-Quantity] PASSED [ 72%]
tests/unit/shared/money/test_value_object_protocol.py::test_arithmetic_against_a_foreign_type_raises[Decimal-SignedQuantity] PASSED [ 72%]
tests/unit/shared/money/test_value_object_protocol.py::test_arithmetic_against_a_foreign_type_raises[Decimal-Ratio] PASSED [ 72%]
tests/unit/shared/money/test_value_object_protocol.py::test_arithmetic_against_a_foreign_type_raises[object-Money] PASSED [ 72%]
tests/unit/shared/money/test_value_object_protocol.py::test_arithmetic_against_a_foreign_type_raises[object-Price] PASSED [ 72%]
tests/unit/shared/money/test_value_object_protocol.py::test_arithmetic_against_a_foreign_type_raises[object-Quantity] PASSED [ 72%]
tests/unit/shared/money/test_value_object_protocol.py::test_arithmetic_against_a_foreign_type_raises[object-SignedQuantity] PASSED [ 72%]
tests/unit/shared/money/test_value_object_protocol.py::test_arithmetic_against_a_foreign_type_raises[object-Ratio] PASSED [ 72%]
tests/unit/shared/money/test_value_object_protocol.py::test_zero_is_falsy_and_non_zero_is_truthy[Money] PASSED [ 72%]
tests/unit/shared/money/test_value_object_protocol.py::test_zero_is_falsy_and_non_zero_is_truthy[Price] PASSED [ 72%]
tests/unit/shared/money/test_value_object_protocol.py::test_zero_is_falsy_and_non_zero_is_truthy[Quantity] PASSED [ 72%]
tests/unit/shared/money/test_value_object_protocol.py::test_zero_is_falsy_and_non_zero_is_truthy[SignedQuantity] PASSED [ 72%]
tests/unit/shared/money/test_value_object_protocol.py::test_zero_is_falsy_and_non_zero_is_truthy[Ratio] PASSED [ 72%]
tests/unit/shared/money/test_value_object_protocol.py::test_repr_is_unambiguous_and_str_is_readable[Money] PASSED [ 72%]
tests/unit/shared/money/test_value_object_protocol.py::test_repr_is_unambiguous_and_str_is_readable[Price] PASSED [ 72%]
tests/unit/shared/money/test_value_object_protocol.py::test_repr_is_unambiguous_and_str_is_readable[Quantity] PASSED [ 72%]
tests/unit/shared/money/test_value_object_protocol.py::test_repr_is_unambiguous_and_str_is_readable[SignedQuantity] PASSED [ 72%]
tests/unit/shared/money/test_value_object_protocol.py::test_repr_is_unambiguous_and_str_is_readable[Ratio] PASSED [ 72%]
tests/unit/shared/money/test_value_object_protocol.py::test_every_value_object_is_hashable_and_slotted[Money] PASSED [ 72%]
tests/unit/shared/money/test_value_object_protocol.py::test_every_value_object_is_hashable_and_slotted[Price] PASSED [ 72%]
tests/unit/shared/money/test_value_object_protocol.py::test_every_value_object_is_hashable_and_slotted[Quantity] PASSED [ 72%]
tests/unit/shared/money/test_value_object_protocol.py::test_every_value_object_is_hashable_and_slotted[SignedQuantity] PASSED [ 72%]
tests/unit/shared/money/test_value_object_protocol.py::test_every_value_object_is_hashable_and_slotted[Ratio] PASSED [ 72%]
tests/unit/shared/money/test_value_object_protocol.py::test_no_value_object_converts_to_float[Money] PASSED [ 72%]
tests/unit/shared/money/test_value_object_protocol.py::test_no_value_object_converts_to_float[Price] PASSED [ 72%]
tests/unit/shared/money/test_value_object_protocol.py::test_no_value_object_converts_to_float[Quantity] PASSED [ 72%]
tests/unit/shared/money/test_value_object_protocol.py::test_no_value_object_converts_to_float[SignedQuantity] PASSED [ 72%]
tests/unit/shared/money/test_value_object_protocol.py::test_no_value_object_converts_to_float[Ratio] PASSED [ 72%]
tests/unit/shared/money/test_value_object_protocol.py::test_zero_reports_itself_as_zero[Money] PASSED [ 72%]
tests/unit/shared/money/test_value_object_protocol.py::test_zero_reports_itself_as_zero[Price] PASSED [ 72%]
tests/unit/shared/money/test_value_object_protocol.py::test_zero_reports_itself_as_zero[Quantity] PASSED [ 73%]
tests/unit/shared/money/test_value_object_protocol.py::test_zero_reports_itself_as_zero[SignedQuantity] PASSED [ 73%]
tests/unit/shared/money/test_value_object_protocol.py::test_zero_reports_itself_as_zero[Ratio] PASSED [ 73%]
tests/unit/shared/money/test_value_object_protocol.py::test_negation_and_absolute_value_where_they_apply PASSED [ 73%]
tests/unit/shared/money/test_value_object_protocol.py::test_signed_quantity_ordering_and_comparison PASSED [ 73%]
tests/unit/shared/money/test_value_object_protocol.py::test_quantity_scales_from_either_side PASSED [ 73%]
tests/unit/shared/money/test_value_object_protocol.py::test_money_scales_from_either_side PASSED [ 73%]
tests/unit/shared/money/test_value_object_protocol.py::test_notional_scales_from_either_side PASSED [ 73%]
tests/unit/shared/money/test_value_object_protocol.py::test_every_binary_operator_rejects_a_foreign_operand[sub-int-Money] PASSED [ 73%]
tests/unit/shared/money/test_value_object_protocol.py::test_every_binary_operator_rejects_a_foreign_operand[sub-int-Price] PASSED [ 73%]
tests/unit/shared/money/test_value_object_protocol.py::test_every_binary_operator_rejects_a_foreign_operand[sub-int-Quantity] PASSED [ 73%]
tests/unit/shared/money/test_value_object_protocol.py::test_every_binary_operator_rejects_a_foreign_operand[sub-int-SignedQuantity] PASSED [ 73%]
tests/unit/shared/money/test_value_object_protocol.py::test_every_binary_operator_rejects_a_foreign_operand[sub-int-Ratio] PASSED [ 73%]
tests/unit/shared/money/test_value_object_protocol.py::test_every_binary_operator_rejects_a_foreign_operand[sub-float-Money] PASSED [ 73%]
tests/unit/shared/money/test_value_object_protocol.py::test_every_binary_operator_rejects_a_foreign_operand[sub-float-Price] PASSED [ 73%]
tests/unit/shared/money/test_value_object_protocol.py::test_every_binary_operator_rejects_a_foreign_operand[sub-float-Quantity] PASSED [ 73%]
tests/unit/shared/money/test_value_object_protocol.py::test_every_binary_operator_rejects_a_foreign_operand[sub-float-SignedQuantity] PASSED [ 73%]
tests/unit/shared/money/test_value_object_protocol.py::test_every_binary_operator_rejects_a_foreign_operand[sub-float-Ratio] PASSED [ 73%]
tests/unit/shared/money/test_value_object_protocol.py::test_every_binary_operator_rejects_a_foreign_operand[sub-str-Money] PASSED [ 73%]
tests/unit/shared/money/test_value_object_protocol.py::test_every_binary_operator_rejects_a_foreign_operand[sub-str-Price] PASSED [ 73%]
tests/unit/shared/money/test_value_object_protocol.py::test_every_binary_operator_rejects_a_foreign_operand[sub-str-Quantity] PASSED [ 73%]
tests/unit/shared/money/test_value_object_protocol.py::test_every_binary_operator_rejects_a_foreign_operand[sub-str-SignedQuantity] PASSED [ 73%]
tests/unit/shared/money/test_value_object_protocol.py::test_every_binary_operator_rejects_a_foreign_operand[sub-str-Ratio] PASSED [ 73%]
tests/unit/shared/money/test_value_object_protocol.py::test_every_binary_operator_rejects_a_foreign_operand[sub-NoneType-Money] PASSED [ 73%]
tests/unit/shared/money/test_value_object_protocol.py::test_every_binary_operator_rejects_a_foreign_operand[sub-NoneType-Price] PASSED [ 73%]
tests/unit/shared/money/test_value_object_protocol.py::test_every_binary_operator_rejects_a_foreign_operand[sub-NoneType-Quantity] PASSED [ 73%]
tests/unit/shared/money/test_value_object_protocol.py::test_every_binary_operator_rejects_a_foreign_operand[sub-NoneType-SignedQuantity] PASSED [ 73%]
tests/unit/shared/money/test_value_object_protocol.py::test_every_binary_operator_rejects_a_foreign_operand[sub-NoneType-Ratio] PASSED [ 73%]
tests/unit/shared/money/test_value_object_protocol.py::test_every_binary_operator_rejects_a_foreign_operand[sub-Decimal-Money] PASSED [ 73%]
tests/unit/shared/money/test_value_object_protocol.py::test_every_binary_operator_rejects_a_foreign_operand[sub-Decimal-Price] PASSED [ 73%]
tests/unit/shared/money/test_value_object_protocol.py::test_every_binary_operator_rejects_a_foreign_operand[sub-Decimal-Quantity] PASSED [ 73%]
tests/unit/shared/money/test_value_object_protocol.py::test_every_binary_operator_rejects_a_foreign_operand[sub-Decimal-SignedQuantity] PASSED [ 73%]
tests/unit/shared/money/test_value_object_protocol.py::test_every_binary_operator_rejects_a_foreign_operand[sub-Decimal-Ratio] PASSED [ 73%]
tests/unit/shared/money/test_value_object_protocol.py::test_every_binary_operator_rejects_a_foreign_operand[sub-object-Money] PASSED [ 73%]
tests/unit/shared/money/test_value_object_protocol.py::test_every_binary_operator_rejects_a_foreign_operand[sub-object-Price] PASSED [ 73%]
tests/unit/shared/money/test_value_object_protocol.py::test_every_binary_operator_rejects_a_foreign_operand[sub-object-Quantity] PASSED [ 74%]
tests/unit/shared/money/test_value_object_protocol.py::test_every_binary_operator_rejects_a_foreign_operand[sub-object-SignedQuantity] PASSED [ 74%]
tests/unit/shared/money/test_value_object_protocol.py::test_every_binary_operator_rejects_a_foreign_operand[sub-object-Ratio] PASSED [ 74%]
tests/unit/shared/money/test_value_object_protocol.py::test_every_binary_operator_rejects_a_foreign_operand[mul-int-Money] SKIPPED [ 74%]
tests/unit/shared/money/test_value_object_protocol.py::test_every_binary_operator_rejects_a_foreign_operand[mul-int-Price] SKIPPED [ 74%]
tests/unit/shared/money/test_value_object_protocol.py::test_every_binary_operator_rejects_a_foreign_operand[mul-int-Quantity] SKIPPED [ 74%]
tests/unit/shared/money/test_value_object_protocol.py::test_every_binary_operator_rejects_a_foreign_operand[mul-int-SignedQuantity] SKIPPED [ 74%]
tests/unit/shared/money/test_value_object_protocol.py::test_every_binary_operator_rejects_a_foreign_operand[mul-int-Ratio] SKIPPED [ 74%]
tests/unit/shared/money/test_value_object_protocol.py::test_every_binary_operator_rejects_a_foreign_operand[mul-float-Money] PASSED [ 74%]
tests/unit/shared/money/test_value_object_protocol.py::test_every_binary_operator_rejects_a_foreign_operand[mul-float-Price] PASSED [ 74%]
tests/unit/shared/money/test_value_object_protocol.py::test_every_binary_operator_rejects_a_foreign_operand[mul-float-Quantity] PASSED [ 74%]
tests/unit/shared/money/test_value_object_protocol.py::test_every_binary_operator_rejects_a_foreign_operand[mul-float-SignedQuantity] PASSED [ 74%]
tests/unit/shared/money/test_value_object_protocol.py::test_every_binary_operator_rejects_a_foreign_operand[mul-float-Ratio] PASSED [ 74%]
tests/unit/shared/money/test_value_object_protocol.py::test_every_binary_operator_rejects_a_foreign_operand[mul-str-Money] PASSED [ 74%]
tests/unit/shared/money/test_value_object_protocol.py::test_every_binary_operator_rejects_a_foreign_operand[mul-str-Price] PASSED [ 74%]
tests/unit/shared/money/test_value_object_protocol.py::test_every_binary_operator_rejects_a_foreign_operand[mul-str-Quantity] PASSED [ 74%]
tests/unit/shared/money/test_value_object_protocol.py::test_every_binary_operator_rejects_a_foreign_operand[mul-str-SignedQuantity] PASSED [ 74%]
tests/unit/shared/money/test_value_object_protocol.py::test_every_binary_operator_rejects_a_foreign_operand[mul-str-Ratio] PASSED [ 74%]
tests/unit/shared/money/test_value_object_protocol.py::test_every_binary_operator_rejects_a_foreign_operand[mul-NoneType-Money] PASSED [ 74%]
tests/unit/shared/money/test_value_object_protocol.py::test_every_binary_operator_rejects_a_foreign_operand[mul-NoneType-Price] PASSED [ 74%]
tests/unit/shared/money/test_value_object_protocol.py::test_every_binary_operator_rejects_a_foreign_operand[mul-NoneType-Quantity] PASSED [ 74%]
tests/unit/shared/money/test_value_object_protocol.py::test_every_binary_operator_rejects_a_foreign_operand[mul-NoneType-SignedQuantity] PASSED [ 74%]
tests/unit/shared/money/test_value_object_protocol.py::test_every_binary_operator_rejects_a_foreign_operand[mul-NoneType-Ratio] PASSED [ 74%]
tests/unit/shared/money/test_value_object_protocol.py::test_every_binary_operator_rejects_a_foreign_operand[mul-Decimal-Money] PASSED [ 74%]
tests/unit/shared/money/test_value_object_protocol.py::test_every_binary_operator_rejects_a_foreign_operand[mul-Decimal-Price] PASSED [ 74%]
tests/unit/shared/money/test_value_object_protocol.py::test_every_binary_operator_rejects_a_foreign_operand[mul-Decimal-Quantity] PASSED [ 74%]
tests/unit/shared/money/test_value_object_protocol.py::test_every_binary_operator_rejects_a_foreign_operand[mul-Decimal-SignedQuantity] PASSED [ 74%]
tests/unit/shared/money/test_value_object_protocol.py::test_every_binary_operator_rejects_a_foreign_operand[mul-Decimal-Ratio] PASSED [ 74%]
tests/unit/shared/money/test_value_object_protocol.py::test_every_binary_operator_rejects_a_foreign_operand[mul-object-Money] PASSED [ 74%]
tests/unit/shared/money/test_value_object_protocol.py::test_every_binary_operator_rejects_a_foreign_operand[mul-object-Price] PASSED [ 74%]
tests/unit/shared/money/test_value_object_protocol.py::test_every_binary_operator_rejects_a_foreign_operand[mul-object-Quantity] PASSED [ 74%]
tests/unit/shared/money/test_value_object_protocol.py::test_every_binary_operator_rejects_a_foreign_operand[mul-object-SignedQuantity] PASSED [ 74%]
tests/unit/shared/money/test_value_object_protocol.py::test_every_binary_operator_rejects_a_foreign_operand[mul-object-Ratio] PASSED [ 74%]
tests/unit/shared/money/test_value_object_protocol.py::test_scaling_by_a_bool_is_refused[Money] PASSED [ 74%]
tests/unit/shared/money/test_value_object_protocol.py::test_scaling_by_a_bool_is_refused[Price] PASSED [ 74%]
tests/unit/shared/money/test_value_object_protocol.py::test_scaling_by_a_bool_is_refused[Quantity] PASSED [ 75%]
tests/unit/shared/money/test_value_object_protocol.py::test_scaling_by_a_bool_is_refused[SignedQuantity] PASSED [ 75%]
tests/unit/shared/money/test_value_object_protocol.py::test_scaling_by_a_bool_is_refused[Ratio] PASSED [ 75%]
tests/unit/shared/money/test_value_object_protocol.py::test_money_division_guards_its_divisor_type PASSED [ 75%]
tests/unit/shared/money/test_value_object_protocol.py::test_quantity_in_lots_rejects_a_non_positive_lot_size PASSED [ 75%]
tests/unit/shared/money/test_value_object_protocol.py::test_money_per_unit_refuses_zero_quantity PASSED [ 75%]
tests/unit/shared/money/test_value_object_protocol.py::test_money_ratio_to_zero_is_refused PASSED [ 75%]
tests/unit/shared/money/test_value_object_protocol.py::test_split_requires_a_positive_part_count PASSED [ 75%]
tests/unit/shared/test_bootstrap.py::test_bootstrap_returns_a_wired_context PASSED [ 75%]
tests/unit/shared/test_bootstrap.py::test_logging_is_configured_before_anything_can_log PASSED [ 75%]
tests/unit/shared/test_bootstrap.py::test_the_startup_banner_states_the_facts_an_operator_needs PASSED [ 75%]
tests/unit/shared/test_bootstrap.py::test_a_secret_created_after_bootstrap_is_still_redacted PASSED [ 75%]
tests/unit/shared/test_bootstrap.py::test_bootstrap_refuses_unsafe_configuration PASSED [ 75%]
tests/unit/shared/test_bootstrap.py::test_a_tracing_misconfiguration_is_warned_about_loudly PASSED [ 75%]
tests/unit/shared/test_bootstrap.py::test_the_context_is_immutable PASSED [ 75%]
tests/unit/shared/test_context.py::test_nothing_is_bound_by_default PASSED [ 75%]
tests/unit/shared/test_context.py::test_generated_ids_are_prefixed_and_unique PASSED [ 75%]
tests/unit/shared/test_context.py::test_binding_generates_an_id_when_none_is_supplied PASSED [ 75%]
tests/unit/shared/test_context.py::test_generation_can_be_declined PASSED [ 75%]
tests/unit/shared/test_context.py::test_a_supplied_id_is_honoured PASSED [ 75%]
tests/unit/shared/test_context.py::test_context_is_restored_on_exit PASSED [ 75%]
tests/unit/shared/test_context.py::test_context_is_restored_even_when_the_block_raises PASSED [ 75%]
tests/unit/shared/test_context.py::test_nesting_narrows_rather_than_resets PASSED [ 75%]
tests/unit/shared/test_context.py::test_log_fields_omit_unbound_identifiers PASSED [ 75%]
tests/unit/shared/test_context.py::test_context_propagates_across_await PASSED [ 75%]
tests/unit/shared/test_context.py::test_concurrent_tasks_do_not_leak_into_each_other PASSED [ 75%]
tests/unit/shared/test_context.py::test_context_does_not_reach_a_thread_without_help PASSED [ 75%]
tests/unit/shared/test_context.py::test_copy_context_into_carries_it_across_a_thread PASSED [ 75%]
tests/unit/shared/test_context.py::test_the_wrapper_preserves_identity_for_debuggability PASSED [ 75%]
tests/unit/shared/test_decimals.py::test_the_storage_scale_does_not_change_the_text[100.00000000-100] PASSED [ 75%]
tests/unit/shared/test_decimals.py::test_the_storage_scale_does_not_change_the_text[100-100] PASSED [ 75%]
tests/unit/shared/test_decimals.py::test_the_storage_scale_does_not_change_the_text[100.0-100] PASSED [ 75%]
tests/unit/shared/test_decimals.py::test_the_storage_scale_does_not_change_the_text[1E+2-100] PASSED [ 75%]
tests/unit/shared/test_decimals.py::test_the_storage_scale_does_not_change_the_text[143.50-143.5] PASSED [ 75%]
tests/unit/shared/test_decimals.py::test_the_storage_scale_does_not_change_the_text[0.9300-0.93] PASSED [ 76%]
tests/unit/shared/test_decimals.py::test_the_storage_scale_does_not_change_the_text[-10.00--10] PASSED [ 76%]
tests/unit/shared/test_decimals.py::test_the_storage_scale_does_not_change_the_text[-0.010--0.01] PASSED [ 76%]
tests/unit/shared/test_decimals.py::test_the_storage_scale_does_not_change_the_text[0.005-0.005] PASSED [ 76%]
tests/unit/shared/test_decimals.py::test_the_storage_scale_does_not_change_the_text[12345678.90-12345678.9] PASSED [ 76%]
tests/unit/shared/test_decimals.py::test_every_spelling_of_one_value_renders_identically[100] PASSED [ 76%]
tests/unit/shared/test_decimals.py::test_every_spelling_of_one_value_renders_identically[100.00] PASSED [ 76%]
tests/unit/shared/test_decimals.py::test_every_spelling_of_one_value_renders_identically[100.00000000] PASSED [ 76%]
tests/unit/shared/test_decimals.py::test_every_spelling_of_one_value_renders_identically[1E+2] PASSED [ 76%]
tests/unit/shared/test_decimals.py::test_every_zero_renders_as_a_plain_zero[0] PASSED [ 76%]
tests/unit/shared/test_decimals.py::test_every_zero_renders_as_a_plain_zero[0.00] PASSED [ 76%]
tests/unit/shared/test_decimals.py::test_every_zero_renders_as_a_plain_zero[-0] PASSED [ 76%]
tests/unit/shared/test_decimals.py::test_every_zero_renders_as_a_plain_zero[-0.00] PASSED [ 76%]
tests/unit/shared/test_decimals.py::test_every_zero_renders_as_a_plain_zero[0E-8] PASSED [ 76%]
tests/unit/shared/test_decimals.py::test_a_large_value_never_becomes_scientific_notation PASSED [ 76%]
tests/unit/shared/test_decimals.py::test_a_small_value_never_becomes_scientific_notation PASSED [ 76%]
tests/unit/shared/test_decimals.py::test_the_text_parses_back_to_the_same_value PASSED [ 76%]
tests/unit/shared/test_decimals.py::test_absence_stays_absence PASSED    [ 76%]
tests/unit/shared/test_decimals.py::test_a_non_finite_decimal_is_refused[NaN] PASSED [ 76%]
tests/unit/shared/test_decimals.py::test_a_non_finite_decimal_is_refused[Infinity] PASSED [ 76%]
tests/unit/shared/test_decimals.py::test_a_non_finite_decimal_is_refused[-Infinity] PASSED [ 76%]
tests/unit/shared/test_decimals.py::test_nothing_passes_through_a_binary_float PASSED [ 76%]
tests/unit/shared/test_environment.py::test_exactly_four_environments_exist PASSED [ 76%]
tests/unit/shared/test_environment.py::test_environment_compares_as_a_string PASSED [ 76%]
tests/unit/shared/test_environment.py::test_predicates[local-True-False-False] PASSED [ 76%]
tests/unit/shared/test_environment.py::test_predicates[test-True-False-False] PASSED [ 76%]
tests/unit/shared/test_environment.py::test_predicates[staging-False-True-False] PASSED [ 76%]
tests/unit/shared/test_environment.py::test_predicates[production-False-True-True] PASSED [ 76%]
tests/unit/shared/test_environment.py::test_staging_is_deployed_not_development PASSED [ 76%]
tests/unit/shared/test_environment.py::test_only_production_could_ever_allow_live_orders PASSED [ 76%]
tests/unit/shared/test_environment.py::test_an_unknown_environment_string_is_rejected PASSED [ 76%]
tests/unit/shared/test_errors.py::test_error_codes_are_pinned PASSED     [ 76%]
tests/unit/shared/test_errors.py::test_error_codes_are_unique PASSED     [ 76%]
tests/unit/shared/test_errors.py::test_every_error_is_exported[AuthenticationError] PASSED [ 76%]
tests/unit/shared/test_errors.py::test_every_error_is_exported[ConfigurationError] PASSED [ 76%]
tests/unit/shared/test_errors.py::test_every_error_is_exported[ConflictError] PASSED [ 77%]
tests/unit/shared/test_errors.py::test_every_error_is_exported[DataQualityError] PASSED [ 77%]
tests/unit/shared/test_errors.py::test_every_error_is_exported[DegradedModeError] PASSED [ 77%]
tests/unit/shared/test_errors.py::test_every_error_is_exported[ExternalServiceError] PASSED [ 77%]
tests/unit/shared/test_errors.py::test_every_error_is_exported[InvariantViolation] PASSED [ 77%]
tests/unit/shared/test_errors.py::test_every_error_is_exported[MissingDataError] PASSED [ 77%]
tests/unit/shared/test_errors.py::test_every_error_is_exported[NotFoundError] PASSED [ 77%]
tests/unit/shared/test_errors.py::test_every_error_is_exported[PermissionDeniedError] PASSED [ 77%]
tests/unit/shared/test_errors.py::test_every_error_is_exported[PreconditionUnknownError] PASSED [ 77%]
tests/unit/shared/test_errors.py::test_every_error_is_exported[RateLimitedError] PASSED [ 77%]
tests/unit/shared/test_errors.py::test_every_error_is_exported[SafetyError] PASSED [ 77%]
tests/unit/shared/test_errors.py::test_every_error_is_exported[StaleDataError] PASSED [ 77%]
tests/unit/shared/test_errors.py::test_every_error_is_exported[TokenExpiredError] PASSED [ 77%]
tests/unit/shared/test_errors.py::test_every_error_is_exported[TokenRevokedError] PASSED [ 77%]
tests/unit/shared/test_errors.py::test_every_error_is_exported[UnsafeConfigurationError] PASSED [ 77%]
tests/unit/shared/test_errors.py::test_every_error_is_exported[UpstreamAuthenticationError] PASSED [ 77%]
tests/unit/shared/test_errors.py::test_every_error_is_exported[UpstreamTimeoutError] PASSED [ 77%]
tests/unit/shared/test_errors.py::test_every_error_is_exported[UpstreamUnavailableError] PASSED [ 77%]
tests/unit/shared/test_errors.py::test_every_error_is_exported[ValidationError] PASSED [ 77%]
tests/unit/shared/test_errors.py::test_context_is_structured_not_interpolated PASSED [ 77%]
tests/unit/shared/test_errors.py::test_str_includes_the_code PASSED      [ 77%]
tests/unit/shared/test_errors.py::test_repr_never_reveals_context_values PASSED [ 77%]
tests/unit/shared/test_errors.py::test_to_dict_is_the_deliberate_way_to_get_values PASSED [ 77%]
tests/unit/shared/test_errors.py::test_external_errors_are_retryable_and_others_are_not PASSED [ 77%]
tests/unit/shared/test_errors.py::test_safety_errors_are_their_own_branch PASSED [ 77%]
tests/unit/shared/test_errors.py::test_subclasses_narrow_without_breaking_except_clauses PASSED [ 77%]
tests/unit/shared/test_errors.py::test_malformed_codes_are_rejected_at_construction[CFG-001] PASSED [ 77%]
tests/unit/shared/test_errors.py::test_malformed_codes_are_rejected_at_construction[DHR-CONFIG-001] PASSED [ 77%]
tests/unit/shared/test_errors.py::test_malformed_codes_are_rejected_at_construction[DHR-cfg-001] PASSED [ 77%]
tests/unit/shared/test_errors.py::test_malformed_codes_are_rejected_at_construction[DHR-CFG-1] PASSED [ 77%]
tests/unit/shared/test_errors.py::test_malformed_codes_are_rejected_at_construction[nonsense] PASSED [ 77%]
tests/unit/shared/test_errors.py::test_error_code_behaves_as_a_string PASSED [ 77%]
tests/unit/shared/test_errors.py::test_errors_survive_pickling_for_celery_transport PASSED [ 77%]
tests/unit/shared/test_errors.py::test_a_secret_in_error_context_does_not_leak_through_repr_or_str PASSED [ 77%]
tests/unit/shared/test_events.py::test_an_event_carries_its_facts PASSED [ 77%]
tests/unit/shared/test_events.py::test_event_type_is_derived_from_the_class PASSED [ 78%]
tests/unit/shared/test_events.py::test_each_occurrence_gets_a_unique_identifier PASSED [ 78%]
tests/unit/shared/test_events.py::test_an_explicit_event_id_is_honoured PASSED [ 78%]
tests/unit/shared/test_events.py::test_events_are_immutable PASSED       [ 78%]
tests/unit/shared/test_events.py::test_a_naive_timestamp_is_refused PASSED [ 78%]
tests/unit/shared/test_events.py::test_construction_is_keyword_only PASSED [ 78%]
tests/unit/shared/test_events.py::test_occurred_at_is_distinct_from_when_it_was_recorded PASSED [ 78%]
tests/unit/shared/test_events.py::test_the_base_carries_no_transport_metadata PASSED [ 78%]
tests/unit/shared/test_events.py::test_events_are_slotted PASSED         [ 78%]
tests/unit/shared/test_identity.py::test_a_fresh_identifier_is_unique PASSED [ 78%]
tests/unit/shared/test_identity.py::test_a_deterministic_identifier_is_stable_across_calls PASSED [ 78%]
tests/unit/shared/test_identity.py::test_different_natural_keys_give_different_identifiers PASSED [ 78%]
tests/unit/shared/test_identity.py::test_parts_cannot_be_ambiguously_joined PASSED [ 78%]
tests/unit/shared/test_identity.py::test_an_empty_natural_key_is_refused[parts0] PASSED [ 78%]
tests/unit/shared/test_identity.py::test_an_empty_natural_key_is_refused[parts1] PASSED [ 78%]
tests/unit/shared/test_identity.py::test_an_empty_natural_key_is_refused[parts2] PASSED [ 78%]
tests/unit/shared/test_identity.py::test_string_form_round_trips PASSED  [ 78%]
tests/unit/shared/test_identity.py::test_a_bare_uuid_parses PASSED       [ 78%]
tests/unit/shared/test_identity.py::test_the_string_form_is_prefixed_and_greppable PASSED [ 78%]
tests/unit/shared/test_identity.py::test_parsing_the_wrong_prefix_is_refused PASSED [ 78%]
tests/unit/shared/test_identity.py::test_malformed_identifiers_are_refused[] PASSED [ 78%]
tests/unit/shared/test_identity.py::test_malformed_identifiers_are_refused[not-a-uuid] PASSED [ 78%]
tests/unit/shared/test_identity.py::test_malformed_identifiers_are_refused[inst_nonsense] PASSED [ 78%]
tests/unit/shared/test_identity.py::test_malformed_identifiers_are_refused[inst_] PASSED [ 78%]
tests/unit/shared/test_identity.py::test_construction_requires_an_actual_uuid[a-string] PASSED [ 78%]
tests/unit/shared/test_identity.py::test_construction_requires_an_actual_uuid[42] PASSED [ 78%]
tests/unit/shared/test_identity.py::test_construction_requires_an_actual_uuid[None] PASSED [ 78%]
tests/unit/shared/test_identity.py::test_construction_requires_an_actual_uuid[bytes] PASSED [ 78%]
tests/unit/shared/test_identity.py::test_identifiers_of_different_kinds_never_compare_equal PASSED [ 78%]
tests/unit/shared/test_identity.py::test_identifiers_are_hashable_and_immutable PASSED [ 78%]
tests/unit/shared/test_identity.py::test_identifiers_survive_pickling PASSED [ 78%]
tests/unit/shared/test_identity.py::test_no_broker_identifier_appears_in_the_module PASSED [ 78%]
tests/unit/shared/test_invariants.py::test_a_holding_invariant_is_silent PASSED [ 78%]
tests/unit/shared/test_invariants.py::test_a_violated_invariant_raises_with_context PASSED [ 78%]
tests/unit/shared/test_invariants.py::test_an_invariant_violation_is_a_safety_error PASSED [ 78%]
tests/unit/shared/test_invariants.py::test_invariants_are_not_assertions PASSED [ 79%]
tests/unit/shared/test_invariants.py::test_unreachable_always_raises PASSED [ 79%]
tests/unit/shared/test_invariants.py::test_any_falsy_condition_violates[False] PASSED [ 79%]
tests/unit/shared/test_invariants.py::test_any_falsy_condition_violates[0] PASSED [ 79%]
tests/unit/shared/test_invariants.py::test_any_falsy_condition_violates[] PASSED [ 79%]
tests/unit/shared/test_invariants.py::test_any_falsy_condition_violates[falsy3] PASSED [ 79%]
tests/unit/shared/test_invariants.py::test_any_falsy_condition_violates[falsy4] PASSED [ 79%]
tests/unit/shared/test_invariants.py::test_any_falsy_condition_violates[None] PASSED [ 79%]
tests/unit/shared/test_logging_redaction.py::test_logging_reports_whether_it_is_configured PASSED [ 79%]
tests/unit/shared/test_logging_redaction.py::test_sensitive_field_names_are_redacted[password] PASSED [ 79%]
tests/unit/shared/test_logging_redaction.py::test_sensitive_field_names_are_redacted[api_key] PASSED [ 79%]
tests/unit/shared/test_logging_redaction.py::test_sensitive_field_names_are_redacted[apiKey] PASSED [ 79%]
tests/unit/shared/test_logging_redaction.py::test_sensitive_field_names_are_redacted[access_token] PASSED [ 79%]
tests/unit/shared/test_logging_redaction.py::test_sensitive_field_names_are_redacted[kite_api_secret] PASSED [ 79%]
tests/unit/shared/test_logging_redaction.py::test_sensitive_field_names_are_redacted[authorization] PASSED [ 79%]
tests/unit/shared/test_logging_redaction.py::test_sensitive_field_names_are_redacted[totp] PASSED [ 79%]
tests/unit/shared/test_logging_redaction.py::test_sensitive_field_names_are_redacted[db_password_hash] PASSED [ 79%]
tests/unit/shared/test_logging_redaction.py::test_sensitive_field_names_are_redacted[session_id] PASSED [ 79%]
tests/unit/shared/test_logging_redaction.py::test_sensitive_field_names_are_redacted[private_key] PASSED [ 79%]
tests/unit/shared/test_logging_redaction.py::test_a_secret_interpolated_into_a_message_is_redacted PASSED [ 79%]
tests/unit/shared/test_logging_redaction.py::test_a_secret_in_an_innocuously_named_field_is_redacted PASSED [ 79%]
tests/unit/shared/test_logging_redaction.py::test_a_secret_nested_in_a_structure_is_redacted PASSED [ 79%]
tests/unit/shared/test_logging_redaction.py::test_a_secret_in_an_exception_argument_is_redacted PASSED [ 79%]
tests/unit/shared/test_logging_redaction.py::test_redaction_survives_bound_context PASSED [ 79%]
tests/unit/shared/test_logging_redaction.py::test_ordinary_content_is_untouched PASSED [ 79%]
tests/unit/shared/test_logging_redaction.py::test_short_values_do_not_trigger_redaction PASSED [ 79%]
tests/unit/shared/test_logging_redaction.py::test_secrets_inside_sequences_are_redacted PASSED [ 79%]
tests/unit/shared/test_logging_redaction.py::test_a_sensitive_field_name_redacts_the_whole_value PASSED [ 79%]
tests/unit/shared/test_logging_redaction.py::test_every_record_carries_service_identity PASSED [ 79%]
tests/unit/shared/test_logging_redaction.py::test_timestamps_are_utc_with_an_explicit_offset PASSED [ 79%]
tests/unit/shared/test_logging_redaction.py::test_correlation_appears_only_when_bound PASSED [ 79%]
tests/unit/shared/test_logging_redaction.py::test_console_format_is_available_for_humans PASSED [ 79%]
tests/unit/shared/test_logging_redaction.py::test_logging_an_exception_warns_about_nothing[json] PASSED [ 79%]
tests/unit/shared/test_logging_redaction.py::test_logging_an_exception_warns_about_nothing[console] PASSED [ 79%]
tests/unit/shared/test_logging_redaction.py::test_a_secret_inside_a_traceback_is_redacted PASSED [ 80%]
tests/unit/shared/test_logging_redaction.py::test_s06_identity_material_is_redacted_by_sensitive_field_name PASSED [ 80%]
tests/unit/shared/test_logging_redaction.py::test_s06_opened_secrets_are_redacted_after_interpolation PASSED [ 80%]
tests/unit/shared/test_news_settings.py::test_the_defaults_reach_the_documented_anonymous_endpoint PASSED [ 80%]
tests/unit/shared/test_news_settings.py::test_the_configured_endpoint_agrees_with_the_adapter_constant PASSED [ 80%]
tests/unit/shared/test_news_settings.py::test_the_default_batch_size_agrees_with_the_planner PASSED [ 80%]
tests/unit/shared/test_news_settings.py::test_the_record_cap_stays_inside_what_the_mapper_will_accept PASSED [ 80%]
tests/unit/shared/test_news_settings.py::test_watchlist_querying_is_on_by_default PASSED [ 80%]
tests/unit/shared/test_news_settings.py::test_an_override_turns_watchlist_querying_off_structurally PASSED [ 80%]
tests/unit/shared/test_news_settings.py::test_a_blank_override_is_refused[] PASSED [ 80%]
tests/unit/shared/test_news_settings.py::test_a_blank_override_is_refused[   ] PASSED [ 80%]
tests/unit/shared/test_news_settings.py::test_a_blank_override_is_refused[\t\n] PASSED [ 80%]
tests/unit/shared/test_news_settings.py::test_an_unbalanced_override_is_refused["unbalanced] PASSED [ 80%]
tests/unit/shared/test_news_settings.py::test_an_unbalanced_override_is_refused[("a" OR "b"] PASSED [ 80%]
tests/unit/shared/test_news_settings.py::test_an_unbalanced_override_is_refused[a) OR "b"] PASSED [ 80%]
tests/unit/shared/test_news_settings.py::test_an_enormous_override_is_refused PASSED [ 80%]
tests/unit/shared/test_news_settings.py::test_an_impossible_batch_size_is_refused[0] PASSED [ 80%]
tests/unit/shared/test_news_settings.py::test_an_impossible_batch_size_is_refused[-1] PASSED [ 80%]
tests/unit/shared/test_news_settings.py::test_an_impossible_batch_size_is_refused[26] PASSED [ 80%]
tests/unit/shared/test_news_settings.py::test_the_advertised_batch_sizes_load[1] PASSED [ 80%]
tests/unit/shared/test_news_settings.py::test_the_advertised_batch_sizes_load[8] PASSED [ 80%]
tests/unit/shared/test_news_settings.py::test_the_advertised_batch_sizes_load[25] PASSED [ 80%]
tests/unit/shared/test_news_settings.py::test_an_impossible_record_count_is_refused[0] PASSED [ 80%]
tests/unit/shared/test_news_settings.py::test_an_impossible_record_count_is_refused[-5] PASSED [ 80%]
tests/unit/shared/test_news_settings.py::test_an_impossible_record_count_is_refused[251] PASSED [ 80%]
tests/unit/shared/test_news_settings.py::test_the_documented_timespans_are_accepted[15min] PASSED [ 80%]
tests/unit/shared/test_news_settings.py::test_the_documented_timespans_are_accepted[12h] PASSED [ 80%]
tests/unit/shared/test_news_settings.py::test_the_documented_timespans_are_accepted[1d] PASSED [ 80%]
tests/unit/shared/test_news_settings.py::test_the_documented_timespans_are_accepted[3w] PASSED [ 80%]
tests/unit/shared/test_news_settings.py::test_the_documented_timespans_are_accepted[1m] PASSED [ 80%]
tests/unit/shared/test_news_settings.py::test_the_documented_timespans_are_accepted[180d] PASSED [ 80%]
tests/unit/shared/test_news_settings.py::test_an_undocumented_timespan_is_refused[] PASSED [ 80%]
tests/unit/shared/test_news_settings.py::test_an_undocumented_timespan_is_refused[d] PASSED [ 80%]
tests/unit/shared/test_news_settings.py::test_an_undocumented_timespan_is_refused[0d] PASSED [ 80%]
tests/unit/shared/test_news_settings.py::test_an_undocumented_timespan_is_refused[-1d] PASSED [ 80%]
tests/unit/shared/test_news_settings.py::test_an_undocumented_timespan_is_refused[1] PASSED [ 81%]
tests/unit/shared/test_news_settings.py::test_an_undocumented_timespan_is_refused[1y] PASSED [ 81%]
tests/unit/shared/test_news_settings.py::test_an_undocumented_timespan_is_refused[1 d] PASSED [ 81%]
tests/unit/shared/test_news_settings.py::test_an_undocumented_timespan_is_refused[1dd] PASSED [ 81%]
tests/unit/shared/test_news_settings.py::test_an_undocumented_timespan_is_refused[99999d] PASSED [ 81%]
tests/unit/shared/test_news_settings.py::test_an_unusable_endpoint_is_refused[http://api.gdeltproject.org/api/v2/doc/doc] PASSED [ 81%]
tests/unit/shared/test_news_settings.py::test_an_unusable_endpoint_is_refused[https://user:pass@api.gdeltproject.org/api/v2/doc/doc] PASSED [ 81%]
tests/unit/shared/test_news_settings.py::test_an_unusable_endpoint_is_refused[https://api.gdeltproject.org/api/v2/doc/doc?query=already] PASSED [ 81%]
tests/unit/shared/test_news_settings.py::test_an_unusable_endpoint_is_refused[not-a-url] PASSED [ 81%]
tests/unit/shared/test_news_settings.py::test_there_is_no_proxy_setting PASSED [ 81%]
tests/unit/shared/test_news_settings.py::test_an_unknown_news_key_is_refused_rather_than_ignored PASSED [ 81%]
tests/unit/shared/test_news_settings.py::test_news_settings_load_from_the_environment PASSED [ 81%]
tests/unit/shared/test_news_settings.py::test_invalid_news_configuration_stops_the_process_naming_the_field PASSED [ 81%]
tests/unit/shared/test_news_settings.py::test_the_result_limit_and_lookback_are_bounded PASSED [ 81%]
tests/unit/shared/test_news_settings.py::test_the_timeout_is_bounded_at_both_ends PASSED [ 81%]
tests/unit/shared/test_news_settings.py::test_the_minimum_request_interval_defaults_to_one_conservative_second PASSED [ 81%]
tests/unit/shared/test_news_settings.py::test_a_zero_request_interval_is_the_documented_no_pacing_escape_hatch PASSED [ 81%]
tests/unit/shared/test_news_settings.py::test_the_minimum_request_interval_is_bounded_at_both_ends PASSED [ 81%]
tests/unit/shared/test_news_settings.py::test_the_request_interval_loads_from_the_environment PASSED [ 81%]
tests/unit/shared/test_observability.py::test_an_empty_registry_is_ready PASSED [ 81%]
tests/unit/shared/test_observability.py::test_degraded_is_still_ready PASSED [ 81%]
tests/unit/shared/test_observability.py::test_any_unhealthy_dependency_makes_the_process_not_ready PASSED [ 81%]
tests/unit/shared/test_observability.py::test_a_check_that_raises_counts_as_unhealthy PASSED [ 81%]
tests/unit/shared/test_observability.py::test_a_failing_check_does_not_leak_its_exception_message PASSED [ 81%]
tests/unit/shared/test_observability.py::test_a_hanging_check_times_out_rather_than_hanging_the_probe PASSED [ 81%]
tests/unit/shared/test_observability.py::test_checks_run_concurrently PASSED [ 81%]
tests/unit/shared/test_observability.py::test_duplicate_registration_is_rejected PASSED [ 81%]
tests/unit/shared/test_observability.py::test_the_report_renders_a_per_dependency_breakdown PASSED [ 81%]
tests/unit/shared/test_observability.py::test_metric_names_must_follow_the_convention[ticks_total] PASSED [ 81%]
tests/unit/shared/test_observability.py::test_metric_names_must_follow_the_convention[dhruva_ticks] PASSED [ 81%]
tests/unit/shared/test_observability.py::test_metric_names_must_follow_the_convention[DHRUVA_MARKETDATA_TICKS_TOTAL] PASSED [ 81%]
tests/unit/shared/test_observability.py::test_metric_names_must_follow_the_convention[dhruva-marketdata-ticks] PASSED [ 81%]
tests/unit/shared/test_observability.py::test_a_conforming_metric_registers_and_renders PASSED [ 81%]
tests/unit/shared/test_observability.py::test_duplicate_metric_registration_is_rejected PASSED [ 81%]
tests/unit/shared/test_observability.py::test_registries_are_isolated_from_each_other PASSED [ 81%]
tests/unit/shared/test_observability.py::test_histogram_buckets_bracket_the_platform_budgets PASSED [ 82%]
tests/unit/shared/test_observability.py::test_tracing_is_a_no_op_until_a_composition_root_configures_it PASSED [ 82%]
tests/unit/shared/test_secret_value.py::test_no_rendering_path_reveals_the_value[str()-str] PASSED [ 82%]
tests/unit/shared/test_secret_value.py::test_no_rendering_path_reveals_the_value[repr()-repr] PASSED [ 82%]
tests/unit/shared/test_secret_value.py::test_no_rendering_path_reveals_the_value[f-string-<lambda>] PASSED [ 82%]
tests/unit/shared/test_secret_value.py::test_no_rendering_path_reveals_the_value[format()-format] PASSED [ 82%]
tests/unit/shared/test_secret_value.py::test_no_rendering_path_reveals_the_value[str.format-format] PASSED [ 82%]
tests/unit/shared/test_secret_value.py::test_no_rendering_path_reveals_the_value[%-formatting-<lambda>] PASSED [ 82%]
tests/unit/shared/test_secret_value.py::test_no_rendering_path_reveals_the_value[concatenation via join-<lambda>] PASSED [ 82%]
tests/unit/shared/test_secret_value.py::test_format_spec_cannot_leak_a_prefix PASSED [ 82%]
tests/unit/shared/test_secret_value.py::test_reveal_is_the_only_accessor PASSED [ 82%]
tests/unit/shared/test_secret_value.py::test_a_secret_cannot_be_pickled PASSED [ 82%]
tests/unit/shared/test_secret_value.py::test_a_secret_can_be_copied_in_memory PASSED [ 82%]
tests/unit/shared/test_secret_value.py::test_a_secret_cannot_be_hashed PASSED [ 82%]
tests/unit/shared/test_secret_value.py::test_a_secret_is_not_json_serialisable_by_accident PASSED [ 82%]
tests/unit/shared/test_secret_value.py::test_equality_works_between_secrets PASSED [ 82%]
tests/unit/shared/test_secret_value.py::test_comparison_against_a_plain_string_is_not_supported PASSED [ 82%]
tests/unit/shared/test_secret_value.py::test_length_and_truthiness_are_disclosed_deliberately PASSED [ 82%]
tests/unit/shared/test_secret_value.py::test_secrets_join_the_redaction_registry PASSED [ 82%]
tests/unit/shared/test_secret_value.py::test_short_values_are_not_registered PASSED [ 82%]
tests/unit/shared/test_secret_value.py::test_registration_can_be_declined PASSED [ 82%]
tests/unit/shared/test_secret_value.py::test_the_registry_snapshot_is_immutable PASSED [ 82%]
tests/unit/shared/test_secret_value.py::test_no_generated_value_ever_renders PASSED [ 82%]
tests/unit/shared/test_settings.py::test_defaults_are_local_and_safe PASSED [ 82%]
tests/unit/shared/test_settings.py::test_nested_variables_are_read PASSED [ 82%]
tests/unit/shared/test_settings.py::test_an_unknown_variable_is_rejected PASSED [ 82%]
tests/unit/shared/test_settings.py::test_invalid_values_fail_fast_and_name_the_field PASSED [ 82%]
tests/unit/shared/test_settings.py::test_an_unrecognised_log_level_is_rejected PASSED [ 82%]
tests/unit/shared/test_settings.py::test_deployed_environments_reject_debug PASSED [ 82%]
tests/unit/shared/test_settings.py::test_deployed_environments_reject_placeholder_credentials PASSED [ 82%]
tests/unit/shared/test_settings.py::test_deployed_environments_reject_human_readable_logs PASSED [ 82%]
tests/unit/shared/test_settings.py::test_deployed_environments_reject_a_placeholder_master_key PASSED [ 82%]
tests/unit/shared/test_settings.py::test_deployed_environments_reject_a_placeholder_signing_key PASSED [ 82%]
tests/unit/shared/test_settings.py::test_the_access_token_lifetime_defaults_to_the_plan_s_fifteen_minutes PASSED [ 82%]
tests/unit/shared/test_settings.py::test_a_valid_production_configuration_loads PASSED [ 83%]
tests/unit/shared/test_settings.py::test_an_explicit_log_format_is_honoured PASSED [ 83%]
tests/unit/shared/test_settings.py::test_log_format_is_derived_rather_than_defaulted PASSED [ 83%]
tests/unit/shared/test_settings.py::test_settings_are_frozen PASSED      [ 83%]
tests/unit/shared/test_settings.py::test_secrets_never_serialise PASSED  [ 83%]
tests/unit/shared/test_settings.py::test_an_env_file_is_read_when_supplied PASSED [ 83%]
tests/unit/shared/test_settings.py::test_the_environment_wins_over_the_env_file PASSED [ 83%]
tests/unit/shared/test_settings.py::test_tracing_enabled_without_an_endpoint_is_rejected PASSED [ 83%]
tests/unit/shared/test_settings.py::test_an_already_wrapped_secret_is_passed_through PASSED [ 83%]
tests/unit/shared/test_settings.py::test_settings_can_be_constructed_directly_for_tests PASSED [ 83%]
tests/unit/shared/time/test_clock.py::test_every_clock_satisfies_the_port[clock0] PASSED [ 83%]
tests/unit/shared/time/test_clock.py::test_every_clock_satisfies_the_port[clock1] PASSED [ 83%]
tests/unit/shared/time/test_clock.py::test_the_system_clock_returns_aware_utc PASSED [ 83%]
tests/unit/shared/time/test_clock.py::test_a_frozen_clock_does_not_move_on_its_own PASSED [ 83%]
tests/unit/shared/time/test_clock.py::test_advancing_moves_the_clock_forward PASSED [ 83%]
tests/unit/shared/time/test_clock.py::test_a_clock_cannot_move_backwards[kwargs0] PASSED [ 83%]
tests/unit/shared/time/test_clock.py::test_a_clock_cannot_move_backwards[kwargs1] PASSED [ 83%]
tests/unit/shared/time/test_clock.py::test_a_clock_cannot_move_backwards[kwargs2] PASSED [ 83%]
tests/unit/shared/time/test_clock.py::test_a_clock_cannot_move_backwards[kwargs3] PASSED [ 83%]
tests/unit/shared/time/test_clock.py::test_setting_the_clock_is_permitted_where_advancing_is_not PASSED [ 83%]
tests/unit/shared/time/test_clock.py::test_a_naive_instant_is_refused PASSED [ 83%]
tests/unit/shared/time/test_clock.py::test_a_non_utc_instant_is_normalised_rather_than_rejected PASSED [ 83%]
tests/unit/shared/time/test_clock.py::test_repr_identifies_the_instant PASSED [ 83%]
tests/unit/shared/time/test_ranges.py::test_a_date_range_excludes_its_end PASSED [ 83%]
tests/unit/shared/time/test_ranges.py::test_consecutive_ranges_tile_without_gap_or_overlap PASSED [ 83%]
tests/unit/shared/time/test_ranges.py::test_an_inverted_range_is_refused PASSED [ 83%]
tests/unit/shared/time/test_ranges.py::test_an_empty_range_contains_nothing PASSED [ 83%]
tests/unit/shared/time/test_ranges.py::test_iterating_yields_every_date_ascending PASSED [ 83%]
tests/unit/shared/time/test_ranges.py::test_intersection_is_contained_in_both PASSED [ 83%]
tests/unit/shared/time/test_ranges.py::test_overlap_is_symmetric PASSED  [ 83%]
tests/unit/shared/time/test_ranges.py::test_adjacent_ranges_do_not_overlap PASSED [ 83%]
tests/unit/shared/time/test_ranges.py::test_a_time_range_measures_duration PASSED [ 83%]
tests/unit/shared/time/test_ranges.py::test_a_time_range_rejects_naive_bounds PASSED [ 83%]
tests/unit/shared/time/test_ranges.py::test_ranges_render_in_half_open_notation PASSED [ 83%]
tests/unit/shared/time/test_ranges.py::test_ranges_are_frozen_and_hashable PASSED [ 83%]
tests/unit/shared/time/test_ranges.py::test_a_time_range_excludes_its_end PASSED [ 84%]
tests/unit/shared/time/test_ranges.py::test_an_empty_time_range_contains_nothing PASSED [ 84%]
tests/unit/shared/time/test_ranges.py::test_time_ranges_overlap_symmetrically_and_tile_cleanly PASSED [ 84%]
tests/unit/shared/time/test_ranges.py::test_time_range_intersection PASSED [ 84%]
tests/unit/shared/time/test_ranges.py::test_disjoint_time_ranges_intersect_to_empty PASSED [ 84%]
tests/unit/shared/time/test_ranges.py::test_an_inverted_time_range_is_refused PASSED [ 84%]
tests/unit/shared/time/test_ranges.py::test_time_ranges_render_in_half_open_notation PASSED [ 84%]
tests/unit/shared/time/test_trading_day.py::test_the_test_calendar_satisfies_the_port PASSED [ 84%]
tests/unit/shared/time/test_trading_day.py::test_a_trading_day_must_be_verified_against_a_calendar PASSED [ 84%]
tests/unit/shared/time/test_trading_day.py::test_a_non_session_date_is_refused PASSED [ 84%]
tests/unit/shared/time/test_trading_day.py::test_a_holiday_is_refused PASSED [ 84%]
tests/unit/shared/time/test_trading_day.py::test_session_arithmetic_skips_non_sessions PASSED [ 84%]
tests/unit/shared/time/test_trading_day.py::test_session_arithmetic_runs_backwards PASSED [ 84%]
tests/unit/shared/time/test_trading_day.py::test_adding_and_subtracting_sessions_round_trips[1] PASSED [ 84%]
tests/unit/shared/time/test_trading_day.py::test_adding_and_subtracting_sessions_round_trips[2] PASSED [ 84%]
tests/unit/shared/time/test_trading_day.py::test_adding_and_subtracting_sessions_round_trips[5] PASSED [ 84%]
tests/unit/shared/time/test_trading_day.py::test_adding_and_subtracting_sessions_round_trips[10] PASSED [ 84%]
tests/unit/shared/time/test_trading_day.py::test_adding_and_subtracting_sessions_round_trips[21] PASSED [ 84%]
tests/unit/shared/time/test_trading_day.py::test_sessions_between_excludes_the_end PASSED [ 84%]
tests/unit/shared/time/test_trading_day.py::test_trading_days_order_chronologically PASSED [ 84%]
tests/unit/shared/time/test_trading_day.py::test_trading_days_are_hashable_and_usable_as_keys PASSED [ 84%]
tests/unit/shared/time/test_trading_day.py::test_ordering_against_a_foreign_type_raises PASSED [ 84%]
tests/unit/shared/time/test_trading_day.py::test_a_trading_day_is_immutable PASSED [ 84%]
tests/unit/shared/time/test_trading_day.py::test_a_session_is_stored_as_utc_instants PASSED [ 84%]
tests/unit/shared/time/test_trading_day.py::test_session_membership_is_half_open PASSED [ 84%]
tests/unit/shared/time/test_trading_day.py::test_a_regular_session_is_not_partial PASSED [ 84%]
tests/unit/shared/time/test_trading_day.py::test_a_muhurat_session_is_partial PASSED [ 84%]
tests/unit/shared/time/test_trading_day.py::test_a_session_must_close_after_it_opens PASSED [ 84%]
tests/unit/shared/time/test_trading_day.py::test_a_session_rejects_naive_instants PASSED [ 84%]
tests/unit/test_adr_guard.py::test_real_decision_log_is_intact PASSED    [ 84%]
tests/unit/test_adr_guard.py::test_the_corpus_and_the_decision_index_agree PASSED [ 84%]
tests/unit/test_adr_guard.py::test_exactly_one_record_has_been_superseded PASSED [ 84%]
tests/unit/test_adr_guard.py::test_every_real_record_has_the_required_sections PASSED [ 84%]
tests/unit/test_adr_guard.py::test_valid_corpus_passes PASSED            [ 84%]
tests/unit/test_adr_guard.py::test_c1_rejects_a_malformed_filename PASSED [ 84%]
tests/unit/test_adr_guard.py::test_c1_rejects_a_filename_that_disagrees_with_the_heading PASSED [ 85%]
tests/unit/test_adr_guard.py::test_c2_detects_a_gap_left_by_a_deleted_record PASSED [ 85%]
tests/unit/test_adr_guard.py::test_c3_detects_a_missing_section PASSED   [ 85%]
tests/unit/test_adr_guard.py::test_c3_detects_a_missing_metadata_field PASSED [ 85%]
tests/unit/test_adr_guard.py::test_c4_rejects_an_invented_status PASSED  [ 85%]
tests/unit/test_adr_guard.py::test_c4_rejects_a_dangling_supersession_reference PASSED [ 85%]
tests/unit/test_adr_guard.py::test_c5_detects_an_edit_to_an_accepted_record PASSED [ 85%]
tests/unit/test_adr_guard.py::test_c5_permits_a_status_change_to_superseded PASSED [ 85%]
tests/unit/test_adr_guard.py::test_c5_detects_an_accepted_record_with_no_registered_checksum PASSED [ 85%]
tests/unit/test_adr_guard.py::test_c5_detects_a_checksum_for_a_record_that_no_longer_exists PASSED [ 85%]
tests/unit/test_adr_guard.py::test_update_refuses_to_overwrite_an_existing_checksum PASSED [ 85%]
tests/unit/test_adr_guard.py::test_update_is_idempotent PASSED           [ 85%]
tests/unit/test_adr_guard.py::test_digest_ignores_mutable_status_lines PASSED [ 85%]
tests/unit/test_adr_guard.py::test_digest_ignores_trailing_whitespace_but_not_content PASSED [ 85%]
tests/unit/test_adr_guard.py::test_c3_detects_a_record_with_no_heading PASSED [ 85%]
tests/unit/test_adr_guard.py::test_c2_detects_a_reused_decision_number PASSED [ 85%]
tests/unit/test_adr_guard.py::test_update_declines_when_the_corpus_is_structurally_broken PASSED [ 85%]
tests/unit/test_adr_guard.py::test_a_corrupt_checksum_file_fails_loudly PASSED [ 85%]
tests/unit/test_adr_guard.py::test_problems_render_with_filename_and_check_id PASSED [ 85%]
tests/unit/test_adr_guard.py::test_readme_and_template_are_not_treated_as_records PASSED [ 85%]
tests/unit/test_context_boundaries.py::test_real_source_tree_has_no_boundary_violations PASSED [ 85%]
tests/unit/test_context_boundaries.py::test_dependency_matrix_is_acyclic PASSED [ 85%]
tests/unit/test_context_boundaries.py::test_matrix_references_only_known_contexts PASSED [ 85%]
tests/unit/test_context_boundaries.py::test_risk_does_not_depend_on_trading PASSED [ 85%]
tests/unit/test_context_boundaries.py::test_r1_detects_reaching_into_another_contexts_internals PASSED [ 85%]
tests/unit/test_context_boundaries.py::test_r1_allows_import_through_the_public_api PASSED [ 85%]
tests/unit/test_context_boundaries.py::test_r1_allows_from_package_import_api_form PASSED [ 85%]
tests/unit/test_context_boundaries.py::test_r2_detects_an_undeclared_dependency PASSED [ 85%]
tests/unit/test_context_boundaries.py::test_r2_blocks_risk_importing_trading PASSED [ 85%]
tests/unit/test_context_boundaries.py::test_r2_permits_trading_importing_risk PASSED [ 85%]
tests/unit/test_context_boundaries.py::test_r3_detects_import_of_a_composition_root PASSED [ 85%]
tests/unit/test_context_boundaries.py::test_r3_permits_composition_roots_importing_anything PASSED [ 85%]
tests/unit/test_context_boundaries.py::test_r4_detects_the_shared_kernel_importing_a_context PASSED [ 85%]
tests/unit/test_context_boundaries.py::test_plain_import_statement_is_checked_too PASSED [ 85%]
tests/unit/test_context_boundaries.py::test_non_dhruva_imports_are_ignored PASSED [ 85%]
tests/unit/test_context_boundaries.py::test_violations_render_with_path_and_line PASSED [ 86%]
tests/unit/test_context_boundaries.py::test_find_repo_root_locates_the_marker PASSED [ 86%]
tests/unit/test_context_boundaries.py::test_find_repo_root_raises_when_no_marker_exists PASSED [ 86%]
tests/unit/test_context_boundaries.py::test_r9_detects_a_transport_import_in_a_domain_module PASSED [ 86%]
tests/unit/test_context_boundaries.py::test_r9_detects_a_transport_import_in_a_strategy_module PASSED [ 86%]
tests/unit/test_context_boundaries.py::test_r9_permits_a_transport_in_infrastructure PASSED [ 86%]
tests/unit/test_context_boundaries.py::test_r9_permits_the_messaging_ports_in_domain_code PASSED [ 86%]
tests/unit/test_package_metadata.py::test_version_is_semver PASSED       [ 86%]
tests/unit/test_package_metadata.py::test_package_reexports_version PASSED [ 86%]
tests/unit/test_package_metadata.py::test_stage_one_version_is_pre_release PASSED [ 86%]
tests/unit/test_package_metadata.py::test_the_version_matches_the_newest_released_changelog_entry PASSED [ 86%]
tests/unit/test_repository_layout.py::test_nine_contexts_exist PASSED    [ 86%]
tests/unit/test_repository_layout.py::test_context_package_exists[reference] PASSED [ 86%]
tests/unit/test_repository_layout.py::test_context_package_exists[marketdata] PASSED [ 86%]
tests/unit/test_repository_layout.py::test_context_package_exists[analytics] PASSED [ 86%]
tests/unit/test_repository_layout.py::test_context_package_exists[intelligence] PASSED [ 86%]
tests/unit/test_repository_layout.py::test_context_package_exists[strategy] PASSED [ 86%]
tests/unit/test_repository_layout.py::test_context_package_exists[risk] PASSED [ 86%]
tests/unit/test_repository_layout.py::test_context_package_exists[trading] PASSED [ 86%]
tests/unit/test_repository_layout.py::test_context_package_exists[notification] PASSED [ 86%]
tests/unit/test_repository_layout.py::test_context_package_exists[platform] PASSED [ 86%]
tests/unit/test_repository_layout.py::test_context_has_public_api_module[reference] PASSED [ 86%]
tests/unit/test_repository_layout.py::test_context_has_public_api_module[marketdata] PASSED [ 86%]
tests/unit/test_repository_layout.py::test_context_has_public_api_module[analytics] PASSED [ 86%]
tests/unit/test_repository_layout.py::test_context_has_public_api_module[intelligence] PASSED [ 86%]
tests/unit/test_repository_layout.py::test_context_has_public_api_module[strategy] PASSED [ 86%]
tests/unit/test_repository_layout.py::test_context_has_public_api_module[risk] PASSED [ 86%]
tests/unit/test_repository_layout.py::test_context_has_public_api_module[trading] PASSED [ 86%]
tests/unit/test_repository_layout.py::test_context_has_public_api_module[notification] PASSED [ 86%]
tests/unit/test_repository_layout.py::test_context_has_public_api_module[platform] PASSED [ 86%]
tests/unit/test_repository_layout.py::test_context_has_all_four_layers[application-reference] PASSED [ 86%]
tests/unit/test_repository_layout.py::test_context_has_all_four_layers[application-marketdata] PASSED [ 86%]
tests/unit/test_repository_layout.py::test_context_has_all_four_layers[application-analytics] PASSED [ 86%]
tests/unit/test_repository_layout.py::test_context_has_all_four_layers[application-intelligence] PASSED [ 86%]
tests/unit/test_repository_layout.py::test_context_has_all_four_layers[application-strategy] PASSED [ 87%]
tests/unit/test_repository_layout.py::test_context_has_all_four_layers[application-risk] PASSED [ 87%]
tests/unit/test_repository_layout.py::test_context_has_all_four_layers[application-trading] PASSED [ 87%]
tests/unit/test_repository_layout.py::test_context_has_all_four_layers[application-notification] PASSED [ 87%]
tests/unit/test_repository_layout.py::test_context_has_all_four_layers[application-platform] PASSED [ 87%]
tests/unit/test_repository_layout.py::test_context_has_all_four_layers[domain-reference] PASSED [ 87%]
tests/unit/test_repository_layout.py::test_context_has_all_four_layers[domain-marketdata] PASSED [ 87%]
tests/unit/test_repository_layout.py::test_context_has_all_four_layers[domain-analytics] PASSED [ 87%]
tests/unit/test_repository_layout.py::test_context_has_all_four_layers[domain-intelligence] PASSED [ 87%]
tests/unit/test_repository_layout.py::test_context_has_all_four_layers[domain-strategy] PASSED [ 87%]
tests/unit/test_repository_layout.py::test_context_has_all_four_layers[domain-risk] PASSED [ 87%]
tests/unit/test_repository_layout.py::test_context_has_all_four_layers[domain-trading] PASSED [ 87%]
tests/unit/test_repository_layout.py::test_context_has_all_four_layers[domain-notification] PASSED [ 87%]
tests/unit/test_repository_layout.py::test_context_has_all_four_layers[domain-platform] PASSED [ 87%]
tests/unit/test_repository_layout.py::test_context_has_all_four_layers[infrastructure-reference] PASSED [ 87%]
tests/unit/test_repository_layout.py::test_context_has_all_four_layers[infrastructure-marketdata] PASSED [ 87%]
tests/unit/test_repository_layout.py::test_context_has_all_four_layers[infrastructure-analytics] PASSED [ 87%]
tests/unit/test_repository_layout.py::test_context_has_all_four_layers[infrastructure-intelligence] PASSED [ 87%]
tests/unit/test_repository_layout.py::test_context_has_all_four_layers[infrastructure-strategy] PASSED [ 87%]
tests/unit/test_repository_layout.py::test_context_has_all_four_layers[infrastructure-risk] PASSED [ 87%]
tests/unit/test_repository_layout.py::test_context_has_all_four_layers[infrastructure-trading] PASSED [ 87%]
tests/unit/test_repository_layout.py::test_context_has_all_four_layers[infrastructure-notification] PASSED [ 87%]
tests/unit/test_repository_layout.py::test_context_has_all_four_layers[infrastructure-platform] PASSED [ 87%]
tests/unit/test_repository_layout.py::test_context_has_all_four_layers[interfaces-reference] PASSED [ 87%]
tests/unit/test_repository_layout.py::test_context_has_all_four_layers[interfaces-marketdata] PASSED [ 87%]
tests/unit/test_repository_layout.py::test_context_has_all_four_layers[interfaces-analytics] PASSED [ 87%]
tests/unit/test_repository_layout.py::test_context_has_all_four_layers[interfaces-intelligence] PASSED [ 87%]
tests/unit/test_repository_layout.py::test_context_has_all_four_layers[interfaces-strategy] PASSED [ 87%]
tests/unit/test_repository_layout.py::test_context_has_all_four_layers[interfaces-risk] PASSED [ 87%]
tests/unit/test_repository_layout.py::test_context_has_all_four_layers[interfaces-trading] PASSED [ 87%]
tests/unit/test_repository_layout.py::test_context_has_all_four_layers[interfaces-notification] PASSED [ 87%]
tests/unit/test_repository_layout.py::test_context_has_all_four_layers[interfaces-platform] PASSED [ 87%]
tests/unit/test_repository_layout.py::test_composition_roots_exist[api] PASSED [ 87%]
tests/unit/test_repository_layout.py::test_composition_roots_exist[ingest] PASSED [ 87%]
tests/unit/test_repository_layout.py::test_composition_roots_exist[workers] PASSED [ 87%]
tests/unit/test_repository_layout.py::test_context_api_module_imports_cleanly[reference] PASSED [ 88%]
tests/unit/test_repository_layout.py::test_context_api_module_imports_cleanly[marketdata] PASSED [ 88%]
tests/unit/test_repository_layout.py::test_context_api_module_imports_cleanly[analytics] PASSED [ 88%]
tests/unit/test_repository_layout.py::test_context_api_module_imports_cleanly[intelligence] PASSED [ 88%]
tests/unit/test_repository_layout.py::test_context_api_module_imports_cleanly[strategy] PASSED [ 88%]
tests/unit/test_repository_layout.py::test_context_api_module_imports_cleanly[risk] PASSED [ 88%]
tests/unit/test_repository_layout.py::test_context_api_module_imports_cleanly[trading] PASSED [ 88%]
tests/unit/test_repository_layout.py::test_context_api_module_imports_cleanly[notification] PASSED [ 88%]
tests/unit/test_repository_layout.py::test_context_api_module_imports_cleanly[platform] PASSED [ 88%]
tests/unit/test_repository_layout.py::test_shared_kernel_exists PASSED   [ 88%]
tests/unit/test_repository_layout.py::test_package_is_typed PASSED       [ 88%]
tests/unit/test_repository_layout.py::test_root_marker_is_present PASSED [ 88%]
tests/unit/test_repository_layout.py::test_required_repository_files_exist[backend/pyproject.toml] PASSED [ 88%]
tests/unit/test_repository_layout.py::test_required_repository_files_exist[backend/.importlinter] PASSED [ 88%]
tests/unit/test_repository_layout.py::test_required_repository_files_exist[.pre-commit-config.yaml] PASSED [ 88%]
tests/unit/test_repository_layout.py::test_required_repository_files_exist[.github/workflows/ci.yml] PASSED [ 88%]
tests/unit/test_repository_layout.py::test_required_repository_files_exist[.github/workflows/security.yml] PASSED [ 88%]
tests/unit/test_repository_layout.py::test_required_repository_files_exist[infra/docker-compose.yml] PASSED [ 88%]
tests/unit/test_repository_layout.py::test_required_repository_files_exist[docs/adr/README.md] PASSED [ 88%]
tests/unit/test_repository_layout.py::test_required_repository_files_exist[docs/adr/TEMPLATE.md] PASSED [ 88%]
tests/unit/test_repository_layout.py::test_required_repository_files_exist[docs/DHRUVA_MASTER_PROJECT_PLAN.md] PASSED [ 88%]
tests/unit/test_repository_layout.py::test_required_repository_files_exist[docs/DHRUVA_PERSONAL_MVP_PLAN.md] PASSED [ 88%]
tests/unit/test_repository_layout.py::test_required_repository_files_exist[docs/DOMAIN.md] PASSED [ 88%]
tests/unit/test_repository_layout.py::test_required_repository_files_exist[docs/LESSONS.md] PASSED [ 88%]
tests/unit/test_repository_layout.py::test_required_repository_files_exist[docs/decisions.md] PASSED [ 88%]
tests/unit/test_repository_layout.py::test_required_repository_files_exist[docs/session-log.md] PASSED [ 88%]
tests/unit/test_repository_layout.py::test_required_repository_files_exist[Makefile] PASSED [ 88%]
tests/unit/test_repository_layout.py::test_required_repository_files_exist[README.md] PASSED [ 88%]
tests/unit/test_repository_layout.py::test_required_repository_files_exist[CONTRIBUTING.md] PASSED [ 88%]
tests/unit/test_repository_layout.py::test_required_repository_files_exist[CHANGELOG.md] PASSED [ 88%]
tests/unit/test_repository_layout.py::test_no_order_placing_code_exists PASSED [ 88%]
tests/unit/test_secret_hygiene.py::test_no_env_file_is_present_in_the_tree PASSED [ 88%]
tests/unit/test_secret_hygiene.py::test_gitignore_covers_the_patterns_that_matter PASSED [ 88%]
tests/unit/test_secret_hygiene.py::test_the_example_env_file_contains_no_realistic_value PASSED [ 88%]
tests/unit/test_secret_hygiene.py::test_no_source_file_contains_a_credential_shaped_string PASSED [ 88%]
tests/unit/test_secret_hygiene.py::test_ci_scans_full_history_not_just_the_diff PASSED [ 89%]
tests/unit/test_secret_hygiene.py::test_dependency_audit_checks_the_hash_pinned_deployment_lock PASSED [ 89%]
tests/unit/test_secret_hygiene.py::test_dependency_audit_cannot_suppress_findings_or_its_exit_code PASSED [ 89%]
tests/unit/test_toolchain_config.py::test_python_312_is_required PASSED  [ 89%]
tests/unit/test_toolchain_config.py::test_mypy_is_strict PASSED          [ 89%]
tests/unit/test_toolchain_config.py::test_bare_type_ignore_is_an_error PASSED [ 89%]
tests/unit/test_toolchain_config.py::test_required_ruff_rule_families_are_selected[DTZ-ADR-006: naive datetimes are banned] PASSED [ 89%]
tests/unit/test_toolchain_config.py::test_required_ruff_rule_families_are_selected[FIX-Golden Rules: no TODO or FIXME may survive a merge] PASSED [ 89%]
tests/unit/test_toolchain_config.py::test_required_ruff_rule_families_are_selected[S-security linting is on by default (ADR-020)] PASSED [ 89%]
tests/unit/test_toolchain_config.py::test_required_ruff_rule_families_are_selected[ERA-commented-out code is deleted, not archived in place] PASSED [ 89%]
tests/unit/test_toolchain_config.py::test_required_ruff_rule_families_are_selected[D-docstrings are a Definition of Done requirement] PASSED [ 89%]
tests/unit/test_toolchain_config.py::test_required_ruff_rule_families_are_selected[T20-print statements are not structured logging] PASSED [ 89%]
tests/unit/test_toolchain_config.py::test_required_ruff_rule_families_are_selected[ASYNC-ADR-024: no blocking calls on the event loop] PASSED [ 89%]
tests/unit/test_toolchain_config.py::test_relative_imports_are_banned PASSED [ 89%]
tests/unit/test_toolchain_config.py::test_coverage_gate_matches_the_definition_of_done PASSED [ 89%]
tests/unit/test_toolchain_config.py::test_pytest_is_configured_to_fail_loudly PASSED [ 89%]
tests/unit/test_toolchain_config.py::test_declared_markers_cover_the_test_pyramid PASSED [ 89%]
tests/unit/test_toolchain_config.py::test_every_runtime_dependency_is_pinned_and_accounted_for PASSED [ 89%]
tests/unit/test_toolchain_config.py::test_the_tracing_sdk_is_an_extra_not_a_library_dependency PASSED [ 89%]
tests/unit/test_toolchain_config.py::test_the_deployment_lockfile_contains_every_runtime_dependency PASSED [ 89%]
tests/unit/test_toolchain_config.py::test_lockfiles_are_committed_and_hash_pinned PASSED [ 89%]
tests/unit/test_toolchain_config.py::test_python_version_is_declared_consistently PASSED [ 89%]
tests/unit/test_toolchain_config.py::test_console_scripts_expose_the_architectural_controls PASSED [ 89%]
tests/unit/test_toolchain_config.py::test_import_linter_covers_every_context PASSED [ 89%]
tests/unit/test_toolchain_config.py::test_precommit_runs_the_same_gates_as_ci PASSED [ 89%]
tests/unit/test_toolchain_config.py::test_the_authoritative_benchmark_job_can_measure_sub_microsecond_budgets PASSED [ 89%]
tests/unit/test_toolchain_config.py::test_the_canonical_script_reports_a_gating_failure_to_the_shell PASSED [ 89%]
tests/unit/test_toolchain_config.py::test_only_the_windows_benchmark_stage_is_informational PASSED [ 89%]
tests/unit/test_toolchain_config.py::test_every_stage_except_the_benchmarks_gates_the_shell_status PASSED [ 89%]
tests/unit/test_toolchain_config.py::test_the_ordinary_test_job_does_not_claim_stable_timing PASSED [ 89%]
tests/unit/test_toolchain_config.py::test_the_container_port_is_a_parameter_defaulting_to_the_documented_one PASSED [ 89%]
tests/unit/test_toolchain_config.py::test_the_container_port_is_range_validated PASSED [ 89%]
tests/unit/test_toolchain_config.py::test_the_script_never_chooses_a_port_by_itself PASSED [ 89%]
tests/unit/test_toolchain_config.py::test_the_same_port_reaches_docker_and_the_connection_url PASSED [ 89%]
tests/unit/test_toolchain_config.py::test_the_selected_port_is_recorded_in_the_evidence PASSED [ 90%]
tests/unit/test_toolchain_config.py::test_supplying_both_a_database_url_and_a_port_is_refused PASSED [ 90%]
tests/unit/test_toolchain_config.py::test_the_port_is_checked_before_the_image_is_pulled PASSED [ 90%]
tests/unit/test_toolchain_config.py::test_an_unbindable_port_names_the_port_and_the_way_out PASSED [ 90%]
tests/unit/test_toolchain_config.py::test_no_double_quoted_string_nests_another_inside_a_subexpression PASSED [ 90%]
tests/unit/test_toolchain_config.py::test_no_backtick_in_a_double_quoted_string_is_an_accidental_escape PASSED [ 90%]
tests/unit/test_tooling_cli.py::test_boundaries_cli_exits_zero_on_a_clean_tree PASSED [ 90%]
tests/unit/test_tooling_cli.py::test_boundaries_cli_exits_one_and_names_the_offender PASSED [ 90%]
tests/unit/test_tooling_cli.py::test_boundaries_cli_accepts_an_explicit_source_root PASSED [ 90%]
tests/unit/test_tooling_cli.py::test_relative_imports_are_still_resolved PASSED [ 90%]
tests/unit/test_tooling_cli.py::test_star_imports_are_checked PASSED     [ 90%]
tests/unit/test_tooling_cli.py::test_an_overdeep_relative_import_does_not_crash_the_checker PASSED [ 90%]
tests/unit/test_tooling_cli.py::test_importing_a_bare_context_package_is_only_a_matrix_question PASSED [ 90%]
tests/unit/test_tooling_cli.py::test_r5_detects_every_way_of_reading_the_environment[import os\n\nX = os.getenv('DHRUVA_DEBUG')\n] PASSED [ 90%]
tests/unit/test_tooling_cli.py::test_r5_detects_every_way_of_reading_the_environment[import os\n\nX = os.environ['DHRUVA_DEBUG']\n] PASSED [ 90%]
tests/unit/test_tooling_cli.py::test_r5_detects_every_way_of_reading_the_environment[from os import getenv\n\nX = getenv('DHRUVA_DEBUG')\n] PASSED [ 90%]
tests/unit/test_tooling_cli.py::test_r5_detects_every_way_of_reading_the_environment[from os import environ\n] PASSED [ 90%]
tests/unit/test_tooling_cli.py::test_r5_detects_every_way_of_reading_the_environment[import dotenv\n] PASSED [ 90%]
tests/unit/test_tooling_cli.py::test_r5_detects_every_way_of_reading_the_environment[from dotenv import load_dotenv\n] PASSED [ 90%]
tests/unit/test_tooling_cli.py::test_r5_permits_the_configuration_module_itself PASSED [ 90%]
tests/unit/test_tooling_cli.py::test_r5_applies_to_composition_roots_too PASSED [ 90%]
tests/unit/test_tooling_cli.py::test_r5_ignores_unrelated_os_usage PASSED [ 90%]
tests/unit/test_tooling_cli.py::test_adr_cli_exits_zero_on_an_intact_log PASSED [ 90%]
tests/unit/test_tooling_cli.py::test_adr_cli_reports_nothing_to_register_when_current PASSED [ 90%]
tests/unit/test_tooling_cli.py::test_adr_cli_exits_one_on_a_silent_edit PASSED [ 90%]
tests/unit/test_tooling_cli.py::test_adr_cli_refuses_an_update_that_would_overwrite PASSED [ 90%]
tests/unit/test_tooling_cli.py::test_adr_cli_accepts_an_explicit_directory PASSED [ 90%]
tests/unit/workers/test_broker_cli.py::test_no_option_anywhere_can_carry_a_secret PASSED [ 90%]
tests/unit/workers/test_broker_cli.py::test_the_only_options_are_help_and_account PASSED [ 90%]
tests/unit/workers/test_broker_cli.py::test_every_subcommand_requires_an_account PASSED [ 90%]
tests/unit/workers/test_broker_cli.py::test_passing_a_secret_on_the_command_line_is_refused[api-secret] PASSED [ 90%]
tests/unit/workers/test_broker_cli.py::test_passing_a_secret_on_the_command_line_is_refused[request-token] PASSED [ 90%]
tests/unit/workers/test_broker_cli.py::test_passing_a_secret_on_the_command_line_is_refused[access-token] PASSED [ 90%]
tests/unit/workers/test_broker_cli.py::test_passing_a_secret_on_the_command_line_is_refused[totp] PASSED [ 90%]
tests/unit/workers/test_broker_cli.py::test_the_three_subcommands_are_enrol_login_and_status PASSED [ 90%]
tests/unit/workers/test_broker_cli.py::test_the_safety_notice_states_what_the_command_will_not_do PASSED [ 91%]
tests/unit/workers/test_broker_cli.py::test_the_command_imports_no_order_or_trading_module PASSED [ 91%]
tests/unit/workers/test_broker_cli.py::test_the_command_never_writes_a_revealed_secret PASSED [ 91%]
tests/unit/workers/test_celery_app.py::test_the_broker_url_is_built_from_the_configured_server PASSED [ 91%]
tests/unit/workers/test_celery_app.py::test_an_unauthenticated_broker_url_carries_no_credential_section PASSED [ 91%]
tests/unit/workers/test_celery_app.py::test_the_password_is_percent_encoded_into_the_broker_url PASSED [ 91%]
tests/unit/workers/test_celery_app.py::test_the_password_does_not_reach_the_application_repr PASSED [ 91%]
tests/unit/workers/test_celery_app.py::test_a_worker_waits_for_a_broker_that_is_not_up_yet PASSED [ 91%]
tests/unit/workers/test_celery_app.py::test_only_json_crosses_the_broker PASSED [ 91%]
tests/unit/workers/test_celery_app.py::test_time_is_utc_in_both_directions PASSED [ 91%]
tests/unit/workers/test_celery_app.py::test_a_job_is_acknowledged_after_it_runs_not_when_it_arrives PASSED [ 91%]
tests/unit/workers/test_celery_app.py::test_a_worker_reserves_one_job_at_a_time PASSED [ 91%]
tests/unit/workers/test_celery_app.py::test_the_visibility_timeout_outlasts_a_long_job PASSED [ 91%]
tests/unit/workers/test_celery_app.py::test_no_result_backend_is_configured PASSED [ 91%]
tests/unit/workers/test_celery_app.py::test_celery_does_not_take_over_logging PASSED [ 91%]
tests/unit/workers/test_celery_app.py::test_jobs_are_routed_to_a_named_queue PASSED [ 91%]
tests/unit/workers/test_celery_app.py::test_task_modules_are_declared_rather_than_discovered PASSED [ 91%]
tests/unit/workers/test_celery_app.py::test_no_jobs_are_registered_yet PASSED [ 91%]
tests/unit/workers/test_celery_app.py::test_the_application_is_not_made_the_current_one PASSED [ 91%]
tests/unit/workers/test_celery_app.py::test_each_call_returns_an_independent_application PASSED [ 91%]
tests/unit/workers/test_celery_app.py::test_the_application_is_named_for_the_system PASSED [ 91%]
tests/unit/workers/test_compare_packets_cli.py::test_no_option_anywhere_can_carry_a_secret PASSED [ 91%]
tests/unit/workers/test_compare_packets_cli.py::test_from_and_to_are_both_required PASSED [ 91%]
tests/unit/workers/test_compare_packets_cli.py::test_from_and_to_parse_to_paths PASSED [ 91%]
tests/unit/workers/test_compare_packets_cli.py::test_no_account_flag_exists PASSED [ 91%]
tests/unit/workers/test_compare_packets_cli.py::test_no_daemon_or_scheduler_flag_exists PASSED [ 91%]
tests/unit/workers/test_compare_packets_cli.py::test_the_help_text_states_the_file_to_file_nature PASSED [ 91%]
tests/unit/workers/test_compare_packets_cli.py::test_no_forbidden_module_is_imported[dhruva.workers.compare_packets] PASSED [ 91%]
tests/unit/workers/test_compare_packets_cli.py::test_no_forbidden_module_is_imported[dhruva.contexts.intelligence.interfaces.packet_comparison] PASSED [ 91%]
tests/unit/workers/test_compare_packets_cli.py::test_run_is_synchronous PASSED [ 91%]
tests/unit/workers/test_compare_packets_cli.py::test_run_never_mentions_asyncio PASSED [ 91%]
tests/unit/workers/test_compare_packets_cli.py::test_a_missing_input_file_is_refused PASSED [ 91%]
tests/unit/workers/test_compare_packets_cli.py::test_a_directory_as_input_is_refused PASSED [ 91%]
tests/unit/workers/test_compare_packets_cli.py::test_a_new_output_path_is_accepted PASSED [ 91%]
tests/unit/workers/test_compare_packets_cli.py::test_an_existing_output_file_is_refused_without_force PASSED [ 91%]
tests/unit/workers/test_compare_packets_cli.py::test_an_existing_output_file_is_replaced_with_force PASSED [ 92%]
tests/unit/workers/test_compare_packets_cli.py::test_a_missing_output_parent_directory_is_refused PASSED [ 92%]
tests/unit/workers/test_compare_packets_cli.py::test_main_exits_zero_and_prints_no_changes PASSED [ 92%]
tests/unit/workers/test_compare_packets_cli.py::test_main_exits_two_on_a_missing_file PASSED [ 92%]
tests/unit/workers/test_compare_packets_cli.py::test_main_exits_two_on_mismatched_accounts PASSED [ 92%]
tests/unit/workers/test_compare_packets_cli.py::test_main_with_output_writes_a_comparison_export PASSED [ 92%]
tests/unit/workers/test_compare_packets_cli.py::test_main_refuses_to_overwrite_output_without_force PASSED [ 92%]
tests/unit/workers/test_compare_packets_cli.py::test_main_overwrites_output_with_force PASSED [ 92%]
tests/unit/workers/test_compare_packets_cli.py::test_sibling_parsers_still_build PASSED [ 92%]
tests/unit/workers/test_digest_cli.py::test_the_account_is_required PASSED [ 92%]
tests/unit/workers/test_digest_cli.py::test_the_cutoff_window_and_bounds_are_all_available PASSED [ 92%]
tests/unit/workers/test_digest_cli.py::test_symbols_are_repeatable_and_default_to_the_whole_watchlist PASSED [ 92%]
tests/unit/workers/test_digest_cli.py::test_the_help_text_says_this_is_not_advice PASSED [ 92%]
tests/unit/workers/test_digest_cli.py::test_an_unparseable_account_is_refused PASSED [ 92%]
tests/unit/workers/test_digest_cli.py::test_an_unparseable_cutoff_is_refused PASSED [ 92%]
tests/unit/workers/test_digest_cli.py::test_a_cutoff_in_another_zone_is_converted PASSED [ 92%]
tests/unit/workers/test_digest_cli.py::test_a_non_positive_window_is_refused[0] PASSED [ 92%]
tests/unit/workers/test_digest_cli.py::test_a_non_positive_window_is_refused[-3] PASSED [ 92%]
tests/unit/workers/test_digest_cli.py::test_an_omitted_window_falls_back_to_configuration PASSED [ 92%]
tests/unit/workers/test_digest_cli.py::test_an_out_of_range_item_bound_is_refused[0] PASSED [ 92%]
tests/unit/workers/test_digest_cli.py::test_an_out_of_range_item_bound_is_refused[-1] PASSED [ 92%]
tests/unit/workers/test_digest_cli.py::test_an_out_of_range_item_bound_is_refused[51] PASSED [ 92%]
tests/unit/workers/test_digest_cli.py::test_an_out_of_range_item_bound_is_refused[10000] PASSED [ 92%]
tests/unit/workers/test_digest_cli.py::test_an_out_of_range_top_is_refused[0] PASSED [ 92%]
tests/unit/workers/test_digest_cli.py::test_an_out_of_range_top_is_refused[-1] PASSED [ 92%]
tests/unit/workers/test_digest_cli.py::test_an_out_of_range_top_is_refused[21] PASSED [ 92%]
tests/unit/workers/test_digest_cli.py::test_an_out_of_range_top_is_refused[10000] PASSED [ 92%]
tests/unit/workers/test_digest_cli.py::test_top_within_bounds_is_accepted[1] PASSED [ 92%]
tests/unit/workers/test_digest_cli.py::test_top_within_bounds_is_accepted[20] PASSED [ 92%]
tests/unit/workers/test_digest_cli.py::test_an_unknown_symbol_is_refused_rather_than_silently_empty PASSED [ 92%]
tests/unit/workers/test_digest_cli.py::test_the_refusal_lists_what_is_available PASSED [ 92%]
tests/unit/workers/test_digest_cli.py::test_selecting_a_subset_preserves_the_universe_order PASSED [ 92%]
tests/unit/workers/test_digest_cli.py::test_no_symbols_means_the_whole_watchlist PASSED [ 92%]
tests/unit/workers/test_digest_cli.py::test_the_disclaimer_is_always_present PASSED [ 92%]
tests/unit/workers/test_digest_cli.py::test_the_disclaimer_explains_the_ordering PASSED [ 92%]
tests/unit/workers/test_digest_cli.py::test_dhruvas_own_words_contain_no_advice PASSED [ 93%]
tests/unit/workers/test_digest_cli.py::test_the_disclaimer_denies_rather_than_omits PASSED [ 93%]
tests/unit/workers/test_digest_cli.py::test_every_rendered_entry_carries_its_attribution PASSED [ 93%]
tests/unit/workers/test_digest_cli.py::test_the_publisher_link_is_shown_so_a_reader_can_follow_it PASSED [ 93%]
tests/unit/workers/test_digest_cli.py::test_a_quiet_instrument_says_so_rather_than_being_omitted PASSED [ 93%]
tests/unit/workers/test_digest_cli.py::test_the_cutoff_and_window_are_printed PASSED [ 93%]
tests/unit/workers/test_digest_cli.py::test_the_nse_gap_is_stated PASSED [ 93%]
tests/unit/workers/test_digest_cli.py::test_an_empty_watchlist_renders_a_sentence_rather_than_a_blank PASSED [ 93%]
tests/unit/workers/test_digest_cli.py::test_a_section_states_its_categories_and_sentiment_tally PASSED [ 93%]
tests/unit/workers/test_digest_cli.py::test_market_context_is_rendered_beside_the_news PASSED [ 93%]
tests/unit/workers/test_digest_cli.py::test_a_fall_is_signed_so_it_cannot_read_as_a_rise PASSED [ 93%]
tests/unit/workers/test_digest_cli.py::test_an_instrument_with_no_bars_says_so_rather_than_showing_nothing PASSED [ 93%]
tests/unit/workers/test_digest_cli.py::test_a_stale_series_is_marked_in_the_line_a_reader_scans PASSED [ 93%]
tests/unit/workers/test_digest_cli.py::test_a_short_history_names_the_figure_it_could_not_compute PASSED [ 93%]
tests/unit/workers/test_digest_cli.py::test_a_quiet_instrument_still_shows_its_market_context PASSED [ 93%]
tests/unit/workers/test_digest_cli.py::test_market_context_can_be_omitted_entirely PASSED [ 93%]
tests/unit/workers/test_digest_cli.py::test_an_instrument_missing_from_the_mapping_is_not_silently_blank PASSED [ 93%]
tests/unit/workers/test_digest_cli.py::test_the_disclaimer_covers_the_market_figures_too PASSED [ 93%]
tests/unit/workers/test_digest_cli.py::test_the_rendered_market_lines_contain_no_advice PASSED [ 93%]
tests/unit/workers/test_digest_cli.py::test_an_out_of_range_session_count_is_refused[0] PASSED [ 93%]
tests/unit/workers/test_digest_cli.py::test_an_out_of_range_session_count_is_refused[-1] PASSED [ 93%]
tests/unit/workers/test_digest_cli.py::test_an_out_of_range_session_count_is_refused[1000] PASSED [ 93%]
tests/unit/workers/test_digest_cli.py::test_the_session_count_defaults_to_the_documented_one PASSED [ 93%]
tests/unit/workers/test_digest_cli.py::test_market_context_can_be_switched_off_from_the_command_line PASSED [ 93%]
tests/unit/workers/test_digest_cli.py::test_ranked_defaults_to_off PASSED [ 93%]
tests/unit/workers/test_digest_cli.py::test_ranked_help_text_does_not_promise_a_recommendation PASSED [ 93%]
tests/unit/workers/test_digest_cli.py::test_ranked_output_is_the_attention_rendering_prepended_to_the_unchanged_digest PASSED [ 93%]
tests/unit/workers/test_digest_cli.py::test_ranked_with_no_market_treats_every_instrument_as_unavailable PASSED [ 93%]
tests/unit/workers/test_digest_cli.py::test_brief_and_top_default_to_off PASSED [ 93%]
tests/unit/workers/test_digest_cli.py::test_brief_help_text_does_not_promise_a_recommendation PASSED [ 93%]
tests/unit/workers/test_digest_cli.py::test_top_without_brief_is_refused PASSED [ 93%]
tests/unit/workers/test_digest_cli.py::test_brief_and_ranked_together_are_refused PASSED [ 93%]
tests/unit/workers/test_digest_cli.py::test_brief_alone_or_with_a_valid_top_is_accepted PASSED [ 93%]
tests/unit/workers/test_digest_cli.py::test_brief_output_is_exactly_render_brief_of_the_top_selection PASSED [ 93%]
tests/unit/workers/test_digest_cli.py::test_changes_and_from_and_to_default_to_off PASSED [ 94%]
tests/unit/workers/test_digest_cli.py::test_changes_help_text_does_not_promise_a_recommendation PASSED [ 94%]
tests/unit/workers/test_digest_cli.py::test_changes_requires_both_from_and_to PASSED [ 94%]
tests/unit/workers/test_digest_cli.py::test_changes_is_mutually_exclusive_with_ranked_and_brief PASSED [ 94%]
tests/unit/workers/test_digest_cli.py::test_changes_is_mutually_exclusive_with_as_of PASSED [ 94%]
tests/unit/workers/test_digest_cli.py::test_from_and_to_without_changes_are_refused PASSED [ 94%]
tests/unit/workers/test_digest_cli.py::test_changes_alone_with_a_valid_window_is_accepted PASSED [ 94%]
tests/unit/workers/test_digest_cli.py::test_to_earlier_than_from_is_refused PASSED [ 94%]
tests/unit/workers/test_digest_cli.py::test_to_equal_to_from_is_accepted PASSED [ 94%]
tests/unit/workers/test_digest_cli.py::test_to_later_than_from_is_accepted PASSED [ 94%]
tests/unit/workers/test_digest_cli.py::test_changes_output_is_exactly_render_changes_of_the_comparison PASSED [ 94%]
tests/unit/workers/test_entrypoint.py::test_the_broker_is_configured_from_the_environment PASSED [ 94%]
tests/unit/workers/test_entrypoint.py::test_bringing_the_worker_up_configures_logging PASSED [ 94%]
tests/unit/workers/test_entrypoint.py::test_the_worker_names_itself_distinctly_from_the_api PASSED [ 94%]
tests/unit/workers/test_entrypoint.py::test_the_application_does_not_become_the_current_one PASSED [ 94%]
tests/unit/workers/test_entrypoint.py::test_each_call_returns_an_independent_application PASSED [ 94%]
tests/unit/workers/test_entrypoint.py::test_no_beat_entries_are_registered_yet PASSED [ 94%]
tests/unit/workers/test_entrypoint.py::test_no_tasks_are_registered_yet PASSED [ 94%]
tests/unit/workers/test_entrypoint.py::test_an_env_file_is_passed_through_to_the_runtime PASSED [ 94%]
tests/unit/workers/test_entrypoint.py::test_the_process_environment_still_wins_over_a_file PASSED [ 94%]
tests/unit/workers/test_export_cli.py::test_an_account_and_an_output_path_are_both_required PASSED [ 94%]
tests/unit/workers/test_export_cli.py::test_the_same_selection_flags_as_the_digest_are_available PASSED [ 94%]
tests/unit/workers/test_export_cli.py::test_the_session_default_matches_the_digest_default PASSED [ 94%]
tests/unit/workers/test_export_cli.py::test_the_help_text_states_the_determinism_contract PASSED [ 94%]
tests/unit/workers/test_export_cli.py::test_force_is_off_by_default PASSED [ 94%]
tests/unit/workers/test_export_cli.py::test_a_new_path_is_accepted PASSED [ 94%]
tests/unit/workers/test_export_cli.py::test_an_existing_file_is_refused_without_force PASSED [ 94%]
tests/unit/workers/test_export_cli.py::test_the_refusal_names_the_flag_that_would_allow_it PASSED [ 94%]
tests/unit/workers/test_export_cli.py::test_an_existing_file_is_replaced_with_force PASSED [ 94%]
tests/unit/workers/test_export_cli.py::test_a_directory_is_refused_even_with_force PASSED [ 94%]
tests/unit/workers/test_export_cli.py::test_a_missing_parent_directory_is_refused PASSED [ 94%]
tests/unit/workers/test_export_cli.py::test_the_cutoff_rules_are_the_digest_s_rules PASSED [ 94%]
tests/unit/workers/test_export_cli.py::test_an_unparseable_cutoff_is_refused PASSED [ 94%]
tests/unit/workers/test_export_cli.py::test_an_unparseable_account_is_refused PASSED [ 94%]
tests/unit/workers/test_export_cli.py::test_a_valid_account_parses PASSED [ 94%]
tests/unit/workers/test_export_cli.py::test_a_non_positive_window_is_refused[0] PASSED [ 95%]
tests/unit/workers/test_export_cli.py::test_a_non_positive_window_is_refused[-1] PASSED [ 95%]
tests/unit/workers/test_export_cli.py::test_an_omitted_window_falls_back_to_configuration PASSED [ 95%]
tests/unit/workers/test_export_cli.py::test_packet_and_top_default_to_off PASSED [ 95%]
tests/unit/workers/test_export_cli.py::test_packet_help_text_does_not_promise_a_recommendation PASSED [ 95%]
tests/unit/workers/test_export_cli.py::test_the_help_text_states_both_schema_versions PASSED [ 95%]
tests/unit/workers/test_export_cli.py::test_top_without_packet_is_refused PASSED [ 95%]
tests/unit/workers/test_export_cli.py::test_packet_alone_or_with_a_valid_top_is_accepted PASSED [ 95%]
tests/unit/workers/test_export_cli.py::test_the_top_default_matches_the_briefs_own_default PASSED [ 95%]
tests/unit/workers/test_marketdata_cli.py::test_no_option_anywhere_can_carry_a_secret PASSED [ 95%]
tests/unit/workers/test_marketdata_cli.py::test_the_explicit_routine_and_historical_subcommands_are_exposed PASSED [ 95%]
tests/unit/workers/test_marketdata_cli.py::test_both_subcommands_require_an_account PASSED [ 95%]
tests/unit/workers/test_marketdata_cli.py::test_coverage_takes_no_arguments_beyond_account_and_as_of PASSED [ 95%]
tests/unit/workers/test_marketdata_cli.py::test_refresh_accepts_an_explicit_as_of PASSED [ 95%]
tests/unit/workers/test_marketdata_cli.py::test_historical_commands_require_one_bounded_target PASSED [ 95%]
tests/unit/workers/test_marketdata_cli.py::test_the_safety_notice_states_what_refresh_will_not_do PASSED [ 95%]
tests/unit/workers/test_marketdata_cli.py::test_ist_date_rolls_forward_past_the_utc_midnight_boundary PASSED [ 95%]
tests/unit/workers/test_marketdata_cli.py::test_ist_date_stays_on_the_same_day_before_the_boundary PASSED [ 95%]
tests/unit/workers/test_marketdata_cli.py::test_required_through_is_the_latest_completed_session[cutoff0-expected0] PASSED [ 95%]
tests/unit/workers/test_marketdata_cli.py::test_required_through_is_the_latest_completed_session[cutoff1-expected1] PASSED [ 95%]
tests/unit/workers/test_marketdata_cli.py::test_required_through_is_the_latest_completed_session[cutoff2-expected2] PASSED [ 95%]
tests/unit/workers/test_marketdata_cli.py::test_required_through_is_the_latest_completed_session[cutoff3-expected3] PASSED [ 95%]
tests/unit/workers/test_marketdata_cli.py::test_required_through_is_the_latest_completed_session[cutoff4-expected4] PASSED [ 95%]
tests/unit/workers/test_marketdata_cli.py::test_required_through_skips_a_configured_weekday_holiday PASSED [ 95%]
tests/unit/workers/test_marketdata_cli.py::test_independence_day_2026_needs_no_one_date_exception PASSED [ 95%]
tests/unit/workers/test_marketdata_cli.py::test_mapped_cash_is_empty_before_any_archive_exists PASSED [ 95%]
tests/unit/workers/test_marketdata_cli.py::test_mapped_cash_indexes_only_resolutions_that_actually_mapped PASSED [ 95%]
tests/unit/workers/test_marketdata_cli.py::test_an_unmapped_instrument_is_missing_mapping PASSED [ 95%]
tests/unit/workers/test_marketdata_cli.py::test_a_mapped_instrument_with_no_bars_is_no_data PASSED [ 95%]
tests/unit/workers/test_marketdata_cli.py::test_five_bars_is_insufficient_for_a_five_session_return PASSED [ 95%]
tests/unit/workers/test_marketdata_cli.py::test_six_fresh_bars_are_ready PASSED [ 95%]
tests/unit/workers/test_marketdata_cli.py::test_six_bars_older_than_the_staleness_bound_are_stale_not_insufficient PASSED [ 95%]
tests/unit/workers/test_marketdata_cli.py::test_a_bar_retrieved_after_the_cutoff_is_invisible_to_coverage PASSED [ 95%]
tests/unit/workers/test_marketdata_cli.py::test_an_empty_watchlist_produces_no_entries PASSED [ 95%]
tests/unit/workers/test_marketdata_cli.py::test_entries_are_ordered_by_canonical_symbol PASSED [ 95%]
tests/unit/workers/test_marketdata_cli.py::test_aggregate_counts_are_exact PASSED [ 96%]
tests/unit/workers/test_marketdata_cli.py::test_a_stale_benchmark_prevents_a_ready_whole_refresh PASSED [ 96%]
tests/unit/workers/test_marketdata_cli.py::test_rendering_names_every_instrument_and_the_aggregate PASSED [ 96%]
tests/unit/workers/test_marketdata_cli.py::test_missing_mappings_are_reported_by_name_not_silently_dropped PASSED [ 96%]
tests/unit/workers/test_marketdata_cli.py::test_no_missing_mappings_renders_no_text PASSED [ 96%]
tests/unit/workers/test_marketdata_cli.py::test_backfill_planning_has_no_provider_or_transport_collaborator PASSED [ 96%]
tests/unit/workers/test_marketdata_cli.py::test_historical_readiness_thresholds_are_exact[0-expected0] PASSED [ 96%]
tests/unit/workers/test_marketdata_cli.py::test_historical_readiness_thresholds_are_exact[15-expected1] PASSED [ 96%]
tests/unit/workers/test_marketdata_cli.py::test_historical_readiness_thresholds_are_exact[19-expected2] PASSED [ 96%]
tests/unit/workers/test_marketdata_cli.py::test_historical_readiness_thresholds_are_exact[20-expected3] PASSED [ 96%]
tests/unit/workers/test_marketdata_cli.py::test_historical_readiness_thresholds_are_exact[59-expected4] PASSED [ 96%]
tests/unit/workers/test_marketdata_cli.py::test_historical_readiness_thresholds_are_exact[60-expected5] PASSED [ 96%]
tests/unit/workers/test_marketdata_cli.py::test_historical_readiness_thresholds_are_exact[119-expected6] PASSED [ 96%]
tests/unit/workers/test_marketdata_cli.py::test_historical_readiness_thresholds_are_exact[120-expected7] PASSED [ 96%]
tests/unit/workers/test_marketdata_cli.py::test_historical_readiness_thresholds_are_exact[199-expected8] PASSED [ 96%]
tests/unit/workers/test_marketdata_cli.py::test_historical_readiness_thresholds_are_exact[200-expected9] PASSED [ 96%]
tests/unit/workers/test_marketdata_cli.py::test_historical_readiness_thresholds_are_exact[251-expected10] PASSED [ 96%]
tests/unit/workers/test_marketdata_cli.py::test_historical_readiness_thresholds_are_exact[252-expected11] PASSED [ 96%]
tests/unit/workers/test_marketdata_cli.py::test_historical_readiness_thresholds_are_exact[2001-expected12] PASSED [ 96%]
tests/unit/workers/test_news_cli.py::test_both_subcommands_exist PASSED  [ 96%]
tests/unit/workers/test_news_cli.py::test_a_subcommand_is_required PASSED [ 96%]
tests/unit/workers/test_news_cli.py::test_the_read_command_takes_a_cutoff_a_window_and_a_bound PASSED [ 96%]
tests/unit/workers/test_news_cli.py::test_the_poll_command_can_be_rehearsed_without_contacting_anything PASSED [ 96%]
tests/unit/workers/test_news_cli.py::test_the_help_text_says_nse_filings_are_unavailable PASSED [ 96%]
tests/unit/workers/test_news_cli.py::test_an_unparseable_account_is_refused_with_a_message PASSED [ 96%]
tests/unit/workers/test_news_cli.py::test_a_valid_account_parses_in_either_written_form PASSED [ 96%]
tests/unit/workers/test_news_cli.py::test_an_unparseable_cutoff_is_refused PASSED [ 96%]
tests/unit/workers/test_news_cli.py::test_an_explicit_cutoff_is_read_as_given PASSED [ 96%]
tests/unit/workers/test_news_cli.py::test_a_cutoff_without_a_zone_is_read_as_utc PASSED [ 96%]
tests/unit/workers/test_news_cli.py::test_a_cutoff_in_another_zone_is_converted_rather_than_truncated PASSED [ 96%]
tests/unit/workers/test_news_cli.py::test_an_omitted_cutoff_means_now PASSED [ 96%]
tests/unit/workers/test_news_cli.py::test_invalid_configuration_stops_the_command_before_anything_is_contacted PASSED [ 96%]
tests/unit/workers/test_news_cli.py::test_the_configured_bounds_reach_the_query_that_is_built PASSED [ 96%]
tests/unit/workers/test_news_cli.py::test_an_override_produces_exactly_one_query_and_no_watchlist_batches PASSED [ 96%]
tests/unit/workers/test_news_cli.py::test_one_feed_is_built_per_planned_query_in_order PASSED [ 97%]
tests/unit/workers/test_news_cli.py::test_every_built_feed_shares_one_pacing_gate PASSED [ 97%]
tests/unit/workers/test_news_cli.py::test_planned_queries_follow_the_plan PASSED [ 97%]
tests/unit/workers/test_news_cli.py::test_a_clean_pass_exits_zero PASSED [ 97%]
tests/unit/workers/test_news_cli.py::test_a_rate_limited_pass_exits_non_zero PASSED [ 97%]
tests/unit/workers/test_news_cli.py::test_an_unhealthy_batch_exits_non_zero PASSED [ 97%]
tests/unit/workers/test_news_cli.py::test_the_verdict_prints_the_required_attribution PASSED [ 97%]
tests/unit/workers/test_news_cli.py::test_the_verdict_states_that_nse_filings_are_not_an_input PASSED [ 97%]
tests/unit/workers/test_news_cli.py::test_a_rate_limit_tells_the_operator_not_to_loop PASSED [ 97%]
tests/unit/workers/test_public_data_cli.py::test_parser_exposes_manual_drop_workflow_without_downloader PASSED [ 97%]
tests/unit/workers/test_public_data_cli.py::test_plan_performs_no_network PASSED [ 97%]
tests/unit/workers/test_public_data_cli.py::test_acquisition_options_are_offline_and_report_lowest_work PASSED [ 97%]
tests/unit/workers/test_public_data_cli.py::test_import_refuses_without_explicit_apply PASSED [ 97%]
tests/unit/workers/test_refresh_cli.py::test_no_option_anywhere_can_carry_a_secret PASSED [ 97%]
tests/unit/workers/test_refresh_cli.py::test_account_is_required PASSED  [ 97%]
tests/unit/workers/test_refresh_cli.py::test_account_and_dry_run_are_the_whole_surface PASSED [ 97%]
tests/unit/workers/test_refresh_cli.py::test_the_safety_notice_states_what_this_will_not_do PASSED [ 97%]
tests/unit/workers/test_refresh_cli.py::test_no_forbidden_module_is_imported PASSED [ 97%]
tests/unit/workers/test_refresh_cli.py::test_no_daemon_or_scheduler_flag_exists PASSED [ 97%]
tests/unit/workers/test_refresh_cli.py::test_every_market_status_classifies_to_the_documented_phase[ALREADY_SUFFICIENT-HEALTHY] PASSED [ 97%]
tests/unit/workers/test_refresh_cli.py::test_every_market_status_classifies_to_the_documented_phase[MAPPING_REFRESHED-HEALTHY] PASSED [ 97%]
tests/unit/workers/test_refresh_cli.py::test_every_market_status_classifies_to_the_documented_phase[INGESTED-HEALTHY] PASSED [ 97%]
tests/unit/workers/test_refresh_cli.py::test_every_market_status_classifies_to_the_documented_phase[NOT_AUTHENTICATED-DEGRADED] PASSED [ 97%]
tests/unit/workers/test_refresh_cli.py::test_every_market_status_classifies_to_the_documented_phase[RESOLUTION_REFUSED-REFUSED] PASSED [ 97%]
tests/unit/workers/test_refresh_cli.py::test_every_market_status_classifies_to_the_documented_phase[BENCHMARK_UNMAPPED-REFUSED] PASSED [ 97%]
tests/unit/workers/test_refresh_cli.py::test_every_market_status_classifies_to_the_documented_phase[INGEST_REFUSED-REFUSED] PASSED [ 97%]
tests/unit/workers/test_refresh_cli.py::test_not_authenticated_headline_names_the_broker_auth_state PASSED [ 97%]
tests/unit/workers/test_refresh_cli.py::test_not_authenticated_headline_carries_no_secret PASSED [ 97%]
tests/unit/workers/test_refresh_cli.py::test_ingested_headline_names_bars_added PASSED [ 97%]
tests/unit/workers/test_refresh_cli.py::test_already_sufficient_headline_names_the_ready_count PASSED [ 97%]
tests/unit/workers/test_refresh_cli.py::test_a_refusal_headline_defers_to_the_printed_diagnostics PASSED [ 97%]
tests/unit/workers/test_refresh_cli.py::test_severity_is_strictly_ordered PASSED [ 97%]
tests/unit/workers/test_refresh_cli.py::test_exit_code_matches_documented_severity[0-0] PASSED [ 97%]
tests/unit/workers/test_refresh_cli.py::test_exit_code_matches_documented_severity[1-1] PASSED [ 97%]
tests/unit/workers/test_refresh_cli.py::test_exit_code_matches_documented_severity[2-2] PASSED [ 97%]
tests/unit/workers/test_refresh_cli.py::test_exit_codes_are_zero_one_two PASSED [ 98%]
tests/unit/workers/test_refresh_cli.py::test_refresh_reuses_marketdatas_own_outcome_types PASSED [ 98%]
tests/unit/workers/test_registry.py::test_the_shipped_registry_is_empty_and_installs_cleanly PASSED [ 98%]
tests/unit/workers/test_registry.py::test_a_definition_knows_whether_it_is_scheduled PASSED [ 98%]
tests/unit/workers/test_registry.py::test_a_definition_is_immutable PASSED [ 98%]
tests/unit/workers/test_registry.py::test_every_job_is_registered_and_returned PASSED [ 98%]
tests/unit/workers/test_registry.py::test_an_unusable_job_name_is_refused_at_installation PASSED [ 98%]
tests/unit/workers/test_registry.py::test_two_jobs_with_the_same_name_are_refused PASSED [ 98%]
tests/unit/workers/test_registry.py::test_nothing_is_registered_when_a_duplicate_is_refused PASSED [ 98%]
tests/unit/workers/test_registry.py::test_a_scheduled_job_gets_a_beat_entry PASSED [ 98%]
tests/unit/workers/test_registry.py::test_an_unscheduled_job_gets_no_beat_entry PASSED [ 98%]
tests/unit/workers/test_registry.py::test_a_scheduled_job_without_a_calendar_is_refused PASSED [ 98%]
tests/unit/workers/test_registry.py::test_the_refusal_names_the_job_and_its_schedule PASSED [ 98%]
tests/unit/workers/test_registry.py::test_an_unscheduled_registry_needs_no_calendar PASSED [ 98%]
tests/unit/workers/test_registry.py::test_installing_twice_does_not_discard_the_first_set_of_entries PASSED [ 98%]
tests/unit/workers/test_research_cli.py::test_history_requires_an_account_and_has_small_bounded_defaults PASSED [ 98%]
tests/unit/workers/test_research_cli.py::test_render_names_attention_and_denies_recommendation_semantics PASSED [ 98%]
tests/unit/workers/test_research_cli.py::test_render_preserves_degraded_source_health PASSED [ 98%]
tests/unit/workers/test_research_cli.py::test_empty_history_is_explicit PASSED [ 98%]
tests/unit/workers/test_research_cli.py::test_candidate_command_is_explicitly_local_experimental_and_optionally_frozen PASSED [ 98%]
tests/unit/workers/test_research_cli.py::test_evaluation_and_outcome_commands_expose_explicit_methodology PASSED [ 98%]
tests/unit/workers/test_research_cli.py::test_historical_evaluation_universe_is_an_explicit_contract PASSED [ 98%]
tests/unit/workers/test_research_cli.py::test_evaluation_report_names_the_exact_pit_universe_limitation PASSED [ 98%]
tests/unit/workers/test_research_cli.py::test_strict_pit_builder_ranks_partial_optional_history PASSED [ 98%]
tests/unit/workers/test_research_cli.py::test_command_imports_no_provider_or_transport_module PASSED [ 98%]
tests/unit/workers/test_seed_reference_cli.py::test_the_command_imports_no_network_library PASSED [ 98%]
tests/unit/workers/test_seed_reference_cli.py::test_the_command_imports_no_broker_adapter PASSED [ 98%]
tests/unit/workers/test_seed_reference_cli.py::test_the_safety_wording_states_every_boundary PASSED [ 98%]
tests/unit/workers/test_seed_reference_cli.py::test_a_subcommand_is_required PASSED [ 98%]
tests/unit/workers/test_seed_reference_cli.py::test_the_account_is_required PASSED [ 98%]
tests/unit/workers/test_seed_reference_cli.py::test_the_run_can_be_rehearsed PASSED [ 98%]
tests/unit/workers/test_seed_reference_cli.py::test_the_recorded_instant_can_be_supplied_explicitly PASSED [ 98%]
tests/unit/workers/test_seed_reference_cli.py::test_universe_readiness_is_network_free_and_names_the_universe PASSED [ 98%]
tests/unit/workers/test_seed_reference_cli.py::test_a_stable_label_always_resolves_to_the_same_account PASSED [ 98%]
tests/unit/workers/test_seed_reference_cli.py::test_an_identifier_round_trips_through_its_own_text PASSED [ 98%]
tests/unit/workers/test_seed_reference_cli.py::test_the_seed_and_the_digest_resolve_an_account_identically PASSED [ 99%]
tests/unit/workers/test_seed_reference_cli.py::test_an_unusable_account_is_refused_rather_than_minted[Owner-Family] PASSED [ 99%]
tests/unit/workers/test_seed_reference_cli.py::test_an_unusable_account_is_refused_rather_than_minted[owner family] PASSED [ 99%]
tests/unit/workers/test_seed_reference_cli.py::test_an_unusable_account_is_refused_rather_than_minted[x] PASSED [ 99%]
tests/unit/workers/test_seed_reference_cli.py::test_an_unusable_account_is_refused_rather_than_minted[] PASSED [ 99%]
tests/unit/workers/test_seed_reference_cli.py::test_an_unusable_account_is_refused_rather_than_minted[9lives] PASSED [ 99%]
tests/unit/workers/test_seed_reference_cli.py::test_an_unusable_account_is_refused_rather_than_minted[-lead] PASSED [ 99%]
tests/unit/workers/test_seed_reference_cli.py::test_the_refusal_names_both_accepted_forms PASSED [ 99%]
tests/unit/workers/test_seed_reference_cli.py::test_the_committed_configuration_carries_the_approved_watchlist PASSED [ 99%]
tests/unit/workers/test_seed_reference_cli.py::test_the_benchmark_is_stored_as_identity_but_not_watchlisted PASSED [ 99%]
tests/unit/workers/test_seed_reference_cli.py::test_the_exact_approved_symbols_are_loaded PASSED [ 99%]
tests/unit/workers/test_seed_reference_cli.py::test_the_configuration_carries_its_own_revision PASSED [ 99%]
tests/unit/workers/test_seed_reference_cli.py::test_the_recorded_instant_reaches_the_command_unchanged PASSED [ 99%]
tests/unit/workers/test_seed_reference_cli.py::test_loading_twice_produces_an_identical_command PASSED [ 99%]
tests/unit/workers/test_tasks.py::test_a_plain_function_becomes_a_task PASSED [ 99%]
tests/unit/workers/test_tasks.py::test_the_task_is_registered_on_the_application_it_was_given PASSED [ 99%]
tests/unit/workers/test_tasks.py::test_two_applications_do_not_share_a_registry PASSED [ 99%]
tests/unit/workers/test_tasks.py::test_the_job_keeps_its_identity PASSED [ 99%]
tests/unit/workers/test_tasks.py::test_an_ordinary_job_name_is_accepted[dhruva.prune] PASSED [ 99%]
tests/unit/workers/test_tasks.py::test_an_ordinary_job_name_is_accepted[dhruva.ledger.prune] PASSED [ 99%]
tests/unit/workers/test_tasks.py::test_an_ordinary_job_name_is_accepted[dhruva.backfill_marketdata] PASSED [ 99%]
tests/unit/workers/test_tasks.py::test_an_ordinary_job_name_is_accepted[dhruva.a.b.c] PASSED [ 99%]
tests/unit/workers/test_tasks.py::test_an_unusable_job_name_is_refused[reconcile-an unprefixed name is one another application can also register] PASSED [ 99%]
tests/unit/workers/test_tasks.py::test_an_unusable_job_name_is_refused[celery.backend_cleanup-a foreign prefix is another system's namespace] PASSED [ 99%]
tests/unit/workers/test_tasks.py::test_an_unusable_job_name_is_refused[dhruva.Reconcile-case differences are invisible in a log field] PASSED [ 99%]
tests/unit/workers/test_tasks.py::test_an_unusable_job_name_is_refused[dhruva.reconcile positions-a space breaks every line-oriented tool] PASSED [ 99%]
tests/unit/workers/test_tasks.py::test_an_unusable_job_name_is_refused[dhruva.-a bare prefix names nothing] PASSED [ 99%]
tests/unit/workers/test_tasks.py::test_an_unusable_job_name_is_refused[dhruva.reconcile.-a trailing dot is a segment that was forgotten] PASSED [ 99%]
tests/unit/workers/test_tasks.py::test_an_unusable_job_name_is_refused[-an empty name is not a name] PASSED [ 99%]
tests/unit/workers/test_tasks.py::test_the_prefix_is_what_the_names_are_checked_against PASSED [ 99%]
tests/unit/workers/test_tasks.py::test_a_job_runs_under_the_correlation_the_message_carried PASSED [ 99%]
tests/unit/workers/test_tasks.py::test_a_job_called_directly_keeps_the_correlation_already_bound PASSED [ 99%]
tests/unit/workers/test_tasks.py::test_a_failing_job_raises_what_it_raised PASSED [ 99%]
tests/unit/workers/test_tasks.py::test_a_failure_is_recorded_before_it_crosses_the_process_boundary PASSED [ 99%]
tests/unit/workers/test_tasks.py::test_an_ordinary_job_logs_no_failure PASSED [100%]

=================================== XPASSES ===================================
=========================== short test summary info ===========================
SKIPPED [5] tests\unit\shared\money\test_value_object_protocol.py:191: scaling by a whole number is a supported operation
XPASS tests/integration/test_repository_correctness.py::test_deadlock_surfaces_as_a_driver_error - Deadlock detection is inherently timing-dependent: PostgreSQL may resolve the cycle before both statements block, in which case neither aborts. Marked non-strict so it records the behaviour without producing a flaky red. Treated as documentation of the expected failure mode rather than a guarantee -- deadlock *retry* is a caller concern and is tested there.
==== 3465 passed, 5 skipped, 29 deselected, 1 xpassed in 282.68s (0:04:42) ====
exit_code: 0
