============================= test session starts =============================
collecting ... collected 999 items / 29 deselected / 970 selected

tests/integration/test_repository_correctness.py::test_money_and_price_survive_a_real_round_trip PASSED [  0%]
tests/integration/test_repository_correctness.py::test_a_currency_derivative_price_survives_storage PASSED [  0%]
tests/integration/test_repository_correctness.py::test_a_rolled_back_transaction_leaves_nothing PASSED [  0%]
tests/integration/test_repository_correctness.py::test_the_second_of_two_concurrent_writers_is_refused PASSED [  0%]
tests/integration/test_repository_correctness.py::test_a_conflict_reports_which_version_it_expected PASSED [  0%]
tests/integration/test_repository_correctness.py::test_deadlock_surfaces_as_a_driver_error XPASS [  0%]
tests/integration/test_repository_correctness.py::test_repeated_adds_of_the_same_natural_key_are_refused PASSED [  0%]
tests/integration/test_repository_correctness.py::test_the_default_isolation_level_is_read_committed PASSED [  0%]
tests/integration/test_repository_correctness.py::test_an_uncommitted_write_is_invisible_to_another_session PASSED [  0%]
tests/integration/test_repository_correctness.py::test_the_database_refuses_values_the_domain_would_refuse[turnover_minor_units--1-ck_daily_snapshot_turnover] PASSED [  1%]
tests/integration/test_repository_correctness.py::test_the_database_refuses_values_the_domain_would_refuse[close_scaled_units-0-ck_daily_snapshot_close] PASSED [  1%]
tests/integration/test_repository_correctness.py::test_the_database_refuses_values_the_domain_would_refuse[version-0-ck_daily_snapshot_version] PASSED [  1%]
tests/integration/test_timeseries_storage.py::test_appended_rows_are_readable_with_their_values_intact PASSED [  1%]
tests/integration/test_timeseries_storage.py::test_an_empty_batch_is_a_no_op PASSED [  1%]
tests/integration/test_timeseries_storage.py::test_a_table_off_the_allowlist_is_refused PASSED [  1%]
tests/integration/test_timeseries_storage.py::test_an_identifier_that_is_not_a_plain_name_is_refused_at_construction[example_tick; DROP TABLE daily_snapshot] PASSED [  1%]
tests/integration/test_timeseries_storage.py::test_an_identifier_that_is_not_a_plain_name_is_refused_at_construction[Example_Tick] PASSED [  1%]
tests/integration/test_timeseries_storage.py::test_an_identifier_that_is_not_a_plain_name_is_refused_at_construction[] PASSED [  1%]
tests/integration/test_timeseries_storage.py::test_a_row_missing_a_column_is_refused_before_any_write PASSED [  1%]
tests/integration/test_timeseries_storage.py::test_the_check_constraint_still_applies_on_this_path PASSED [  2%]
tests/unit/api/test_observability_endpoints.py::test_health_is_alive_and_names_the_build PASSED [  2%]
tests/unit/api/test_observability_endpoints.py::test_health_never_consults_dependencies PASSED [  2%]
tests/unit/api/test_observability_endpoints.py::test_ready_reports_a_per_dependency_breakdown PASSED [  2%]
tests/unit/api/test_observability_endpoints.py::test_ready_is_200_when_no_dependencies_are_declared PASSED [  2%]
tests/unit/api/test_observability_endpoints.py::test_metrics_serves_prometheus_exposition PASSED [  2%]
tests/unit/api/test_observability_endpoints.py::test_requests_are_counted_by_endpoint_and_status PASSED [  2%]
tests/unit/api/test_observability_endpoints.py::test_a_correlation_id_is_generated_when_absent PASSED [  2%]
tests/unit/api/test_observability_endpoints.py::test_an_inbound_correlation_id_is_honoured PASSED [  2%]
tests/unit/api/test_observability_endpoints.py::test_no_business_surface_is_exposed PASSED [  2%]
tests/unit/api/test_observability_endpoints.py::test_a_failing_check_does_not_leak_a_connection_string PASSED [  3%]
tests/unit/api/test_observability_endpoints.py::test_the_entrypoint_wires_bootstrap_to_the_server PASSED [  3%]
tests/unit/persistence/test_column_types.py::test_money_round_trips_exactly PASSED [  3%]
tests/unit/persistence/test_column_types.py::test_price_round_trips_at_full_precision PASSED [  3%]
tests/unit/persistence/test_column_types.py::test_a_currency_derivative_tick_survives_storage PASSED [  3%]
tests/unit/persistence/test_column_types.py::test_money_written_to_a_column_bound_to_another_currency_is_refused PASSED [  3%]
tests/unit/persistence/test_column_types.py::test_quantity_round_trips_and_reasserts_its_invariant PASSED [  3%]
tests/unit/persistence/test_column_types.py::test_a_negative_quantity_read_from_the_database_is_refused PASSED [  3%]
tests/unit/persistence/test_column_types.py::test_ratio_round_trips_exactly PASSED [  3%]
tests/unit/persistence/test_column_types.py::test_currency_column_round_trips PASSED [  4%]
tests/unit/persistence/test_column_types.py::test_an_unknown_currency_code_is_refused_rather_than_guessed PASSED [  4%]
tests/unit/persistence/test_column_types.py::test_identifiers_round_trip_as_native_uuids PASSED [  4%]
tests/unit/persistence/test_column_types.py::test_an_identifier_column_returns_only_its_bound_type PASSED [  4%]
tests/unit/persistence/test_column_types.py::test_copying_an_identifier_column_preserves_its_bound_type PASSED [  4%]
tests/unit/persistence/test_column_types.py::test_every_column_type_handles_null[MoneyAmount] PASSED [  4%]
tests/unit/persistence/test_column_types.py::test_every_column_type_handles_null[MoneyCurrency] PASSED [  4%]
tests/unit/persistence/test_column_types.py::test_every_column_type_handles_null[PriceUnits] PASSED [  4%]
tests/unit/persistence/test_column_types.py::test_every_column_type_handles_null[QuantityUnits] PASSED [  4%]
tests/unit/persistence/test_column_types.py::test_every_column_type_handles_null[RatioValue] PASSED [  4%]
tests/unit/persistence/test_column_types.py::test_every_column_type_handles_null[SurrogateIdType] PASSED [  5%]
tests/unit/persistence/test_column_types.py::test_every_column_type_is_cacheable[MoneyAmount] PASSED [  5%]
tests/unit/persistence/test_column_types.py::test_every_column_type_is_cacheable[PriceUnits] PASSED [  5%]
tests/unit/persistence/test_column_types.py::test_every_column_type_is_cacheable[QuantityUnits] PASSED [  5%]
tests/unit/persistence/test_column_types.py::test_every_column_type_is_cacheable[RatioValue] PASSED [  5%]
tests/unit/persistence/test_mapping_layer.py::test_domain_to_record_to_domain_is_lossless PASSED [  5%]
tests/unit/persistence/test_mapping_layer.py::test_record_to_model_kwargs_covers_every_column PASSED [  5%]
tests/unit/persistence/test_mapping_layer.py::test_money_survives_the_full_flow_exactly PASSED [  5%]
tests/unit/persistence/test_mapping_layer.py::test_price_survives_the_full_flow_at_eight_decimal_places PASSED [  5%]
tests/unit/persistence/test_mapping_layer.py::test_reconstruction_verifies_the_trading_day_against_the_calendar PASSED [  5%]
tests/unit/persistence/test_mapping_layer.py::test_the_mapper_holds_no_calendar PASSED [  6%]
tests/unit/persistence/test_mapping_layer.py::test_the_record_carries_no_domain_types PASSED [  6%]
tests/unit/persistence/test_mapping_layer.py::test_a_zero_close_is_refused PASSED [  6%]
tests/unit/persistence/test_mapping_layer.py::test_negative_turnover_is_refused PASSED [  6%]
tests/unit/persistence/test_mapping_layer.py::test_revising_a_close_advances_the_version PASSED [  6%]
tests/unit/persistence/test_mapping_layer.py::test_the_domain_module_imports_no_persistence_framework PASSED [  6%]
tests/unit/persistence/test_migration_discipline.py::test_at_least_one_migration_exists PASSED [  6%]
tests/unit/persistence/test_migration_discipline.py::test_every_migration_declares_the_required_fields[Reversibility:-20260726_0000_initial_schema] PASSED [  6%]
tests/unit/persistence/test_migration_discipline.py::test_every_migration_declares_the_required_fields[Reversibility:-20260729_0000_example_tick_timeseries] PASSED [  6%]
tests/unit/persistence/test_migration_discipline.py::test_every_migration_declares_the_required_fields[Rollback procedure:-20260726_0000_initial_schema] PASSED [  7%]
tests/unit/persistence/test_migration_discipline.py::test_every_migration_declares_the_required_fields[Rollback procedure:-20260729_0000_example_tick_timeseries] PASSED [  7%]
tests/unit/persistence/test_migration_discipline.py::test_every_migration_declares_the_required_fields[Irreversible operations:-20260726_0000_initial_schema] PASSED [  7%]
tests/unit/persistence/test_migration_discipline.py::test_every_migration_declares_the_required_fields[Irreversible operations:-20260729_0000_example_tick_timeseries] PASSED [  7%]
tests/unit/persistence/test_migration_discipline.py::test_every_migration_declares_the_required_fields[Expected runtime:-20260726_0000_initial_schema] PASSED [  7%]
tests/unit/persistence/test_migration_discipline.py::test_every_migration_declares_the_required_fields[Expected runtime:-20260729_0000_example_tick_timeseries] PASSED [  7%]
tests/unit/persistence/test_migration_discipline.py::test_every_migration_declares_the_required_fields[Operational impact:-20260726_0000_initial_schema] PASSED [  7%]
tests/unit/persistence/test_migration_discipline.py::test_every_migration_declares_the_required_fields[Operational impact:-20260729_0000_example_tick_timeseries] PASSED [  7%]
tests/unit/persistence/test_migration_discipline.py::test_every_migration_uses_a_valid_classification[20260726_0000_initial_schema] PASSED [  7%]
tests/unit/persistence/test_migration_discipline.py::test_every_migration_uses_a_valid_classification[20260729_0000_example_tick_timeseries] PASSED [  7%]
tests/unit/persistence/test_migration_discipline.py::test_no_migration_still_carries_the_template_placeholders[20260726_0000_initial_schema] PASSED [  8%]
tests/unit/persistence/test_migration_discipline.py::test_no_migration_still_carries_the_template_placeholders[20260729_0000_example_tick_timeseries] PASSED [  8%]
tests/unit/persistence/test_migration_discipline.py::test_a_reversible_migration_implements_downgrade[20260726_0000_initial_schema] PASSED [  8%]
tests/unit/persistence/test_migration_discipline.py::test_a_reversible_migration_implements_downgrade[20260729_0000_example_tick_timeseries] PASSED [  8%]
tests/unit/persistence/test_migration_discipline.py::test_the_script_template_carries_the_required_header PASSED [  8%]
tests/unit/persistence/test_migration_discipline.py::test_the_alembic_config_carries_no_database_url PASSED [  8%]
tests/unit/persistence/test_persistence_contracts.py::test_no_protocol_names_a_persistence_framework PASSED [  8%]
tests/unit/persistence/test_persistence_contracts.py::test_a_repository_cannot_commit PASSED [  8%]
tests/unit/persistence/test_persistence_contracts.py::test_the_unit_of_work_owns_the_transaction PASSED [  8%]
tests/unit/persistence/test_persistence_contracts.py::test_the_unit_of_work_is_an_async_context_manager PASSED [  8%]
tests/unit/persistence/test_persistence_contracts.py::test_timeseries_storage_exposes_only_append PASSED [  9%]
tests/unit/persistence/test_persistence_contracts.py::test_timeseries_storage_deals_in_rows_not_objects PASSED [  9%]
tests/unit/persistence/test_persistence_contracts.py::test_every_contract_is_runtime_checkable[Repository] PASSED [  9%]
tests/unit/persistence/test_persistence_contracts.py::test_every_contract_is_runtime_checkable[UnitOfWork] PASSED [  9%]
tests/unit/persistence/test_persistence_contracts.py::test_every_contract_is_runtime_checkable[TimeSeriesStorage] PASSED [  9%]
tests/unit/persistence/test_unit_of_work.py::test_a_successful_commit_commits_then_closes PASSED [  9%]
tests/unit/persistence/test_unit_of_work.py::test_committing_does_not_also_roll_back PASSED [  9%]
tests/unit/persistence/test_unit_of_work.py::test_leaving_without_committing_rolls_back PASSED [  9%]
tests/unit/persistence/test_unit_of_work.py::test_an_exception_rolls_back_and_propagates PASSED [  9%]
tests/unit/persistence/test_unit_of_work.py::test_an_exception_after_commit_does_not_roll_back_the_commit PASSED [ 10%]
tests/unit/persistence/test_unit_of_work.py::test_nesting_is_refused_rather_than_joined PASSED [ 10%]
tests/unit/persistence/test_unit_of_work.py::test_a_unit_of_work_can_be_reused_sequentially PASSED [ 10%]
tests/unit/persistence/test_unit_of_work.py::test_the_session_is_always_closed[clean] PASSED [ 10%]
tests/unit/persistence/test_unit_of_work.py::test_the_session_is_always_closed[exception] PASSED [ 10%]
tests/unit/persistence/test_unit_of_work.py::test_the_session_is_closed_even_when_commit_itself_fails PASSED [ 10%]
tests/unit/persistence/test_unit_of_work.py::test_the_session_is_unreachable_outside_the_boundary PASSED [ 10%]
tests/unit/persistence/test_unit_of_work.py::test_a_repository_committing_is_visible_as_an_extra_commit PASSED [ 10%]
tests/unit/persistence/test_unit_of_work.py::test_events_publish_only_after_a_successful_commit PASSED [ 10%]
tests/unit/persistence/test_unit_of_work.py::test_events_are_discarded_when_the_transaction_rolls_back PASSED [ 10%]
tests/unit/persistence/test_unit_of_work.py::test_events_are_discarded_when_the_commit_fails PASSED [ 11%]
tests/unit/persistence/test_unit_of_work.py::test_events_do_not_leak_between_transactions PASSED [ 11%]
tests/unit/persistence/test_unit_of_work.py::test_staged_events_are_visible_before_publication PASSED [ 11%]
tests/unit/persistence/test_unit_of_work.py::test_committing_with_no_events_does_not_call_the_publisher PASSED [ 11%]
tests/unit/shared/money/test_money.py::test_minor_units_round_trip PASSED [ 11%]
tests/unit/shared/money/test_money.py::test_of_composes_major_and_minor PASSED [ 11%]
tests/unit/shared/money/test_money.py::test_of_applies_the_sign_to_the_whole_amount PASSED [ 11%]
tests/unit/shared/money/test_money.py::test_repr_round_trips_through_parse PASSED [ 11%]
tests/unit/shared/money/test_money.py::test_parse_accepts_valid_forms[0-0] PASSED [ 11%]
tests/unit/shared/money/test_money.py::test_parse_accepts_valid_forms[0.00-0] PASSED [ 11%]
tests/unit/shared/money/test_money.py::test_parse_accepts_valid_forms[1-100] PASSED [ 12%]
tests/unit/shared/money/test_money.py::test_parse_accepts_valid_forms[1.5-150] PASSED [ 12%]
tests/unit/shared/money/test_money.py::test_parse_accepts_valid_forms[1.05-105] PASSED [ 12%]
tests/unit/shared/money/test_money.py::test_parse_accepts_valid_forms[-1.05--105] PASSED [ 12%]
tests/unit/shared/money/test_money.py::test_parse_accepts_valid_forms[+1.05-105] PASSED [ 12%]
tests/unit/shared/money/test_money.py::test_parse_accepts_valid_forms[  12.34  -1234] PASSED [ 12%]
tests/unit/shared/money/test_money.py::test_parse_accepts_valid_forms[1234.56-123456] PASSED [ 12%]
tests/unit/shared/money/test_money.py::test_parse_rejects_malformed_input[] PASSED [ 12%]
tests/unit/shared/money/test_money.py::test_parse_rejects_malformed_input[abc] PASSED [ 12%]
tests/unit/shared/money/test_money.py::test_parse_rejects_malformed_input[1.2.3] PASSED [ 12%]
tests/unit/shared/money/test_money.py::test_parse_rejects_malformed_input[1,234.56] PASSED [ 13%]
tests/unit/shared/money/test_money.py::test_parse_rejects_malformed_input[--1] PASSED [ 13%]
tests/unit/shared/money/test_money.py::test_parse_rejects_malformed_input[1e5] PASSED [ 13%]
tests/unit/shared/money/test_money.py::test_parse_rejects_malformed_input[ ] PASSED [ 13%]
tests/unit/shared/money/test_money.py::test_parse_rejects_malformed_input[.5] PASSED [ 13%]
tests/unit/shared/money/test_money.py::test_parse_rejects_malformed_input[1.] PASSED [ 13%]
tests/unit/shared/money/test_money.py::test_parse_rejects_excess_precision PASSED [ 13%]
tests/unit/shared/money/test_money.py::test_construction_rejects_anything_but_int[1.0] PASSED [ 13%]
tests/unit/shared/money/test_money.py::test_construction_rejects_anything_but_int[1.5] PASSED [ 13%]
tests/unit/shared/money/test_money.py::test_construction_rejects_anything_but_int[True] PASSED [ 14%]
tests/unit/shared/money/test_money.py::test_construction_rejects_anything_but_int[None] PASSED [ 14%]
tests/unit/shared/money/test_money.py::test_construction_rejects_anything_but_int[bad4] PASSED [ 14%]
tests/unit/shared/money/test_money.py::test_construction_rejects_anything_but_int[100] PASSED [ 14%]
tests/unit/shared/money/test_money.py::test_of_rejects_an_out_of_range_minor_part PASSED [ 14%]
tests/unit/shared/money/test_money.py::test_addition_is_commutative PASSED [ 14%]
tests/unit/shared/money/test_money.py::test_addition_is_associative PASSED [ 14%]
tests/unit/shared/money/test_money.py::test_zero_is_the_additive_identity PASSED [ 14%]
tests/unit/shared/money/test_money.py::test_negation_is_an_involution PASSED [ 14%]
tests/unit/shared/money/test_money.py::test_subtraction_is_addition_of_the_negation PASSED [ 14%]
tests/unit/shared/money/test_money.py::test_multiplication_distributes_over_addition PASSED [ 15%]
tests/unit/shared/money/test_money.py::test_multiplication_by_one_is_the_identity PASSED [ 15%]
tests/unit/shared/money/test_money.py::test_absolute_value_is_never_negative PASSED [ 15%]
tests/unit/shared/money/test_money.py::test_allocation_never_loses_or_creates_a_paisa PASSED [ 15%]
tests/unit/shared/money/test_money.py::test_allocation_is_deterministic PASSED [ 15%]
tests/unit/shared/money/test_money.py::test_a_strictly_larger_weight_never_receives_a_smaller_share PASSED [ 15%]
tests/unit/shared/money/test_money.py::test_split_is_lossless PASSED     [ 15%]
tests/unit/shared/money/test_money.py::test_the_classic_hundred_split_three_ways PASSED [ 15%]
tests/unit/shared/money/test_money.py::test_allocation_rejects_invalid_weights[bad0] PASSED [ 15%]
tests/unit/shared/money/test_money.py::test_allocation_rejects_invalid_weights[bad1] PASSED [ 15%]
tests/unit/shared/money/test_money.py::test_allocation_rejects_invalid_weights[bad2] PASSED [ 16%]
tests/unit/shared/money/test_money.py::test_applying_a_zero_rate_yields_zero PASSED [ 16%]
tests/unit/shared/money/test_money.py::test_applying_a_unit_rate_is_the_identity PASSED [ 16%]
tests/unit/shared/money/test_money.py::test_conservative_rounding_never_understates_a_charge FAILED [ 16%]
tests/unit/shared/money/test_money.py::test_a_negative_rate_produces_a_credit PASSED [ 16%]
tests/unit/shared/money/test_money.py::test_applying_a_rate_and_its_negation_are_opposites PASSED [ 16%]
tests/unit/shared/money/test_money.py::test_gst_at_eighteen_percent PASSED [ 16%]
tests/unit/shared/money/test_money.py::test_stt_rounds_to_the_nearest_rupee PASSED [ 16%]
tests/unit/shared/money/test_money.py::test_half_even_and_half_up_differ_exactly_at_the_midpoint PASSED [ 16%]
tests/unit/shared/money/test_money.py::test_division_requires_an_explicit_policy PASSED [ 17%]
tests/unit/shared/money/test_money.py::test_division_by_zero_is_refused PASSED [ 17%]
tests/unit/shared/money/test_money.py::test_money_divided_by_quantity_is_a_price PASSED [ 17%]
tests/unit/shared/money/test_money.py::test_money_divided_by_money_is_dimensionless PASSED [ 17%]
tests/unit/shared/money/test_money.py::test_money_times_money_does_not_exist PASSED [ 17%]
tests/unit/shared/money/test_money.py::test_money_plus_int_does_not_exist PASSED [ 17%]
tests/unit/shared/money/test_money.py::test_equality_incorporates_currency_not_just_amount PASSED [ 17%]
tests/unit/shared/money/test_money.py::test_same_currency_arithmetic_always_succeeds PASSED [ 17%]
tests/unit/shared/money/test_money.py::test_equal_amounts_hash_equally PASSED [ 17%]
tests/unit/shared/money/test_money.py::test_ordering_is_consistent_with_equality PASSED [ 17%]
tests/unit/shared/money/test_money.py::test_money_is_immutable PASSED    [ 18%]
tests/unit/shared/money/test_money.py::test_money_is_usable_as_a_dict_key PASSED [ 18%]
tests/unit/shared/money/test_money.py::test_as_decimal_is_exact PASSED   [ 18%]
tests/unit/shared/money/test_money.py::test_money_has_no_float_conversion PASSED [ 18%]
tests/unit/shared/money/test_money.py::test_arithmetic_is_exact_at_the_bigint_boundary PASSED [ 18%]
tests/unit/shared/money/test_money.py::test_arbitrarily_large_amounts_stay_exact PASSED [ 18%]
tests/unit/shared/money/test_price.py::test_scale_is_eight_and_fixed PASSED [ 18%]
tests/unit/shared/money/test_price.py::test_every_supported_market_precision_survives_a_round_trip[1234.56-2] PASSED [ 18%]
tests/unit/shared/money/test_price.py::test_every_supported_market_precision_survives_a_round_trip[83.2525-4] PASSED [ 18%]
tests/unit/shared/money/test_price.py::test_every_supported_market_precision_survives_a_round_trip[1.00005-5] PASSED [ 18%]
tests/unit/shared/money/test_price.py::test_every_supported_market_precision_survives_a_round_trip[0.00000001-8] PASSED [ 19%]
tests/unit/shared/money/test_price.py::test_a_currency_derivative_tick_is_representable PASSED [ 19%]
tests/unit/shared/money/test_price.py::test_parse_rejects_precision_beyond_the_scale PASSED [ 19%]
tests/unit/shared/money/test_price.py::test_construction_rejects_anything_but_int[1.0] PASSED [ 19%]
tests/unit/shared/money/test_price.py::test_construction_rejects_anything_but_int[0.5] PASSED [ 19%]
tests/unit/shared/money/test_price.py::test_construction_rejects_anything_but_int[True] PASSED [ 19%]
tests/unit/shared/money/test_price.py::test_construction_rejects_anything_but_int[None] PASSED [ 19%]
tests/unit/shared/money/test_price.py::test_construction_rejects_anything_but_int[bad4] PASSED [ 19%]
tests/unit/shared/money/test_price.py::test_repr_round_trips_through_parse PASSED [ 19%]
tests/unit/shared/money/test_price.py::test_price_times_quantity_is_money PASSED [ 20%]
tests/unit/shared/money/test_price.py::test_notional_is_computed_exactly PASSED [ 20%]
tests/unit/shared/money/test_price.py::test_bare_multiplication_refuses_to_round PASSED [ 20%]
tests/unit/shared/money/test_price.py::test_bare_multiplication_succeeds_when_exact PASSED [ 20%]
tests/unit/shared/money/test_price.py::test_notional_then_per_unit_recovers_the_price PASSED [ 20%]
tests/unit/shared/money/test_price.py::test_price_times_price_does_not_exist PASSED [ 20%]
tests/unit/shared/money/test_price.py::test_price_plus_money_does_not_exist PASSED [ 20%]
tests/unit/shared/money/test_price.py::test_a_spread_between_prices_is_still_a_price PASSED [ 20%]
tests/unit/shared/money/test_price.py::test_round_to_tick_snaps_to_the_instrument_grid PASSED [ 20%]
tests/unit/shared/money/test_price.py::test_a_tick_aligned_price_is_always_a_multiple_of_the_tick PASSED [ 20%]
tests/unit/shared/money/test_price.py::test_round_to_tick_rejects_a_non_positive_tick PASSED [ 21%]
tests/unit/shared/money/test_price.py::test_equal_prices_hash_equally PASSED [ 21%]
tests/unit/shared/money/test_price.py::test_price_is_immutable PASSED    [ 21%]
tests/unit/shared/money/test_price.py::test_ordering_is_consistent_with_equality PASSED [ 21%]
tests/unit/shared/money/test_price.py::test_price_has_no_float_conversion PASSED [ 21%]
tests/unit/shared/money/test_price.py::test_addition_is_associative PASSED [ 21%]
tests/unit/shared/money/test_price.py::test_negation_is_an_involution PASSED [ 21%]
tests/unit/shared/money/test_price.py::test_notional_of_zero_quantity_is_zero PASSED [ 21%]
tests/unit/shared/money/test_quantity.py::test_quantity_refuses_to_be_negative PASSED [ 21%]
tests/unit/shared/money/test_quantity.py::test_quantity_rejects_non_integers[1.0] PASSED [ 21%]
tests/unit/shared/money/test_quantity.py::test_quantity_rejects_non_integers[1.5] PASSED [ 22%]
tests/unit/shared/money/test_quantity.py::test_quantity_rejects_non_integers[True] PASSED [ 22%]
tests/unit/shared/money/test_quantity.py::test_quantity_rejects_non_integers[None] PASSED [ 22%]
tests/unit/shared/money/test_quantity.py::test_quantity_rejects_non_integers[10] PASSED [ 22%]
tests/unit/shared/money/test_quantity.py::test_lots_requires_an_explicit_lot_size PASSED [ 22%]
tests/unit/shared/money/test_quantity.py::test_lots_has_no_default_lot_size PASSED [ 22%]
tests/unit/shared/money/test_quantity.py::test_lots_round_trip PASSED    [ 22%]
tests/unit/shared/money/test_quantity.py::test_a_partial_lot_is_refused_rather_than_rounded PASSED [ 22%]
tests/unit/shared/money/test_quantity.py::test_addition_is_commutative PASSED [ 22%]
tests/unit/shared/money/test_quantity.py::test_subtraction_refuses_to_go_negative PASSED [ 22%]
tests/unit/shared/money/test_quantity.py::test_side_sign_is_the_single_conversion_point PASSED [ 23%]
tests/unit/shared/money/test_quantity.py::test_signing_a_quantity_preserves_magnitude PASSED [ 23%]
tests/unit/shared/money/test_quantity.py::test_a_signed_quantity_reports_its_side PASSED [ 23%]
tests/unit/shared/money/test_quantity.py::test_a_zero_delta_has_no_side PASSED [ 23%]
tests/unit/shared/money/test_quantity.py::test_signed_deltas_net_correctly PASSED [ 23%]
tests/unit/shared/money/test_quantity.py::test_negation_reverses_a_delta PASSED [ 23%]
tests/unit/shared/money/test_quantity.py::test_quantity_is_immutable_and_hashable PASSED [ 23%]
tests/unit/shared/money/test_quantity.py::test_signed_quantity_is_immutable_and_hashable PASSED [ 23%]
tests/unit/shared/money/test_quantity.py::test_quantity_and_signed_quantity_are_distinct_types PASSED [ 23%]
tests/unit/shared/money/test_ratio.py::test_the_three_constructors_agree PASSED [ 24%]
tests/unit/shared/money/test_ratio.py::test_percent_round_trip PASSED    [ 24%]
tests/unit/shared/money/test_ratio.py::test_basis_point_round_trip PASSED [ 24%]
tests/unit/shared/money/test_ratio.py::test_float_rates_are_refused[0.18] PASSED [ 24%]
tests/unit/shared/money/test_ratio.py::test_float_rates_are_refused[1.0] PASSED [ 24%]
tests/unit/shared/money/test_ratio.py::test_float_rates_are_refused[nan] PASSED [ 24%]
tests/unit/shared/money/test_ratio.py::test_float_rates_are_refused[inf] PASSED [ 24%]
tests/unit/shared/money/test_ratio.py::test_addition_is_commutative PASSED [ 24%]
tests/unit/shared/money/test_ratio.py::test_gst_components_sum_to_the_whole PASSED [ 24%]
tests/unit/shared/money/test_ratio.py::test_negation_is_an_involution PASSED [ 24%]
tests/unit/shared/money/test_ratio.py::test_equal_ratios_hash_equally_despite_representation PASSED [ 25%]
tests/unit/shared/money/test_ratio.py::test_ordering_is_consistent_with_equality PASSED [ 25%]
tests/unit/shared/money/test_ratio.py::test_ratio_is_immutable PASSED    [ 25%]
tests/unit/shared/money/test_ratio.py::test_string_form_reads_as_a_percentage PASSED [ 25%]
tests/unit/shared/money/test_ratio.py::test_zero_ratio PASSED            [ 25%]
tests/unit/shared/money/test_rounding.py::test_positive_midpoint[floor-1] PASSED [ 25%]
tests/unit/shared/money/test_rounding.py::test_positive_midpoint[ceiling-2] PASSED [ 25%]
tests/unit/shared/money/test_rounding.py::test_positive_midpoint[down-1] PASSED [ 25%]
tests/unit/shared/money/test_rounding.py::test_positive_midpoint[up-2] PASSED [ 25%]
tests/unit/shared/money/test_rounding.py::test_positive_midpoint[half_up-2] PASSED [ 25%]
tests/unit/shared/money/test_rounding.py::test_positive_midpoint[half_even-2] PASSED [ 26%]
tests/unit/shared/money/test_rounding.py::test_negative_midpoint[floor--2] PASSED [ 26%]
tests/unit/shared/money/test_rounding.py::test_negative_midpoint[ceiling--1] PASSED [ 26%]
tests/unit/shared/money/test_rounding.py::test_negative_midpoint[down--1] PASSED [ 26%]
tests/unit/shared/money/test_rounding.py::test_negative_midpoint[up--2] PASSED [ 26%]
tests/unit/shared/money/test_rounding.py::test_negative_midpoint[half_up--2] PASSED [ 26%]
tests/unit/shared/money/test_rounding.py::test_negative_midpoint[half_even--2] PASSED [ 26%]
tests/unit/shared/money/test_rounding.py::test_half_even_breaks_ties_to_the_even_neighbour[5-2] PASSED [ 26%]
tests/unit/shared/money/test_rounding.py::test_half_even_breaks_ties_to_the_even_neighbour[7-4] PASSED [ 26%]
tests/unit/shared/money/test_rounding.py::test_half_even_breaks_ties_to_the_even_neighbour[-5--2] PASSED [ 27%]
tests/unit/shared/money/test_rounding.py::test_half_even_breaks_ties_to_the_even_neighbour[-7--4] PASSED [ 27%]
tests/unit/shared/money/test_rounding.py::test_every_mode_lands_on_an_adjacent_integer PASSED [ 27%]
tests/unit/shared/money/test_rounding.py::test_exact_division_is_unaffected_by_mode PASSED [ 27%]
tests/unit/shared/money/test_rounding.py::test_up_and_down_bracket_the_true_value PASSED [ 27%]
tests/unit/shared/money/test_rounding.py::test_exact_refuses_to_round PASSED [ 27%]
tests/unit/shared/money/test_rounding.py::test_a_quantum_snaps_the_result_to_that_granularity PASSED [ 27%]
tests/unit/shared/money/test_rounding.py::test_quantum_rounding_picks_the_nearest_multiple PASSED [ 27%]
tests/unit/shared/money/test_rounding.py::test_a_non_positive_denominator_is_refused PASSED [ 27%]
tests/unit/shared/money/test_rounding.py::test_a_non_positive_quantum_is_refused_at_construction PASSED [ 27%]
tests/unit/shared/money/test_rounding.py::test_policies_are_named_after_the_market_rule PASSED [ 28%]
tests/unit/shared/money/test_rounding.py::test_policies_are_immutable_value_objects PASSED [ 28%]
tests/unit/shared/money/test_value_object_protocol.py::test_ordering_is_total_within_a_type[lt-Money] PASSED [ 28%]
tests/unit/shared/money/test_value_object_protocol.py::test_ordering_is_total_within_a_type[lt-Price] PASSED [ 28%]
tests/unit/shared/money/test_value_object_protocol.py::test_ordering_is_total_within_a_type[lt-Quantity] PASSED [ 28%]
tests/unit/shared/money/test_value_object_protocol.py::test_ordering_is_total_within_a_type[lt-Ratio] PASSED [ 28%]
tests/unit/shared/money/test_value_object_protocol.py::test_ordering_is_total_within_a_type[le-Money] PASSED [ 28%]
tests/unit/shared/money/test_value_object_protocol.py::test_ordering_is_total_within_a_type[le-Price] PASSED [ 28%]
tests/unit/shared/money/test_value_object_protocol.py::test_ordering_is_total_within_a_type[le-Quantity] PASSED [ 28%]
tests/unit/shared/money/test_value_object_protocol.py::test_ordering_is_total_within_a_type[le-Ratio] PASSED [ 28%]
tests/unit/shared/money/test_value_object_protocol.py::test_ordering_is_total_within_a_type[gt-Money] PASSED [ 29%]
tests/unit/shared/money/test_value_object_protocol.py::test_ordering_is_total_within_a_type[gt-Price] PASSED [ 29%]
tests/unit/shared/money/test_value_object_protocol.py::test_ordering_is_total_within_a_type[gt-Quantity] PASSED [ 29%]
tests/unit/shared/money/test_value_object_protocol.py::test_ordering_is_total_within_a_type[gt-Ratio] PASSED [ 29%]
tests/unit/shared/money/test_value_object_protocol.py::test_ordering_is_total_within_a_type[ge-Money] PASSED [ 29%]
tests/unit/shared/money/test_value_object_protocol.py::test_ordering_is_total_within_a_type[ge-Price] PASSED [ 29%]
tests/unit/shared/money/test_value_object_protocol.py::test_ordering_is_total_within_a_type[ge-Quantity] PASSED [ 29%]
tests/unit/shared/money/test_value_object_protocol.py::test_ordering_is_total_within_a_type[ge-Ratio] PASSED [ 29%]
tests/unit/shared/money/test_value_object_protocol.py::test_ordering_against_a_foreign_type_raises[int-lt-Money] PASSED [ 29%]
tests/unit/shared/money/test_value_object_protocol.py::test_ordering_against_a_foreign_type_raises[int-lt-Price] PASSED [ 30%]
tests/unit/shared/money/test_value_object_protocol.py::test_ordering_against_a_foreign_type_raises[int-lt-Quantity] PASSED [ 30%]
tests/unit/shared/money/test_value_object_protocol.py::test_ordering_against_a_foreign_type_raises[int-lt-Ratio] PASSED [ 30%]
tests/unit/shared/money/test_value_object_protocol.py::test_ordering_against_a_foreign_type_raises[int-le-Money] PASSED [ 30%]
tests/unit/shared/money/test_value_object_protocol.py::test_ordering_against_a_foreign_type_raises[int-le-Price] PASSED [ 30%]
tests/unit/shared/money/test_value_object_protocol.py::test_ordering_against_a_foreign_type_raises[int-le-Quantity] PASSED [ 30%]
tests/unit/shared/money/test_value_object_protocol.py::test_ordering_against_a_foreign_type_raises[int-le-Ratio] PASSED [ 30%]
tests/unit/shared/money/test_value_object_protocol.py::test_ordering_against_a_foreign_type_raises[int-gt-Money] PASSED [ 30%]
tests/unit/shared/money/test_value_object_protocol.py::test_ordering_against_a_foreign_type_raises[int-gt-Price] PASSED [ 30%]
tests/unit/shared/money/test_value_object_protocol.py::test_ordering_against_a_foreign_type_raises[int-gt-Quantity] PASSED [ 30%]
tests/unit/shared/money/test_value_object_protocol.py::test_ordering_against_a_foreign_type_raises[int-gt-Ratio] PASSED [ 31%]
tests/unit/shared/money/test_value_object_protocol.py::test_ordering_against_a_foreign_type_raises[int-ge-Money] PASSED [ 31%]
tests/unit/shared/money/test_value_object_protocol.py::test_ordering_against_a_foreign_type_raises[int-ge-Price] PASSED [ 31%]
tests/unit/shared/money/test_value_object_protocol.py::test_ordering_against_a_foreign_type_raises[int-ge-Quantity] PASSED [ 31%]
tests/unit/shared/money/test_value_object_protocol.py::test_ordering_against_a_foreign_type_raises[int-ge-Ratio] PASSED [ 31%]
tests/unit/shared/money/test_value_object_protocol.py::test_ordering_against_a_foreign_type_raises[float-lt-Money] PASSED [ 31%]
tests/unit/shared/money/test_value_object_protocol.py::test_ordering_against_a_foreign_type_raises[float-lt-Price] PASSED [ 31%]
tests/unit/shared/money/test_value_object_protocol.py::test_ordering_against_a_foreign_type_raises[float-lt-Quantity] PASSED [ 31%]
tests/unit/shared/money/test_value_object_protocol.py::test_ordering_against_a_foreign_type_raises[float-lt-Ratio] PASSED [ 31%]
tests/unit/shared/money/test_value_object_protocol.py::test_ordering_against_a_foreign_type_raises[float-le-Money] PASSED [ 31%]
tests/unit/shared/money/test_value_object_protocol.py::test_ordering_against_a_foreign_type_raises[float-le-Price] PASSED [ 32%]
tests/unit/shared/money/test_value_object_protocol.py::test_ordering_against_a_foreign_type_raises[float-le-Quantity] PASSED [ 32%]
tests/unit/shared/money/test_value_object_protocol.py::test_ordering_against_a_foreign_type_raises[float-le-Ratio] PASSED [ 32%]
tests/unit/shared/money/test_value_object_protocol.py::test_ordering_against_a_foreign_type_raises[float-gt-Money] PASSED [ 32%]
tests/unit/shared/money/test_value_object_protocol.py::test_ordering_against_a_foreign_type_raises[float-gt-Price] PASSED [ 32%]
tests/unit/shared/money/test_value_object_protocol.py::test_ordering_against_a_foreign_type_raises[float-gt-Quantity] PASSED [ 32%]
tests/unit/shared/money/test_value_object_protocol.py::test_ordering_against_a_foreign_type_raises[float-gt-Ratio] PASSED [ 32%]
tests/unit/shared/money/test_value_object_protocol.py::test_ordering_against_a_foreign_type_raises[float-ge-Money] PASSED [ 32%]
tests/unit/shared/money/test_value_object_protocol.py::test_ordering_against_a_foreign_type_raises[float-ge-Price] PASSED [ 32%]
tests/unit/shared/money/test_value_object_protocol.py::test_ordering_against_a_foreign_type_raises[float-ge-Quantity] PASSED [ 32%]
tests/unit/shared/money/test_value_object_protocol.py::test_ordering_against_a_foreign_type_raises[float-ge-Ratio] PASSED [ 33%]
tests/unit/shared/money/test_value_object_protocol.py::test_ordering_against_a_foreign_type_raises[str-lt-Money] PASSED [ 33%]
tests/unit/shared/money/test_value_object_protocol.py::test_ordering_against_a_foreign_type_raises[str-lt-Price] PASSED [ 33%]
tests/unit/shared/money/test_value_object_protocol.py::test_ordering_against_a_foreign_type_raises[str-lt-Quantity] PASSED [ 33%]
tests/unit/shared/money/test_value_object_protocol.py::test_ordering_against_a_foreign_type_raises[str-lt-Ratio] PASSED [ 33%]
tests/unit/shared/money/test_value_object_protocol.py::test_ordering_against_a_foreign_type_raises[str-le-Money] PASSED [ 33%]
tests/unit/shared/money/test_value_object_protocol.py::test_ordering_against_a_foreign_type_raises[str-le-Price] PASSED [ 33%]
tests/unit/shared/money/test_value_object_protocol.py::test_ordering_against_a_foreign_type_raises[str-le-Quantity] PASSED [ 33%]
tests/unit/shared/money/test_value_object_protocol.py::test_ordering_against_a_foreign_type_raises[str-le-Ratio] PASSED [ 33%]
tests/unit/shared/money/test_value_object_protocol.py::test_ordering_against_a_foreign_type_raises[str-gt-Money] PASSED [ 34%]
tests/unit/shared/money/test_value_object_protocol.py::test_ordering_against_a_foreign_type_raises[str-gt-Price] PASSED [ 34%]
tests/unit/shared/money/test_value_object_protocol.py::test_ordering_against_a_foreign_type_raises[str-gt-Quantity] PASSED [ 34%]
tests/unit/shared/money/test_value_object_protocol.py::test_ordering_against_a_foreign_type_raises[str-gt-Ratio] PASSED [ 34%]
tests/unit/shared/money/test_value_object_protocol.py::test_ordering_against_a_foreign_type_raises[str-ge-Money] PASSED [ 34%]
tests/unit/shared/money/test_value_object_protocol.py::test_ordering_against_a_foreign_type_raises[str-ge-Price] PASSED [ 34%]
tests/unit/shared/money/test_value_object_protocol.py::test_ordering_against_a_foreign_type_raises[str-ge-Quantity] PASSED [ 34%]
tests/unit/shared/money/test_value_object_protocol.py::test_ordering_against_a_foreign_type_raises[str-ge-Ratio] PASSED [ 34%]
tests/unit/shared/money/test_value_object_protocol.py::test_ordering_against_a_foreign_type_raises[NoneType-lt-Money] PASSED [ 34%]
tests/unit/shared/money/test_value_object_protocol.py::test_ordering_against_a_foreign_type_raises[NoneType-lt-Price] PASSED [ 34%]
tests/unit/shared/money/test_value_object_protocol.py::test_ordering_against_a_foreign_type_raises[NoneType-lt-Quantity] PASSED [ 35%]
tests/unit/shared/money/test_value_object_protocol.py::test_ordering_against_a_foreign_type_raises[NoneType-lt-Ratio] PASSED [ 35%]
tests/unit/shared/money/test_value_object_protocol.py::test_ordering_against_a_foreign_type_raises[NoneType-le-Money] PASSED [ 35%]
tests/unit/shared/money/test_value_object_protocol.py::test_ordering_against_a_foreign_type_raises[NoneType-le-Price] PASSED [ 35%]
tests/unit/shared/money/test_value_object_protocol.py::test_ordering_against_a_foreign_type_raises[NoneType-le-Quantity] PASSED [ 35%]
tests/unit/shared/money/test_value_object_protocol.py::test_ordering_against_a_foreign_type_raises[NoneType-le-Ratio] PASSED [ 35%]
tests/unit/shared/money/test_value_object_protocol.py::test_ordering_against_a_foreign_type_raises[NoneType-gt-Money] PASSED [ 35%]
tests/unit/shared/money/test_value_object_protocol.py::test_ordering_against_a_foreign_type_raises[NoneType-gt-Price] PASSED [ 35%]
tests/unit/shared/money/test_value_object_protocol.py::test_ordering_against_a_foreign_type_raises[NoneType-gt-Quantity] PASSED [ 35%]
tests/unit/shared/money/test_value_object_protocol.py::test_ordering_against_a_foreign_type_raises[NoneType-gt-Ratio] PASSED [ 35%]
tests/unit/shared/money/test_value_object_protocol.py::test_ordering_against_a_foreign_type_raises[NoneType-ge-Money] PASSED [ 36%]
tests/unit/shared/money/test_value_object_protocol.py::test_ordering_against_a_foreign_type_raises[NoneType-ge-Price] PASSED [ 36%]
tests/unit/shared/money/test_value_object_protocol.py::test_ordering_against_a_foreign_type_raises[NoneType-ge-Quantity] PASSED [ 36%]
tests/unit/shared/money/test_value_object_protocol.py::test_ordering_against_a_foreign_type_raises[NoneType-ge-Ratio] PASSED [ 36%]
tests/unit/shared/money/test_value_object_protocol.py::test_ordering_against_a_foreign_type_raises[Decimal-lt-Money] PASSED [ 36%]
tests/unit/shared/money/test_value_object_protocol.py::test_ordering_against_a_foreign_type_raises[Decimal-lt-Price] PASSED [ 36%]
tests/unit/shared/money/test_value_object_protocol.py::test_ordering_against_a_foreign_type_raises[Decimal-lt-Quantity] PASSED [ 36%]
tests/unit/shared/money/test_value_object_protocol.py::test_ordering_against_a_foreign_type_raises[Decimal-lt-Ratio] PASSED [ 36%]
tests/unit/shared/money/test_value_object_protocol.py::test_ordering_against_a_foreign_type_raises[Decimal-le-Money] PASSED [ 36%]
tests/unit/shared/money/test_value_object_protocol.py::test_ordering_against_a_foreign_type_raises[Decimal-le-Price] PASSED [ 37%]
tests/unit/shared/money/test_value_object_protocol.py::test_ordering_against_a_foreign_type_raises[Decimal-le-Quantity] PASSED [ 37%]
tests/unit/shared/money/test_value_object_protocol.py::test_ordering_against_a_foreign_type_raises[Decimal-le-Ratio] PASSED [ 37%]
tests/unit/shared/money/test_value_object_protocol.py::test_ordering_against_a_foreign_type_raises[Decimal-gt-Money] PASSED [ 37%]
tests/unit/shared/money/test_value_object_protocol.py::test_ordering_against_a_foreign_type_raises[Decimal-gt-Price] PASSED [ 37%]
tests/unit/shared/money/test_value_object_protocol.py::test_ordering_against_a_foreign_type_raises[Decimal-gt-Quantity] PASSED [ 37%]
tests/unit/shared/money/test_value_object_protocol.py::test_ordering_against_a_foreign_type_raises[Decimal-gt-Ratio] PASSED [ 37%]
tests/unit/shared/money/test_value_object_protocol.py::test_ordering_against_a_foreign_type_raises[Decimal-ge-Money] PASSED [ 37%]
tests/unit/shared/money/test_value_object_protocol.py::test_ordering_against_a_foreign_type_raises[Decimal-ge-Price] PASSED [ 37%]
tests/unit/shared/money/test_value_object_protocol.py::test_ordering_against_a_foreign_type_raises[Decimal-ge-Quantity] PASSED [ 37%]
tests/unit/shared/money/test_value_object_protocol.py::test_ordering_against_a_foreign_type_raises[Decimal-ge-Ratio] PASSED [ 38%]
tests/unit/shared/money/test_value_object_protocol.py::test_ordering_against_a_foreign_type_raises[object-lt-Money] PASSED [ 38%]
tests/unit/shared/money/test_value_object_protocol.py::test_ordering_against_a_foreign_type_raises[object-lt-Price] PASSED [ 38%]
tests/unit/shared/money/test_value_object_protocol.py::test_ordering_against_a_foreign_type_raises[object-lt-Quantity] PASSED [ 38%]
tests/unit/shared/money/test_value_object_protocol.py::test_ordering_against_a_foreign_type_raises[object-lt-Ratio] PASSED [ 38%]
tests/unit/shared/money/test_value_object_protocol.py::test_ordering_against_a_foreign_type_raises[object-le-Money] PASSED [ 38%]
tests/unit/shared/money/test_value_object_protocol.py::test_ordering_against_a_foreign_type_raises[object-le-Price] PASSED [ 38%]
tests/unit/shared/money/test_value_object_protocol.py::test_ordering_against_a_foreign_type_raises[object-le-Quantity] PASSED [ 38%]
tests/unit/shared/money/test_value_object_protocol.py::test_ordering_against_a_foreign_type_raises[object-le-Ratio] PASSED [ 38%]
tests/unit/shared/money/test_value_object_protocol.py::test_ordering_against_a_foreign_type_raises[object-gt-Money] PASSED [ 38%]
tests/unit/shared/money/test_value_object_protocol.py::test_ordering_against_a_foreign_type_raises[object-gt-Price] PASSED [ 39%]
tests/unit/shared/money/test_value_object_protocol.py::test_ordering_against_a_foreign_type_raises[object-gt-Quantity] PASSED [ 39%]
tests/unit/shared/money/test_value_object_protocol.py::test_ordering_against_a_foreign_type_raises[object-gt-Ratio] PASSED [ 39%]
tests/unit/shared/money/test_value_object_protocol.py::test_ordering_against_a_foreign_type_raises[object-ge-Money] PASSED [ 39%]
tests/unit/shared/money/test_value_object_protocol.py::test_ordering_against_a_foreign_type_raises[object-ge-Price] PASSED [ 39%]
tests/unit/shared/money/test_value_object_protocol.py::test_ordering_against_a_foreign_type_raises[object-ge-Quantity] PASSED [ 39%]
tests/unit/shared/money/test_value_object_protocol.py::test_ordering_against_a_foreign_type_raises[object-ge-Ratio] PASSED [ 39%]
tests/unit/shared/money/test_value_object_protocol.py::test_equality_against_a_foreign_type_is_false_not_an_error[int-Money] PASSED [ 39%]
tests/unit/shared/money/test_value_object_protocol.py::test_equality_against_a_foreign_type_is_false_not_an_error[int-Price] PASSED [ 39%]
tests/unit/shared/money/test_value_object_protocol.py::test_equality_against_a_foreign_type_is_false_not_an_error[int-Quantity] PASSED [ 40%]
tests/unit/shared/money/test_value_object_protocol.py::test_equality_against_a_foreign_type_is_false_not_an_error[int-SignedQuantity] PASSED [ 40%]
tests/unit/shared/money/test_value_object_protocol.py::test_equality_against_a_foreign_type_is_false_not_an_error[int-Ratio] PASSED [ 40%]
tests/unit/shared/money/test_value_object_protocol.py::test_equality_against_a_foreign_type_is_false_not_an_error[float-Money] PASSED [ 40%]
tests/unit/shared/money/test_value_object_protocol.py::test_equality_against_a_foreign_type_is_false_not_an_error[float-Price] PASSED [ 40%]
tests/unit/shared/money/test_value_object_protocol.py::test_equality_against_a_foreign_type_is_false_not_an_error[float-Quantity] PASSED [ 40%]
tests/unit/shared/money/test_value_object_protocol.py::test_equality_against_a_foreign_type_is_false_not_an_error[float-SignedQuantity] PASSED [ 40%]
tests/unit/shared/money/test_value_object_protocol.py::test_equality_against_a_foreign_type_is_false_not_an_error[float-Ratio] PASSED [ 40%]
tests/unit/shared/money/test_value_object_protocol.py::test_equality_against_a_foreign_type_is_false_not_an_error[str-Money] PASSED [ 40%]
tests/unit/shared/money/test_value_object_protocol.py::test_equality_against_a_foreign_type_is_false_not_an_error[str-Price] PASSED [ 40%]
tests/unit/shared/money/test_value_object_protocol.py::test_equality_against_a_foreign_type_is_false_not_an_error[str-Quantity] PASSED [ 41%]
tests/unit/shared/money/test_value_object_protocol.py::test_equality_against_a_foreign_type_is_false_not_an_error[str-SignedQuantity] PASSED [ 41%]
tests/unit/shared/money/test_value_object_protocol.py::test_equality_against_a_foreign_type_is_false_not_an_error[str-Ratio] PASSED [ 41%]
tests/unit/shared/money/test_value_object_protocol.py::test_equality_against_a_foreign_type_is_false_not_an_error[NoneType-Money] PASSED [ 41%]
tests/unit/shared/money/test_value_object_protocol.py::test_equality_against_a_foreign_type_is_false_not_an_error[NoneType-Price] PASSED [ 41%]
tests/unit/shared/money/test_value_object_protocol.py::test_equality_against_a_foreign_type_is_false_not_an_error[NoneType-Quantity] PASSED [ 41%]
tests/unit/shared/money/test_value_object_protocol.py::test_equality_against_a_foreign_type_is_false_not_an_error[NoneType-SignedQuantity] PASSED [ 41%]
tests/unit/shared/money/test_value_object_protocol.py::test_equality_against_a_foreign_type_is_false_not_an_error[NoneType-Ratio] PASSED [ 41%]
tests/unit/shared/money/test_value_object_protocol.py::test_equality_against_a_foreign_type_is_false_not_an_error[Decimal-Money] PASSED [ 41%]
tests/unit/shared/money/test_value_object_protocol.py::test_equality_against_a_foreign_type_is_false_not_an_error[Decimal-Price] PASSED [ 41%]
tests/unit/shared/money/test_value_object_protocol.py::test_equality_against_a_foreign_type_is_false_not_an_error[Decimal-Quantity] PASSED [ 42%]
tests/unit/shared/money/test_value_object_protocol.py::test_equality_against_a_foreign_type_is_false_not_an_error[Decimal-SignedQuantity] PASSED [ 42%]
tests/unit/shared/money/test_value_object_protocol.py::test_equality_against_a_foreign_type_is_false_not_an_error[Decimal-Ratio] PASSED [ 42%]
tests/unit/shared/money/test_value_object_protocol.py::test_equality_against_a_foreign_type_is_false_not_an_error[object-Money] PASSED [ 42%]
tests/unit/shared/money/test_value_object_protocol.py::test_equality_against_a_foreign_type_is_false_not_an_error[object-Price] PASSED [ 42%]
tests/unit/shared/money/test_value_object_protocol.py::test_equality_against_a_foreign_type_is_false_not_an_error[object-Quantity] PASSED [ 42%]
tests/unit/shared/money/test_value_object_protocol.py::test_equality_against_a_foreign_type_is_false_not_an_error[object-SignedQuantity] PASSED [ 42%]
tests/unit/shared/money/test_value_object_protocol.py::test_equality_against_a_foreign_type_is_false_not_an_error[object-Ratio] PASSED [ 42%]
tests/unit/shared/money/test_value_object_protocol.py::test_arithmetic_against_a_foreign_type_raises[int-Money] PASSED [ 42%]
tests/unit/shared/money/test_value_object_protocol.py::test_arithmetic_against_a_foreign_type_raises[int-Price] PASSED [ 42%]
tests/unit/shared/money/test_value_object_protocol.py::test_arithmetic_against_a_foreign_type_raises[int-Quantity] PASSED [ 43%]
tests/unit/shared/money/test_value_object_protocol.py::test_arithmetic_against_a_foreign_type_raises[int-SignedQuantity] PASSED [ 43%]
tests/unit/shared/money/test_value_object_protocol.py::test_arithmetic_against_a_foreign_type_raises[int-Ratio] PASSED [ 43%]
tests/unit/shared/money/test_value_object_protocol.py::test_arithmetic_against_a_foreign_type_raises[float-Money] PASSED [ 43%]
tests/unit/shared/money/test_value_object_protocol.py::test_arithmetic_against_a_foreign_type_raises[float-Price] PASSED [ 43%]
tests/unit/shared/money/test_value_object_protocol.py::test_arithmetic_against_a_foreign_type_raises[float-Quantity] PASSED [ 43%]
tests/unit/shared/money/test_value_object_protocol.py::test_arithmetic_against_a_foreign_type_raises[float-SignedQuantity] PASSED [ 43%]
tests/unit/shared/money/test_value_object_protocol.py::test_arithmetic_against_a_foreign_type_raises[float-Ratio] PASSED [ 43%]
tests/unit/shared/money/test_value_object_protocol.py::test_arithmetic_against_a_foreign_type_raises[str-Money] PASSED [ 43%]
tests/unit/shared/money/test_value_object_protocol.py::test_arithmetic_against_a_foreign_type_raises[str-Price] PASSED [ 44%]
tests/unit/shared/money/test_value_object_protocol.py::test_arithmetic_against_a_foreign_type_raises[str-Quantity] PASSED [ 44%]
tests/unit/shared/money/test_value_object_protocol.py::test_arithmetic_against_a_foreign_type_raises[str-SignedQuantity] PASSED [ 44%]
tests/unit/shared/money/test_value_object_protocol.py::test_arithmetic_against_a_foreign_type_raises[str-Ratio] PASSED [ 44%]
tests/unit/shared/money/test_value_object_protocol.py::test_arithmetic_against_a_foreign_type_raises[NoneType-Money] PASSED [ 44%]
tests/unit/shared/money/test_value_object_protocol.py::test_arithmetic_against_a_foreign_type_raises[NoneType-Price] PASSED [ 44%]
tests/unit/shared/money/test_value_object_protocol.py::test_arithmetic_against_a_foreign_type_raises[NoneType-Quantity] PASSED [ 44%]
tests/unit/shared/money/test_value_object_protocol.py::test_arithmetic_against_a_foreign_type_raises[NoneType-SignedQuantity] PASSED [ 44%]
tests/unit/shared/money/test_value_object_protocol.py::test_arithmetic_against_a_foreign_type_raises[NoneType-Ratio] PASSED [ 44%]
tests/unit/shared/money/test_value_object_protocol.py::test_arithmetic_against_a_foreign_type_raises[Decimal-Money] PASSED [ 44%]
tests/unit/shared/money/test_value_object_protocol.py::test_arithmetic_against_a_foreign_type_raises[Decimal-Price] PASSED [ 45%]
tests/unit/shared/money/test_value_object_protocol.py::test_arithmetic_against_a_foreign_type_raises[Decimal-Quantity] PASSED [ 45%]
tests/unit/shared/money/test_value_object_protocol.py::test_arithmetic_against_a_foreign_type_raises[Decimal-SignedQuantity] PASSED [ 45%]
tests/unit/shared/money/test_value_object_protocol.py::test_arithmetic_against_a_foreign_type_raises[Decimal-Ratio] PASSED [ 45%]
tests/unit/shared/money/test_value_object_protocol.py::test_arithmetic_against_a_foreign_type_raises[object-Money] PASSED [ 45%]
tests/unit/shared/money/test_value_object_protocol.py::test_arithmetic_against_a_foreign_type_raises[object-Price] PASSED [ 45%]
tests/unit/shared/money/test_value_object_protocol.py::test_arithmetic_against_a_foreign_type_raises[object-Quantity] PASSED [ 45%]
tests/unit/shared/money/test_value_object_protocol.py::test_arithmetic_against_a_foreign_type_raises[object-SignedQuantity] PASSED [ 45%]
tests/unit/shared/money/test_value_object_protocol.py::test_arithmetic_against_a_foreign_type_raises[object-Ratio] PASSED [ 45%]
tests/unit/shared/money/test_value_object_protocol.py::test_zero_is_falsy_and_non_zero_is_truthy[Money] PASSED [ 45%]
tests/unit/shared/money/test_value_object_protocol.py::test_zero_is_falsy_and_non_zero_is_truthy[Price] PASSED [ 46%]
tests/unit/shared/money/test_value_object_protocol.py::test_zero_is_falsy_and_non_zero_is_truthy[Quantity] PASSED [ 46%]
tests/unit/shared/money/test_value_object_protocol.py::test_zero_is_falsy_and_non_zero_is_truthy[SignedQuantity] PASSED [ 46%]
tests/unit/shared/money/test_value_object_protocol.py::test_zero_is_falsy_and_non_zero_is_truthy[Ratio] PASSED [ 46%]
tests/unit/shared/money/test_value_object_protocol.py::test_repr_is_unambiguous_and_str_is_readable[Money] PASSED [ 46%]
tests/unit/shared/money/test_value_object_protocol.py::test_repr_is_unambiguous_and_str_is_readable[Price] PASSED [ 46%]
tests/unit/shared/money/test_value_object_protocol.py::test_repr_is_unambiguous_and_str_is_readable[Quantity] PASSED [ 46%]
tests/unit/shared/money/test_value_object_protocol.py::test_repr_is_unambiguous_and_str_is_readable[SignedQuantity] PASSED [ 46%]
tests/unit/shared/money/test_value_object_protocol.py::test_repr_is_unambiguous_and_str_is_readable[Ratio] PASSED [ 46%]
tests/unit/shared/money/test_value_object_protocol.py::test_every_value_object_is_hashable_and_slotted[Money] PASSED [ 47%]
tests/unit/shared/money/test_value_object_protocol.py::test_every_value_object_is_hashable_and_slotted[Price] PASSED [ 47%]
tests/unit/shared/money/test_value_object_protocol.py::test_every_value_object_is_hashable_and_slotted[Quantity] PASSED [ 47%]
tests/unit/shared/money/test_value_object_protocol.py::test_every_value_object_is_hashable_and_slotted[SignedQuantity] PASSED [ 47%]
tests/unit/shared/money/test_value_object_protocol.py::test_every_value_object_is_hashable_and_slotted[Ratio] PASSED [ 47%]
tests/unit/shared/money/test_value_object_protocol.py::test_no_value_object_converts_to_float[Money] PASSED [ 47%]
tests/unit/shared/money/test_value_object_protocol.py::test_no_value_object_converts_to_float[Price] PASSED [ 47%]
tests/unit/shared/money/test_value_object_protocol.py::test_no_value_object_converts_to_float[Quantity] PASSED [ 47%]
tests/unit/shared/money/test_value_object_protocol.py::test_no_value_object_converts_to_float[SignedQuantity] PASSED [ 47%]
tests/unit/shared/money/test_value_object_protocol.py::test_no_value_object_converts_to_float[Ratio] PASSED [ 47%]
tests/unit/shared/money/test_value_object_protocol.py::test_zero_reports_itself_as_zero[Money] PASSED [ 48%]
tests/unit/shared/money/test_value_object_protocol.py::test_zero_reports_itself_as_zero[Price] PASSED [ 48%]
tests/unit/shared/money/test_value_object_protocol.py::test_zero_reports_itself_as_zero[Quantity] PASSED [ 48%]
tests/unit/shared/money/test_value_object_protocol.py::test_zero_reports_itself_as_zero[SignedQuantity] PASSED [ 48%]
tests/unit/shared/money/test_value_object_protocol.py::test_zero_reports_itself_as_zero[Ratio] PASSED [ 48%]
tests/unit/shared/money/test_value_object_protocol.py::test_negation_and_absolute_value_where_they_apply PASSED [ 48%]
tests/unit/shared/money/test_value_object_protocol.py::test_signed_quantity_ordering_and_comparison PASSED [ 48%]
tests/unit/shared/money/test_value_object_protocol.py::test_quantity_scales_from_either_side PASSED [ 48%]
tests/unit/shared/money/test_value_object_protocol.py::test_money_scales_from_either_side PASSED [ 48%]
tests/unit/shared/money/test_value_object_protocol.py::test_notional_scales_from_either_side PASSED [ 48%]
tests/unit/shared/money/test_value_object_protocol.py::test_every_binary_operator_rejects_a_foreign_operand[sub-int-Money] PASSED [ 49%]
tests/unit/shared/money/test_value_object_protocol.py::test_every_binary_operator_rejects_a_foreign_operand[sub-int-Price] PASSED [ 49%]
tests/unit/shared/money/test_value_object_protocol.py::test_every_binary_operator_rejects_a_foreign_operand[sub-int-Quantity] PASSED [ 49%]
tests/unit/shared/money/test_value_object_protocol.py::test_every_binary_operator_rejects_a_foreign_operand[sub-int-SignedQuantity] PASSED [ 49%]
tests/unit/shared/money/test_value_object_protocol.py::test_every_binary_operator_rejects_a_foreign_operand[sub-int-Ratio] PASSED [ 49%]
tests/unit/shared/money/test_value_object_protocol.py::test_every_binary_operator_rejects_a_foreign_operand[sub-float-Money] PASSED [ 49%]
tests/unit/shared/money/test_value_object_protocol.py::test_every_binary_operator_rejects_a_foreign_operand[sub-float-Price] PASSED [ 49%]
tests/unit/shared/money/test_value_object_protocol.py::test_every_binary_operator_rejects_a_foreign_operand[sub-float-Quantity] PASSED [ 49%]
tests/unit/shared/money/test_value_object_protocol.py::test_every_binary_operator_rejects_a_foreign_operand[sub-float-SignedQuantity] PASSED [ 49%]
tests/unit/shared/money/test_value_object_protocol.py::test_every_binary_operator_rejects_a_foreign_operand[sub-float-Ratio] PASSED [ 50%]
tests/unit/shared/money/test_value_object_protocol.py::test_every_binary_operator_rejects_a_foreign_operand[sub-str-Money] PASSED [ 50%]
tests/unit/shared/money/test_value_object_protocol.py::test_every_binary_operator_rejects_a_foreign_operand[sub-str-Price] PASSED [ 50%]
tests/unit/shared/money/test_value_object_protocol.py::test_every_binary_operator_rejects_a_foreign_operand[sub-str-Quantity] PASSED [ 50%]
tests/unit/shared/money/test_value_object_protocol.py::test_every_binary_operator_rejects_a_foreign_operand[sub-str-SignedQuantity] PASSED [ 50%]
tests/unit/shared/money/test_value_object_protocol.py::test_every_binary_operator_rejects_a_foreign_operand[sub-str-Ratio] PASSED [ 50%]
tests/unit/shared/money/test_value_object_protocol.py::test_every_binary_operator_rejects_a_foreign_operand[sub-NoneType-Money] PASSED [ 50%]
tests/unit/shared/money/test_value_object_protocol.py::test_every_binary_operator_rejects_a_foreign_operand[sub-NoneType-Price] PASSED [ 50%]
tests/unit/shared/money/test_value_object_protocol.py::test_every_binary_operator_rejects_a_foreign_operand[sub-NoneType-Quantity] PASSED [ 50%]
tests/unit/shared/money/test_value_object_protocol.py::test_every_binary_operator_rejects_a_foreign_operand[sub-NoneType-SignedQuantity] PASSED [ 50%]
tests/unit/shared/money/test_value_object_protocol.py::test_every_binary_operator_rejects_a_foreign_operand[sub-NoneType-Ratio] PASSED [ 51%]
tests/unit/shared/money/test_value_object_protocol.py::test_every_binary_operator_rejects_a_foreign_operand[sub-Decimal-Money] PASSED [ 51%]
tests/unit/shared/money/test_value_object_protocol.py::test_every_binary_operator_rejects_a_foreign_operand[sub-Decimal-Price] PASSED [ 51%]
tests/unit/shared/money/test_value_object_protocol.py::test_every_binary_operator_rejects_a_foreign_operand[sub-Decimal-Quantity] PASSED [ 51%]
tests/unit/shared/money/test_value_object_protocol.py::test_every_binary_operator_rejects_a_foreign_operand[sub-Decimal-SignedQuantity] PASSED [ 51%]
tests/unit/shared/money/test_value_object_protocol.py::test_every_binary_operator_rejects_a_foreign_operand[sub-Decimal-Ratio] PASSED [ 51%]
tests/unit/shared/money/test_value_object_protocol.py::test_every_binary_operator_rejects_a_foreign_operand[sub-object-Money] PASSED [ 51%]
tests/unit/shared/money/test_value_object_protocol.py::test_every_binary_operator_rejects_a_foreign_operand[sub-object-Price] PASSED [ 51%]
tests/unit/shared/money/test_value_object_protocol.py::test_every_binary_operator_rejects_a_foreign_operand[sub-object-Quantity] PASSED [ 51%]
tests/unit/shared/money/test_value_object_protocol.py::test_every_binary_operator_rejects_a_foreign_operand[sub-object-SignedQuantity] PASSED [ 51%]
tests/unit/shared/money/test_value_object_protocol.py::test_every_binary_operator_rejects_a_foreign_operand[sub-object-Ratio] PASSED [ 52%]
tests/unit/shared/money/test_value_object_protocol.py::test_every_binary_operator_rejects_a_foreign_operand[mul-int-Money] SKIPPED [ 52%]
tests/unit/shared/money/test_value_object_protocol.py::test_every_binary_operator_rejects_a_foreign_operand[mul-int-Price] SKIPPED [ 52%]
tests/unit/shared/money/test_value_object_protocol.py::test_every_binary_operator_rejects_a_foreign_operand[mul-int-Quantity] SKIPPED [ 52%]
tests/unit/shared/money/test_value_object_protocol.py::test_every_binary_operator_rejects_a_foreign_operand[mul-int-SignedQuantity] SKIPPED [ 52%]
tests/unit/shared/money/test_value_object_protocol.py::test_every_binary_operator_rejects_a_foreign_operand[mul-int-Ratio] SKIPPED [ 52%]
tests/unit/shared/money/test_value_object_protocol.py::test_every_binary_operator_rejects_a_foreign_operand[mul-float-Money] PASSED [ 52%]
tests/unit/shared/money/test_value_object_protocol.py::test_every_binary_operator_rejects_a_foreign_operand[mul-float-Price] PASSED [ 52%]
tests/unit/shared/money/test_value_object_protocol.py::test_every_binary_operator_rejects_a_foreign_operand[mul-float-Quantity] PASSED [ 52%]
tests/unit/shared/money/test_value_object_protocol.py::test_every_binary_operator_rejects_a_foreign_operand[mul-float-SignedQuantity] PASSED [ 52%]
tests/unit/shared/money/test_value_object_protocol.py::test_every_binary_operator_rejects_a_foreign_operand[mul-float-Ratio] PASSED [ 53%]
tests/unit/shared/money/test_value_object_protocol.py::test_every_binary_operator_rejects_a_foreign_operand[mul-str-Money] PASSED [ 53%]
tests/unit/shared/money/test_value_object_protocol.py::test_every_binary_operator_rejects_a_foreign_operand[mul-str-Price] PASSED [ 53%]
tests/unit/shared/money/test_value_object_protocol.py::test_every_binary_operator_rejects_a_foreign_operand[mul-str-Quantity] PASSED [ 53%]
tests/unit/shared/money/test_value_object_protocol.py::test_every_binary_operator_rejects_a_foreign_operand[mul-str-SignedQuantity] PASSED [ 53%]
tests/unit/shared/money/test_value_object_protocol.py::test_every_binary_operator_rejects_a_foreign_operand[mul-str-Ratio] PASSED [ 53%]
tests/unit/shared/money/test_value_object_protocol.py::test_every_binary_operator_rejects_a_foreign_operand[mul-NoneType-Money] PASSED [ 53%]
tests/unit/shared/money/test_value_object_protocol.py::test_every_binary_operator_rejects_a_foreign_operand[mul-NoneType-Price] PASSED [ 53%]
tests/unit/shared/money/test_value_object_protocol.py::test_every_binary_operator_rejects_a_foreign_operand[mul-NoneType-Quantity] PASSED [ 53%]
tests/unit/shared/money/test_value_object_protocol.py::test_every_binary_operator_rejects_a_foreign_operand[mul-NoneType-SignedQuantity] PASSED [ 54%]
tests/unit/shared/money/test_value_object_protocol.py::test_every_binary_operator_rejects_a_foreign_operand[mul-NoneType-Ratio] PASSED [ 54%]
tests/unit/shared/money/test_value_object_protocol.py::test_every_binary_operator_rejects_a_foreign_operand[mul-Decimal-Money] PASSED [ 54%]
tests/unit/shared/money/test_value_object_protocol.py::test_every_binary_operator_rejects_a_foreign_operand[mul-Decimal-Price] PASSED [ 54%]
tests/unit/shared/money/test_value_object_protocol.py::test_every_binary_operator_rejects_a_foreign_operand[mul-Decimal-Quantity] PASSED [ 54%]
tests/unit/shared/money/test_value_object_protocol.py::test_every_binary_operator_rejects_a_foreign_operand[mul-Decimal-SignedQuantity] PASSED [ 54%]
tests/unit/shared/money/test_value_object_protocol.py::test_every_binary_operator_rejects_a_foreign_operand[mul-Decimal-Ratio] PASSED [ 54%]
tests/unit/shared/money/test_value_object_protocol.py::test_every_binary_operator_rejects_a_foreign_operand[mul-object-Money] PASSED [ 54%]
tests/unit/shared/money/test_value_object_protocol.py::test_every_binary_operator_rejects_a_foreign_operand[mul-object-Price] PASSED [ 54%]
tests/unit/shared/money/test_value_object_protocol.py::test_every_binary_operator_rejects_a_foreign_operand[mul-object-Quantity] PASSED [ 54%]
tests/unit/shared/money/test_value_object_protocol.py::test_every_binary_operator_rejects_a_foreign_operand[mul-object-SignedQuantity] PASSED [ 55%]
tests/unit/shared/money/test_value_object_protocol.py::test_every_binary_operator_rejects_a_foreign_operand[mul-object-Ratio] PASSED [ 55%]
tests/unit/shared/money/test_value_object_protocol.py::test_scaling_by_a_bool_is_refused[Money] PASSED [ 55%]
tests/unit/shared/money/test_value_object_protocol.py::test_scaling_by_a_bool_is_refused[Price] PASSED [ 55%]
tests/unit/shared/money/test_value_object_protocol.py::test_scaling_by_a_bool_is_refused[Quantity] PASSED [ 55%]
tests/unit/shared/money/test_value_object_protocol.py::test_scaling_by_a_bool_is_refused[SignedQuantity] PASSED [ 55%]
tests/unit/shared/money/test_value_object_protocol.py::test_scaling_by_a_bool_is_refused[Ratio] PASSED [ 55%]
tests/unit/shared/money/test_value_object_protocol.py::test_money_division_guards_its_divisor_type PASSED [ 55%]
tests/unit/shared/money/test_value_object_protocol.py::test_quantity_in_lots_rejects_a_non_positive_lot_size PASSED [ 55%]
tests/unit/shared/money/test_value_object_protocol.py::test_money_per_unit_refuses_zero_quantity PASSED [ 55%]
tests/unit/shared/money/test_value_object_protocol.py::test_money_ratio_to_zero_is_refused PASSED [ 56%]
tests/unit/shared/money/test_value_object_protocol.py::test_split_requires_a_positive_part_count PASSED [ 56%]
tests/unit/shared/test_bootstrap.py::test_bootstrap_returns_a_wired_context PASSED [ 56%]
tests/unit/shared/test_bootstrap.py::test_logging_is_configured_before_anything_can_log PASSED [ 56%]
tests/unit/shared/test_bootstrap.py::test_the_startup_banner_states_the_facts_an_operator_needs PASSED [ 56%]
tests/unit/shared/test_bootstrap.py::test_a_secret_created_after_bootstrap_is_still_redacted PASSED [ 56%]
tests/unit/shared/test_bootstrap.py::test_bootstrap_refuses_unsafe_configuration PASSED [ 56%]
tests/unit/shared/test_bootstrap.py::test_a_tracing_misconfiguration_is_warned_about_loudly PASSED [ 56%]
tests/unit/shared/test_bootstrap.py::test_the_context_is_immutable PASSED [ 56%]
tests/unit/shared/test_context.py::test_nothing_is_bound_by_default PASSED [ 57%]
tests/unit/shared/test_context.py::test_generated_ids_are_prefixed_and_unique PASSED [ 57%]
tests/unit/shared/test_context.py::test_binding_generates_an_id_when_none_is_supplied PASSED [ 57%]
tests/unit/shared/test_context.py::test_generation_can_be_declined PASSED [ 57%]
tests/unit/shared/test_context.py::test_a_supplied_id_is_honoured PASSED [ 57%]
tests/unit/shared/test_context.py::test_context_is_restored_on_exit PASSED [ 57%]
tests/unit/shared/test_context.py::test_context_is_restored_even_when_the_block_raises PASSED [ 57%]
tests/unit/shared/test_context.py::test_nesting_narrows_rather_than_resets PASSED [ 57%]
tests/unit/shared/test_context.py::test_log_fields_omit_unbound_identifiers PASSED [ 57%]
tests/unit/shared/test_context.py::test_context_propagates_across_await PASSED [ 57%]
tests/unit/shared/test_context.py::test_concurrent_tasks_do_not_leak_into_each_other PASSED [ 58%]
tests/unit/shared/test_context.py::test_context_does_not_reach_a_thread_without_help PASSED [ 58%]
tests/unit/shared/test_context.py::test_copy_context_into_carries_it_across_a_thread PASSED [ 58%]
tests/unit/shared/test_context.py::test_the_wrapper_preserves_identity_for_debuggability PASSED [ 58%]
tests/unit/shared/test_environment.py::test_exactly_four_environments_exist PASSED [ 58%]
tests/unit/shared/test_environment.py::test_environment_compares_as_a_string PASSED [ 58%]
tests/unit/shared/test_environment.py::test_predicates[local-True-False-False] PASSED [ 58%]
tests/unit/shared/test_environment.py::test_predicates[test-True-False-False] PASSED [ 58%]
tests/unit/shared/test_environment.py::test_predicates[staging-False-True-False] PASSED [ 58%]
tests/unit/shared/test_environment.py::test_predicates[production-False-True-True] PASSED [ 58%]
tests/unit/shared/test_environment.py::test_staging_is_deployed_not_development PASSED [ 59%]
tests/unit/shared/test_environment.py::test_only_production_could_ever_allow_live_orders PASSED [ 59%]
tests/unit/shared/test_environment.py::test_an_unknown_environment_string_is_rejected PASSED [ 59%]
tests/unit/shared/test_errors.py::test_error_codes_are_pinned PASSED     [ 59%]
tests/unit/shared/test_errors.py::test_error_codes_are_unique PASSED     [ 59%]
tests/unit/shared/test_errors.py::test_every_error_is_exported[ConfigurationError] PASSED [ 59%]
tests/unit/shared/test_errors.py::test_every_error_is_exported[ConflictError] PASSED [ 59%]
tests/unit/shared/test_errors.py::test_every_error_is_exported[DataQualityError] PASSED [ 59%]
tests/unit/shared/test_errors.py::test_every_error_is_exported[DegradedModeError] PASSED [ 59%]
tests/unit/shared/test_errors.py::test_every_error_is_exported[ExternalServiceError] PASSED [ 60%]
tests/unit/shared/test_errors.py::test_every_error_is_exported[InvariantViolation] PASSED [ 60%]
tests/unit/shared/test_errors.py::test_every_error_is_exported[MissingDataError] PASSED [ 60%]
tests/unit/shared/test_errors.py::test_every_error_is_exported[NotFoundError] PASSED [ 60%]
tests/unit/shared/test_errors.py::test_every_error_is_exported[PermissionDeniedError] PASSED [ 60%]
tests/unit/shared/test_errors.py::test_every_error_is_exported[PreconditionUnknownError] PASSED [ 60%]
tests/unit/shared/test_errors.py::test_every_error_is_exported[RateLimitedError] PASSED [ 60%]
tests/unit/shared/test_errors.py::test_every_error_is_exported[SafetyError] PASSED [ 60%]
tests/unit/shared/test_errors.py::test_every_error_is_exported[StaleDataError] PASSED [ 60%]
tests/unit/shared/test_errors.py::test_every_error_is_exported[UnsafeConfigurationError] PASSED [ 60%]
tests/unit/shared/test_errors.py::test_every_error_is_exported[UpstreamTimeoutError] PASSED [ 61%]
tests/unit/shared/test_errors.py::test_every_error_is_exported[UpstreamUnavailableError] PASSED [ 61%]
tests/unit/shared/test_errors.py::test_every_error_is_exported[ValidationError] PASSED [ 61%]
tests/unit/shared/test_errors.py::test_context_is_structured_not_interpolated PASSED [ 61%]
tests/unit/shared/test_errors.py::test_str_includes_the_code PASSED      [ 61%]
tests/unit/shared/test_errors.py::test_repr_never_reveals_context_values PASSED [ 61%]
tests/unit/shared/test_errors.py::test_to_dict_is_the_deliberate_way_to_get_values PASSED [ 61%]
tests/unit/shared/test_errors.py::test_external_errors_are_retryable_and_others_are_not PASSED [ 61%]
tests/unit/shared/test_errors.py::test_safety_errors_are_their_own_branch PASSED [ 61%]
tests/unit/shared/test_errors.py::test_subclasses_narrow_without_breaking_except_clauses PASSED [ 61%]
tests/unit/shared/test_errors.py::test_malformed_codes_are_rejected_at_construction[CFG-001] PASSED [ 62%]
tests/unit/shared/test_errors.py::test_malformed_codes_are_rejected_at_construction[DHR-CONFIG-001] PASSED [ 62%]
tests/unit/shared/test_errors.py::test_malformed_codes_are_rejected_at_construction[DHR-cfg-001] PASSED [ 62%]
tests/unit/shared/test_errors.py::test_malformed_codes_are_rejected_at_construction[DHR-CFG-1] PASSED [ 62%]
tests/unit/shared/test_errors.py::test_malformed_codes_are_rejected_at_construction[nonsense] PASSED [ 62%]
tests/unit/shared/test_errors.py::test_error_code_behaves_as_a_string PASSED [ 62%]
tests/unit/shared/test_errors.py::test_errors_survive_pickling_for_celery_transport PASSED [ 62%]
tests/unit/shared/test_errors.py::test_a_secret_in_error_context_does_not_leak_through_repr_or_str PASSED [ 62%]
tests/unit/shared/test_events.py::test_an_event_carries_its_facts PASSED [ 62%]
tests/unit/shared/test_events.py::test_event_type_is_derived_from_the_class PASSED [ 62%]
tests/unit/shared/test_events.py::test_each_occurrence_gets_a_unique_identifier PASSED [ 63%]
tests/unit/shared/test_events.py::test_an_explicit_event_id_is_honoured PASSED [ 63%]
tests/unit/shared/test_events.py::test_events_are_immutable PASSED       [ 63%]
tests/unit/shared/test_events.py::test_a_naive_timestamp_is_refused PASSED [ 63%]
tests/unit/shared/test_events.py::test_construction_is_keyword_only PASSED [ 63%]
tests/unit/shared/test_events.py::test_occurred_at_is_distinct_from_when_it_was_recorded PASSED [ 63%]
tests/unit/shared/test_events.py::test_the_base_carries_no_transport_metadata PASSED [ 63%]
tests/unit/shared/test_events.py::test_events_are_slotted PASSED         [ 63%]
tests/unit/shared/test_identity.py::test_a_fresh_identifier_is_unique PASSED [ 63%]
tests/unit/shared/test_identity.py::test_a_deterministic_identifier_is_stable_across_calls PASSED [ 64%]
tests/unit/shared/test_identity.py::test_different_natural_keys_give_different_identifiers PASSED [ 64%]
tests/unit/shared/test_identity.py::test_parts_cannot_be_ambiguously_joined PASSED [ 64%]
tests/unit/shared/test_identity.py::test_an_empty_natural_key_is_refused[parts0] PASSED [ 64%]
tests/unit/shared/test_identity.py::test_an_empty_natural_key_is_refused[parts1] PASSED [ 64%]
tests/unit/shared/test_identity.py::test_an_empty_natural_key_is_refused[parts2] PASSED [ 64%]
tests/unit/shared/test_identity.py::test_string_form_round_trips PASSED  [ 64%]
tests/unit/shared/test_identity.py::test_a_bare_uuid_parses PASSED       [ 64%]
tests/unit/shared/test_identity.py::test_the_string_form_is_prefixed_and_greppable PASSED [ 64%]
tests/unit/shared/test_identity.py::test_parsing_the_wrong_prefix_is_refused PASSED [ 64%]
tests/unit/shared/test_identity.py::test_malformed_identifiers_are_refused[] PASSED [ 65%]
tests/unit/shared/test_identity.py::test_malformed_identifiers_are_refused[not-a-uuid] PASSED [ 65%]
tests/unit/shared/test_identity.py::test_malformed_identifiers_are_refused[inst_nonsense] PASSED [ 65%]
tests/unit/shared/test_identity.py::test_malformed_identifiers_are_refused[inst_] PASSED [ 65%]
tests/unit/shared/test_identity.py::test_construction_requires_an_actual_uuid[a-string] PASSED [ 65%]
tests/unit/shared/test_identity.py::test_construction_requires_an_actual_uuid[42] PASSED [ 65%]
tests/unit/shared/test_identity.py::test_construction_requires_an_actual_uuid[None] PASSED [ 65%]
tests/unit/shared/test_identity.py::test_construction_requires_an_actual_uuid[bytes] PASSED [ 65%]
tests/unit/shared/test_identity.py::test_identifiers_of_different_kinds_never_compare_equal PASSED [ 65%]
tests/unit/shared/test_identity.py::test_identifiers_are_hashable_and_immutable PASSED [ 65%]
tests/unit/shared/test_identity.py::test_identifiers_survive_pickling PASSED [ 66%]
tests/unit/shared/test_identity.py::test_no_broker_identifier_appears_in_the_module PASSED [ 66%]
tests/unit/shared/test_invariants.py::test_a_holding_invariant_is_silent PASSED [ 66%]
tests/unit/shared/test_invariants.py::test_a_violated_invariant_raises_with_context PASSED [ 66%]
tests/unit/shared/test_invariants.py::test_an_invariant_violation_is_a_safety_error PASSED [ 66%]
tests/unit/shared/test_invariants.py::test_invariants_are_not_assertions PASSED [ 66%]
tests/unit/shared/test_invariants.py::test_unreachable_always_raises PASSED [ 66%]
tests/unit/shared/test_invariants.py::test_any_falsy_condition_violates[False] PASSED [ 66%]
tests/unit/shared/test_invariants.py::test_any_falsy_condition_violates[0] PASSED [ 66%]
tests/unit/shared/test_invariants.py::test_any_falsy_condition_violates[] PASSED [ 67%]
tests/unit/shared/test_invariants.py::test_any_falsy_condition_violates[falsy3] PASSED [ 67%]
tests/unit/shared/test_invariants.py::test_any_falsy_condition_violates[falsy4] PASSED [ 67%]
tests/unit/shared/test_invariants.py::test_any_falsy_condition_violates[None] PASSED [ 67%]
tests/unit/shared/test_logging_redaction.py::test_logging_reports_whether_it_is_configured PASSED [ 67%]
tests/unit/shared/test_logging_redaction.py::test_sensitive_field_names_are_redacted[password] PASSED [ 67%]
tests/unit/shared/test_logging_redaction.py::test_sensitive_field_names_are_redacted[api_key] PASSED [ 67%]
tests/unit/shared/test_logging_redaction.py::test_sensitive_field_names_are_redacted[apiKey] PASSED [ 67%]
tests/unit/shared/test_logging_redaction.py::test_sensitive_field_names_are_redacted[access_token] PASSED [ 67%]
tests/unit/shared/test_logging_redaction.py::test_sensitive_field_names_are_redacted[kite_api_secret] PASSED [ 67%]
tests/unit/shared/test_logging_redaction.py::test_sensitive_field_names_are_redacted[authorization] PASSED [ 68%]
tests/unit/shared/test_logging_redaction.py::test_sensitive_field_names_are_redacted[totp] PASSED [ 68%]
tests/unit/shared/test_logging_redaction.py::test_sensitive_field_names_are_redacted[db_password_hash] PASSED [ 68%]
tests/unit/shared/test_logging_redaction.py::test_sensitive_field_names_are_redacted[session_id] PASSED [ 68%]
tests/unit/shared/test_logging_redaction.py::test_sensitive_field_names_are_redacted[private_key] PASSED [ 68%]
tests/unit/shared/test_logging_redaction.py::test_a_secret_interpolated_into_a_message_is_redacted PASSED [ 68%]
tests/unit/shared/test_logging_redaction.py::test_a_secret_in_an_innocuously_named_field_is_redacted PASSED [ 68%]
tests/unit/shared/test_logging_redaction.py::test_a_secret_nested_in_a_structure_is_redacted PASSED [ 68%]
tests/unit/shared/test_logging_redaction.py::test_a_secret_in_an_exception_argument_is_redacted PASSED [ 68%]
tests/unit/shared/test_logging_redaction.py::test_redaction_survives_bound_context PASSED [ 68%]
tests/unit/shared/test_logging_redaction.py::test_ordinary_content_is_untouched PASSED [ 69%]
tests/unit/shared/test_logging_redaction.py::test_short_values_do_not_trigger_redaction PASSED [ 69%]
tests/unit/shared/test_logging_redaction.py::test_secrets_inside_sequences_are_redacted PASSED [ 69%]
tests/unit/shared/test_logging_redaction.py::test_a_sensitive_field_name_redacts_the_whole_value PASSED [ 69%]
tests/unit/shared/test_logging_redaction.py::test_every_record_carries_service_identity PASSED [ 69%]
tests/unit/shared/test_logging_redaction.py::test_timestamps_are_utc_with_an_explicit_offset PASSED [ 69%]
tests/unit/shared/test_logging_redaction.py::test_correlation_appears_only_when_bound PASSED [ 69%]
tests/unit/shared/test_logging_redaction.py::test_console_format_is_available_for_humans PASSED [ 69%]
tests/unit/shared/test_observability.py::test_an_empty_registry_is_ready PASSED [ 69%]
tests/unit/shared/test_observability.py::test_degraded_is_still_ready PASSED [ 70%]
tests/unit/shared/test_observability.py::test_any_unhealthy_dependency_makes_the_process_not_ready PASSED [ 70%]
tests/unit/shared/test_observability.py::test_a_check_that_raises_counts_as_unhealthy PASSED [ 70%]
tests/unit/shared/test_observability.py::test_a_failing_check_does_not_leak_its_exception_message PASSED [ 70%]
tests/unit/shared/test_observability.py::test_a_hanging_check_times_out_rather_than_hanging_the_probe PASSED [ 70%]
tests/unit/shared/test_observability.py::test_checks_run_concurrently PASSED [ 70%]
tests/unit/shared/test_observability.py::test_duplicate_registration_is_rejected PASSED [ 70%]
tests/unit/shared/test_observability.py::test_the_report_renders_a_per_dependency_breakdown PASSED [ 70%]
tests/unit/shared/test_observability.py::test_metric_names_must_follow_the_convention[ticks_total] PASSED [ 70%]
tests/unit/shared/test_observability.py::test_metric_names_must_follow_the_convention[dhruva_ticks] PASSED [ 70%]
tests/unit/shared/test_observability.py::test_metric_names_must_follow_the_convention[DHRUVA_MARKETDATA_TICKS_TOTAL] PASSED [ 71%]
tests/unit/shared/test_observability.py::test_metric_names_must_follow_the_convention[dhruva-marketdata-ticks] PASSED [ 71%]
tests/unit/shared/test_observability.py::test_a_conforming_metric_registers_and_renders PASSED [ 71%]
tests/unit/shared/test_observability.py::test_duplicate_metric_registration_is_rejected PASSED [ 71%]
tests/unit/shared/test_observability.py::test_registries_are_isolated_from_each_other PASSED [ 71%]
tests/unit/shared/test_observability.py::test_histogram_buckets_bracket_the_platform_budgets PASSED [ 71%]
tests/unit/shared/test_observability.py::test_tracing_is_a_no_op_until_a_composition_root_configures_it PASSED [ 71%]
tests/unit/shared/test_secret_value.py::test_no_rendering_path_reveals_the_value[str()-str] PASSED [ 71%]
tests/unit/shared/test_secret_value.py::test_no_rendering_path_reveals_the_value[repr()-repr] PASSED [ 71%]
tests/unit/shared/test_secret_value.py::test_no_rendering_path_reveals_the_value[f-string-<lambda>] PASSED [ 71%]
tests/unit/shared/test_secret_value.py::test_no_rendering_path_reveals_the_value[format()-format] PASSED [ 72%]
tests/unit/shared/test_secret_value.py::test_no_rendering_path_reveals_the_value[str.format-format] PASSED [ 72%]
tests/unit/shared/test_secret_value.py::test_no_rendering_path_reveals_the_value[%-formatting-<lambda>] PASSED [ 72%]
tests/unit/shared/test_secret_value.py::test_no_rendering_path_reveals_the_value[concatenation via join-<lambda>] PASSED [ 72%]
tests/unit/shared/test_secret_value.py::test_format_spec_cannot_leak_a_prefix PASSED [ 72%]
tests/unit/shared/test_secret_value.py::test_reveal_is_the_only_accessor PASSED [ 72%]
tests/unit/shared/test_secret_value.py::test_a_secret_cannot_be_pickled PASSED [ 72%]
tests/unit/shared/test_secret_value.py::test_a_secret_can_be_copied_in_memory PASSED [ 72%]
tests/unit/shared/test_secret_value.py::test_a_secret_cannot_be_hashed PASSED [ 72%]
tests/unit/shared/test_secret_value.py::test_a_secret_is_not_json_serialisable_by_accident PASSED [ 72%]
tests/unit/shared/test_secret_value.py::test_equality_works_between_secrets PASSED [ 73%]
tests/unit/shared/test_secret_value.py::test_comparison_against_a_plain_string_is_not_supported PASSED [ 73%]
tests/unit/shared/test_secret_value.py::test_length_and_truthiness_are_disclosed_deliberately PASSED [ 73%]
tests/unit/shared/test_secret_value.py::test_secrets_join_the_redaction_registry PASSED [ 73%]
tests/unit/shared/test_secret_value.py::test_short_values_are_not_registered PASSED [ 73%]
tests/unit/shared/test_secret_value.py::test_registration_can_be_declined PASSED [ 73%]
tests/unit/shared/test_secret_value.py::test_the_registry_snapshot_is_immutable PASSED [ 73%]
tests/unit/shared/test_secret_value.py::test_no_generated_value_ever_renders PASSED [ 73%]
tests/unit/shared/test_settings.py::test_defaults_are_local_and_safe PASSED [ 73%]
tests/unit/shared/test_settings.py::test_nested_variables_are_read PASSED [ 74%]
tests/unit/shared/test_settings.py::test_an_unknown_variable_is_rejected PASSED [ 74%]
tests/unit/shared/test_settings.py::test_invalid_values_fail_fast_and_name_the_field PASSED [ 74%]
tests/unit/shared/test_settings.py::test_an_unrecognised_log_level_is_rejected PASSED [ 74%]
tests/unit/shared/test_settings.py::test_deployed_environments_reject_debug PASSED [ 74%]
tests/unit/shared/test_settings.py::test_deployed_environments_reject_placeholder_credentials PASSED [ 74%]
tests/unit/shared/test_settings.py::test_deployed_environments_reject_human_readable_logs PASSED [ 74%]
tests/unit/shared/test_settings.py::test_a_valid_production_configuration_loads PASSED [ 74%]
tests/unit/shared/test_settings.py::test_an_explicit_log_format_is_honoured PASSED [ 74%]
tests/unit/shared/test_settings.py::test_log_format_is_derived_rather_than_defaulted PASSED [ 74%]
tests/unit/shared/test_settings.py::test_settings_are_frozen PASSED      [ 75%]
tests/unit/shared/test_settings.py::test_secrets_never_serialise PASSED  [ 75%]
tests/unit/shared/test_settings.py::test_an_env_file_is_read_when_supplied PASSED [ 75%]
tests/unit/shared/test_settings.py::test_the_environment_wins_over_the_env_file PASSED [ 75%]
tests/unit/shared/test_settings.py::test_tracing_enabled_without_an_endpoint_is_rejected PASSED [ 75%]
tests/unit/shared/test_settings.py::test_an_already_wrapped_secret_is_passed_through PASSED [ 75%]
tests/unit/shared/test_settings.py::test_settings_can_be_constructed_directly_for_tests PASSED [ 75%]
tests/unit/shared/time/test_clock.py::test_every_clock_satisfies_the_port[clock0] PASSED [ 75%]
tests/unit/shared/time/test_clock.py::test_every_clock_satisfies_the_port[clock1] PASSED [ 75%]
tests/unit/shared/time/test_clock.py::test_the_system_clock_returns_aware_utc PASSED [ 75%]
tests/unit/shared/time/test_clock.py::test_a_frozen_clock_does_not_move_on_its_own PASSED [ 76%]
tests/unit/shared/time/test_clock.py::test_advancing_moves_the_clock_forward PASSED [ 76%]
tests/unit/shared/time/test_clock.py::test_a_clock_cannot_move_backwards[kwargs0] PASSED [ 76%]
tests/unit/shared/time/test_clock.py::test_a_clock_cannot_move_backwards[kwargs1] PASSED [ 76%]
tests/unit/shared/time/test_clock.py::test_a_clock_cannot_move_backwards[kwargs2] PASSED [ 76%]
tests/unit/shared/time/test_clock.py::test_a_clock_cannot_move_backwards[kwargs3] PASSED [ 76%]
tests/unit/shared/time/test_clock.py::test_setting_the_clock_is_permitted_where_advancing_is_not PASSED [ 76%]
tests/unit/shared/time/test_clock.py::test_a_naive_instant_is_refused PASSED [ 76%]
tests/unit/shared/time/test_clock.py::test_a_non_utc_instant_is_normalised_rather_than_rejected PASSED [ 76%]
tests/unit/shared/time/test_clock.py::test_repr_identifies_the_instant PASSED [ 77%]
tests/unit/shared/time/test_ranges.py::test_a_date_range_excludes_its_end PASSED [ 77%]
tests/unit/shared/time/test_ranges.py::test_consecutive_ranges_tile_without_gap_or_overlap PASSED [ 77%]
tests/unit/shared/time/test_ranges.py::test_an_inverted_range_is_refused PASSED [ 77%]
tests/unit/shared/time/test_ranges.py::test_an_empty_range_contains_nothing PASSED [ 77%]
tests/unit/shared/time/test_ranges.py::test_iterating_yields_every_date_ascending PASSED [ 77%]
tests/unit/shared/time/test_ranges.py::test_intersection_is_contained_in_both PASSED [ 77%]
tests/unit/shared/time/test_ranges.py::test_overlap_is_symmetric PASSED  [ 77%]
tests/unit/shared/time/test_ranges.py::test_adjacent_ranges_do_not_overlap PASSED [ 77%]
tests/unit/shared/time/test_ranges.py::test_a_time_range_measures_duration PASSED [ 77%]
tests/unit/shared/time/test_ranges.py::test_a_time_range_rejects_naive_bounds PASSED [ 78%]
tests/unit/shared/time/test_ranges.py::test_ranges_render_in_half_open_notation PASSED [ 78%]
tests/unit/shared/time/test_ranges.py::test_ranges_are_frozen_and_hashable PASSED [ 78%]
tests/unit/shared/time/test_ranges.py::test_a_time_range_excludes_its_end PASSED [ 78%]
tests/unit/shared/time/test_ranges.py::test_an_empty_time_range_contains_nothing PASSED [ 78%]
tests/unit/shared/time/test_ranges.py::test_time_ranges_overlap_symmetrically_and_tile_cleanly PASSED [ 78%]
tests/unit/shared/time/test_ranges.py::test_time_range_intersection PASSED [ 78%]
tests/unit/shared/time/test_ranges.py::test_disjoint_time_ranges_intersect_to_empty PASSED [ 78%]
tests/unit/shared/time/test_ranges.py::test_an_inverted_time_range_is_refused PASSED [ 78%]
tests/unit/shared/time/test_ranges.py::test_time_ranges_render_in_half_open_notation PASSED [ 78%]
tests/unit/shared/time/test_trading_day.py::test_the_test_calendar_satisfies_the_port PASSED [ 79%]
tests/unit/shared/time/test_trading_day.py::test_a_trading_day_must_be_verified_against_a_calendar PASSED [ 79%]
tests/unit/shared/time/test_trading_day.py::test_a_non_session_date_is_refused PASSED [ 79%]
tests/unit/shared/time/test_trading_day.py::test_a_holiday_is_refused PASSED [ 79%]
tests/unit/shared/time/test_trading_day.py::test_session_arithmetic_skips_non_sessions PASSED [ 79%]
tests/unit/shared/time/test_trading_day.py::test_session_arithmetic_runs_backwards PASSED [ 79%]
tests/unit/shared/time/test_trading_day.py::test_adding_and_subtracting_sessions_round_trips[1] PASSED [ 79%]
tests/unit/shared/time/test_trading_day.py::test_adding_and_subtracting_sessions_round_trips[2] PASSED [ 79%]
tests/unit/shared/time/test_trading_day.py::test_adding_and_subtracting_sessions_round_trips[5] PASSED [ 79%]
tests/unit/shared/time/test_trading_day.py::test_adding_and_subtracting_sessions_round_trips[10] PASSED [ 80%]
tests/unit/shared/time/test_trading_day.py::test_adding_and_subtracting_sessions_round_trips[21] PASSED [ 80%]
tests/unit/shared/time/test_trading_day.py::test_sessions_between_excludes_the_end PASSED [ 80%]
tests/unit/shared/time/test_trading_day.py::test_trading_days_order_chronologically PASSED [ 80%]
tests/unit/shared/time/test_trading_day.py::test_trading_days_are_hashable_and_usable_as_keys PASSED [ 80%]
tests/unit/shared/time/test_trading_day.py::test_ordering_against_a_foreign_type_raises PASSED [ 80%]
tests/unit/shared/time/test_trading_day.py::test_a_trading_day_is_immutable PASSED [ 80%]
tests/unit/shared/time/test_trading_day.py::test_a_session_is_stored_as_utc_instants PASSED [ 80%]
tests/unit/shared/time/test_trading_day.py::test_session_membership_is_half_open PASSED [ 80%]
tests/unit/shared/time/test_trading_day.py::test_a_regular_session_is_not_partial PASSED [ 80%]
tests/unit/shared/time/test_trading_day.py::test_a_muhurat_session_is_partial PASSED [ 81%]
tests/unit/shared/time/test_trading_day.py::test_a_session_must_close_after_it_opens PASSED [ 81%]
tests/unit/shared/time/test_trading_day.py::test_a_session_rejects_naive_instants PASSED [ 81%]
tests/unit/test_adr_guard.py::test_real_decision_log_is_intact PASSED    [ 81%]
tests/unit/test_adr_guard.py::test_real_decision_log_holds_all_approved_decisions PASSED [ 81%]
tests/unit/test_adr_guard.py::test_every_real_record_has_the_required_sections PASSED [ 81%]
tests/unit/test_adr_guard.py::test_valid_corpus_passes PASSED            [ 81%]
tests/unit/test_adr_guard.py::test_c1_rejects_a_malformed_filename PASSED [ 81%]
tests/unit/test_adr_guard.py::test_c1_rejects_a_filename_that_disagrees_with_the_heading PASSED [ 81%]
tests/unit/test_adr_guard.py::test_c2_detects_a_gap_left_by_a_deleted_record PASSED [ 81%]
tests/unit/test_adr_guard.py::test_c3_detects_a_missing_section PASSED   [ 82%]
tests/unit/test_adr_guard.py::test_c3_detects_a_missing_metadata_field PASSED [ 82%]
tests/unit/test_adr_guard.py::test_c4_rejects_an_invented_status PASSED  [ 82%]
tests/unit/test_adr_guard.py::test_c4_rejects_a_dangling_supersession_reference PASSED [ 82%]
tests/unit/test_adr_guard.py::test_c5_detects_an_edit_to_an_accepted_record PASSED [ 82%]
tests/unit/test_adr_guard.py::test_c5_permits_a_status_change_to_superseded PASSED [ 82%]
tests/unit/test_adr_guard.py::test_c5_detects_an_accepted_record_with_no_registered_checksum PASSED [ 82%]
tests/unit/test_adr_guard.py::test_c5_detects_a_checksum_for_a_record_that_no_longer_exists PASSED [ 82%]
tests/unit/test_adr_guard.py::test_update_refuses_to_overwrite_an_existing_checksum PASSED [ 82%]
tests/unit/test_adr_guard.py::test_update_is_idempotent PASSED           [ 82%]
tests/unit/test_adr_guard.py::test_digest_ignores_mutable_status_lines PASSED [ 83%]
tests/unit/test_adr_guard.py::test_digest_ignores_trailing_whitespace_but_not_content PASSED [ 83%]
tests/unit/test_adr_guard.py::test_c3_detects_a_record_with_no_heading PASSED [ 83%]
tests/unit/test_adr_guard.py::test_c2_detects_a_reused_decision_number PASSED [ 83%]
tests/unit/test_adr_guard.py::test_update_declines_when_the_corpus_is_structurally_broken PASSED [ 83%]
tests/unit/test_adr_guard.py::test_a_corrupt_checksum_file_fails_loudly PASSED [ 83%]
tests/unit/test_adr_guard.py::test_problems_render_with_filename_and_check_id PASSED [ 83%]
tests/unit/test_adr_guard.py::test_readme_and_template_are_not_treated_as_records PASSED [ 83%]
tests/unit/test_context_boundaries.py::test_real_source_tree_has_no_boundary_violations PASSED [ 83%]
tests/unit/test_context_boundaries.py::test_dependency_matrix_is_acyclic PASSED [ 84%]
tests/unit/test_context_boundaries.py::test_matrix_references_only_known_contexts PASSED [ 84%]
tests/unit/test_context_boundaries.py::test_risk_does_not_depend_on_trading PASSED [ 84%]
tests/unit/test_context_boundaries.py::test_r1_detects_reaching_into_another_contexts_internals PASSED [ 84%]
tests/unit/test_context_boundaries.py::test_r1_allows_import_through_the_public_api PASSED [ 84%]
tests/unit/test_context_boundaries.py::test_r1_allows_from_package_import_api_form PASSED [ 84%]
tests/unit/test_context_boundaries.py::test_r2_detects_an_undeclared_dependency PASSED [ 84%]
tests/unit/test_context_boundaries.py::test_r2_blocks_risk_importing_trading PASSED [ 84%]
tests/unit/test_context_boundaries.py::test_r2_permits_trading_importing_risk PASSED [ 84%]
tests/unit/test_context_boundaries.py::test_r3_detects_import_of_a_composition_root PASSED [ 84%]
tests/unit/test_context_boundaries.py::test_r3_permits_composition_roots_importing_anything PASSED [ 85%]
tests/unit/test_context_boundaries.py::test_r4_detects_the_shared_kernel_importing_a_context PASSED [ 85%]
tests/unit/test_context_boundaries.py::test_plain_import_statement_is_checked_too PASSED [ 85%]
tests/unit/test_context_boundaries.py::test_non_dhruva_imports_are_ignored PASSED [ 85%]
tests/unit/test_context_boundaries.py::test_violations_render_with_path_and_line PASSED [ 85%]
tests/unit/test_context_boundaries.py::test_find_repo_root_locates_the_marker PASSED [ 85%]
tests/unit/test_context_boundaries.py::test_find_repo_root_raises_when_no_marker_exists PASSED [ 85%]
tests/unit/test_package_metadata.py::test_version_is_semver PASSED       [ 85%]
tests/unit/test_package_metadata.py::test_package_reexports_version PASSED [ 85%]
tests/unit/test_package_metadata.py::test_stage_one_version_is_pre_release PASSED [ 85%]
tests/unit/test_repository_layout.py::test_nine_contexts_exist PASSED    [ 86%]
tests/unit/test_repository_layout.py::test_context_package_exists[reference] PASSED [ 86%]
tests/unit/test_repository_layout.py::test_context_package_exists[marketdata] PASSED [ 86%]
tests/unit/test_repository_layout.py::test_context_package_exists[analytics] PASSED [ 86%]
tests/unit/test_repository_layout.py::test_context_package_exists[intelligence] PASSED [ 86%]
tests/unit/test_repository_layout.py::test_context_package_exists[strategy] PASSED [ 86%]
tests/unit/test_repository_layout.py::test_context_package_exists[risk] PASSED [ 86%]
tests/unit/test_repository_layout.py::test_context_package_exists[trading] PASSED [ 86%]
tests/unit/test_repository_layout.py::test_context_package_exists[notification] PASSED [ 86%]
tests/unit/test_repository_layout.py::test_context_package_exists[platform] PASSED [ 87%]
tests/unit/test_repository_layout.py::test_context_has_public_api_module[reference] PASSED [ 87%]
tests/unit/test_repository_layout.py::test_context_has_public_api_module[marketdata] PASSED [ 87%]
tests/unit/test_repository_layout.py::test_context_has_public_api_module[analytics] PASSED [ 87%]
tests/unit/test_repository_layout.py::test_context_has_public_api_module[intelligence] PASSED [ 87%]
tests/unit/test_repository_layout.py::test_context_has_public_api_module[strategy] PASSED [ 87%]
tests/unit/test_repository_layout.py::test_context_has_public_api_module[risk] PASSED [ 87%]
tests/unit/test_repository_layout.py::test_context_has_public_api_module[trading] PASSED [ 87%]
tests/unit/test_repository_layout.py::test_context_has_public_api_module[notification] PASSED [ 87%]
tests/unit/test_repository_layout.py::test_context_has_public_api_module[platform] PASSED [ 87%]
tests/unit/test_repository_layout.py::test_context_has_all_four_layers[application-reference] PASSED [ 88%]
tests/unit/test_repository_layout.py::test_context_has_all_four_layers[application-marketdata] PASSED [ 88%]
tests/unit/test_repository_layout.py::test_context_has_all_four_layers[application-analytics] PASSED [ 88%]
tests/unit/test_repository_layout.py::test_context_has_all_four_layers[application-intelligence] PASSED [ 88%]
tests/unit/test_repository_layout.py::test_context_has_all_four_layers[application-strategy] PASSED [ 88%]
tests/unit/test_repository_layout.py::test_context_has_all_four_layers[application-risk] PASSED [ 88%]
tests/unit/test_repository_layout.py::test_context_has_all_four_layers[application-trading] PASSED [ 88%]
tests/unit/test_repository_layout.py::test_context_has_all_four_layers[application-notification] PASSED [ 88%]
tests/unit/test_repository_layout.py::test_context_has_all_four_layers[application-platform] PASSED [ 88%]
tests/unit/test_repository_layout.py::test_context_has_all_four_layers[domain-reference] PASSED [ 88%]
tests/unit/test_repository_layout.py::test_context_has_all_four_layers[domain-marketdata] PASSED [ 89%]
tests/unit/test_repository_layout.py::test_context_has_all_four_layers[domain-analytics] PASSED [ 89%]
tests/unit/test_repository_layout.py::test_context_has_all_four_layers[domain-intelligence] PASSED [ 89%]
tests/unit/test_repository_layout.py::test_context_has_all_four_layers[domain-strategy] PASSED [ 89%]
tests/unit/test_repository_layout.py::test_context_has_all_four_layers[domain-risk] PASSED [ 89%]
tests/unit/test_repository_layout.py::test_context_has_all_four_layers[domain-trading] PASSED [ 89%]
tests/unit/test_repository_layout.py::test_context_has_all_four_layers[domain-notification] PASSED [ 89%]
tests/unit/test_repository_layout.py::test_context_has_all_four_layers[domain-platform] PASSED [ 89%]
tests/unit/test_repository_layout.py::test_context_has_all_four_layers[infrastructure-reference] PASSED [ 89%]
tests/unit/test_repository_layout.py::test_context_has_all_four_layers[infrastructure-marketdata] PASSED [ 90%]
tests/unit/test_repository_layout.py::test_context_has_all_four_layers[infrastructure-analytics] PASSED [ 90%]
tests/unit/test_repository_layout.py::test_context_has_all_four_layers[infrastructure-intelligence] PASSED [ 90%]
tests/unit/test_repository_layout.py::test_context_has_all_four_layers[infrastructure-strategy] PASSED [ 90%]
tests/unit/test_repository_layout.py::test_context_has_all_four_layers[infrastructure-risk] PASSED [ 90%]
tests/unit/test_repository_layout.py::test_context_has_all_four_layers[infrastructure-trading] PASSED [ 90%]
tests/unit/test_repository_layout.py::test_context_has_all_four_layers[infrastructure-notification] PASSED [ 90%]
tests/unit/test_repository_layout.py::test_context_has_all_four_layers[infrastructure-platform] PASSED [ 90%]
tests/unit/test_repository_layout.py::test_context_has_all_four_layers[interfaces-reference] PASSED [ 90%]
tests/unit/test_repository_layout.py::test_context_has_all_four_layers[interfaces-marketdata] PASSED [ 90%]
tests/unit/test_repository_layout.py::test_context_has_all_four_layers[interfaces-analytics] PASSED [ 91%]
tests/unit/test_repository_layout.py::test_context_has_all_four_layers[interfaces-intelligence] PASSED [ 91%]
tests/unit/test_repository_layout.py::test_context_has_all_four_layers[interfaces-strategy] PASSED [ 91%]
tests/unit/test_repository_layout.py::test_context_has_all_four_layers[interfaces-risk] PASSED [ 91%]
tests/unit/test_repository_layout.py::test_context_has_all_four_layers[interfaces-trading] PASSED [ 91%]
tests/unit/test_repository_layout.py::test_context_has_all_four_layers[interfaces-notification] PASSED [ 91%]
tests/unit/test_repository_layout.py::test_context_has_all_four_layers[interfaces-platform] PASSED [ 91%]
tests/unit/test_repository_layout.py::test_composition_roots_exist[api] PASSED [ 91%]
tests/unit/test_repository_layout.py::test_composition_roots_exist[ingest] PASSED [ 91%]
tests/unit/test_repository_layout.py::test_composition_roots_exist[workers] PASSED [ 91%]
tests/unit/test_repository_layout.py::test_context_api_module_imports_cleanly[reference] PASSED [ 92%]
tests/unit/test_repository_layout.py::test_context_api_module_imports_cleanly[marketdata] PASSED [ 92%]
tests/unit/test_repository_layout.py::test_context_api_module_imports_cleanly[analytics] PASSED [ 92%]
tests/unit/test_repository_layout.py::test_context_api_module_imports_cleanly[intelligence] PASSED [ 92%]
tests/unit/test_repository_layout.py::test_context_api_module_imports_cleanly[strategy] PASSED [ 92%]
tests/unit/test_repository_layout.py::test_context_api_module_imports_cleanly[risk] PASSED [ 92%]
tests/unit/test_repository_layout.py::test_context_api_module_imports_cleanly[trading] PASSED [ 92%]
tests/unit/test_repository_layout.py::test_context_api_module_imports_cleanly[notification] PASSED [ 92%]
tests/unit/test_repository_layout.py::test_context_api_module_imports_cleanly[platform] PASSED [ 92%]
tests/unit/test_repository_layout.py::test_shared_kernel_exists PASSED   [ 92%]
tests/unit/test_repository_layout.py::test_package_is_typed PASSED       [ 93%]
tests/unit/test_repository_layout.py::test_root_marker_is_present PASSED [ 93%]
tests/unit/test_repository_layout.py::test_required_repository_files_exist[backend/pyproject.toml] PASSED [ 93%]
tests/unit/test_repository_layout.py::test_required_repository_files_exist[backend/.importlinter] PASSED [ 93%]
tests/unit/test_repository_layout.py::test_required_repository_files_exist[.pre-commit-config.yaml] PASSED [ 93%]
tests/unit/test_repository_layout.py::test_required_repository_files_exist[.github/workflows/ci.yml] PASSED [ 93%]
tests/unit/test_repository_layout.py::test_required_repository_files_exist[.github/workflows/security.yml] PASSED [ 93%]
tests/unit/test_repository_layout.py::test_required_repository_files_exist[infra/docker-compose.yml] PASSED [ 93%]
tests/unit/test_repository_layout.py::test_required_repository_files_exist[docs/adr/README.md] PASSED [ 93%]
tests/unit/test_repository_layout.py::test_required_repository_files_exist[docs/adr/TEMPLATE.md] PASSED [ 94%]
tests/unit/test_repository_layout.py::test_required_repository_files_exist[docs/DHRUVA_MASTER_PROJECT_PLAN.md] PASSED [ 94%]
tests/unit/test_repository_layout.py::test_required_repository_files_exist[docs/DOMAIN.md] PASSED [ 94%]
tests/unit/test_repository_layout.py::test_required_repository_files_exist[docs/LESSONS.md] PASSED [ 94%]
tests/unit/test_repository_layout.py::test_required_repository_files_exist[docs/decisions.md] PASSED [ 94%]
tests/unit/test_repository_layout.py::test_required_repository_files_exist[docs/session-log.md] PASSED [ 94%]
tests/unit/test_repository_layout.py::test_required_repository_files_exist[Makefile] PASSED [ 94%]
tests/unit/test_repository_layout.py::test_required_repository_files_exist[README.md] PASSED [ 94%]
tests/unit/test_repository_layout.py::test_required_repository_files_exist[CONTRIBUTING.md] PASSED [ 94%]
tests/unit/test_repository_layout.py::test_required_repository_files_exist[CHANGELOG.md] PASSED [ 94%]
tests/unit/test_repository_layout.py::test_stage_two_contexts_carry_no_logic PASSED [ 95%]
tests/unit/test_repository_layout.py::test_no_order_placing_code_exists PASSED [ 95%]
tests/unit/test_secret_hygiene.py::test_no_env_file_is_present_in_the_tree PASSED [ 95%]
tests/unit/test_secret_hygiene.py::test_gitignore_covers_the_patterns_that_matter PASSED [ 95%]
tests/unit/test_secret_hygiene.py::test_the_example_env_file_contains_no_realistic_value PASSED [ 95%]
tests/unit/test_secret_hygiene.py::test_no_source_file_contains_a_credential_shaped_string PASSED [ 95%]
tests/unit/test_secret_hygiene.py::test_ci_scans_full_history_not_just_the_diff PASSED [ 95%]
tests/unit/test_toolchain_config.py::test_python_312_is_required PASSED  [ 95%]
tests/unit/test_toolchain_config.py::test_mypy_is_strict PASSED          [ 95%]
tests/unit/test_toolchain_config.py::test_bare_type_ignore_is_an_error PASSED [ 95%]
tests/unit/test_toolchain_config.py::test_required_ruff_rule_families_are_selected[DTZ-ADR-006: naive datetimes are banned] PASSED [ 96%]
tests/unit/test_toolchain_config.py::test_required_ruff_rule_families_are_selected[FIX-Golden Rules: no TODO or FIXME may survive a merge] PASSED [ 96%]
tests/unit/test_toolchain_config.py::test_required_ruff_rule_families_are_selected[S-security linting is on by default (ADR-020)] PASSED [ 96%]
tests/unit/test_toolchain_config.py::test_required_ruff_rule_families_are_selected[ERA-commented-out code is deleted, not archived in place] PASSED [ 96%]
tests/unit/test_toolchain_config.py::test_required_ruff_rule_families_are_selected[D-docstrings are a Definition of Done requirement] PASSED [ 96%]
tests/unit/test_toolchain_config.py::test_required_ruff_rule_families_are_selected[T20-print statements are not structured logging] PASSED [ 96%]
tests/unit/test_toolchain_config.py::test_required_ruff_rule_families_are_selected[ASYNC-ADR-024: no blocking calls on the event loop] PASSED [ 96%]
tests/unit/test_toolchain_config.py::test_relative_imports_are_banned PASSED [ 96%]
tests/unit/test_toolchain_config.py::test_coverage_gate_matches_the_definition_of_done PASSED [ 96%]
tests/unit/test_toolchain_config.py::test_pytest_is_configured_to_fail_loudly PASSED [ 97%]
tests/unit/test_toolchain_config.py::test_declared_markers_cover_the_test_pyramid PASSED [ 97%]
tests/unit/test_toolchain_config.py::test_every_runtime_dependency_is_pinned_and_accounted_for PASSED [ 97%]
tests/unit/test_toolchain_config.py::test_the_tracing_sdk_is_an_extra_not_a_library_dependency PASSED [ 97%]
tests/unit/test_toolchain_config.py::test_lockfiles_are_committed_and_hash_pinned PASSED [ 97%]
tests/unit/test_toolchain_config.py::test_python_version_is_declared_consistently PASSED [ 97%]
tests/unit/test_toolchain_config.py::test_console_scripts_expose_the_architectural_controls PASSED [ 97%]
tests/unit/test_toolchain_config.py::test_import_linter_covers_every_context PASSED [ 97%]
tests/unit/test_toolchain_config.py::test_precommit_runs_the_same_gates_as_ci PASSED [ 97%]
tests/unit/test_tooling_cli.py::test_boundaries_cli_exits_zero_on_a_clean_tree PASSED [ 97%]
tests/unit/test_tooling_cli.py::test_boundaries_cli_exits_one_and_names_the_offender PASSED [ 98%]
tests/unit/test_tooling_cli.py::test_boundaries_cli_accepts_an_explicit_source_root PASSED [ 98%]
tests/unit/test_tooling_cli.py::test_relative_imports_are_still_resolved PASSED [ 98%]
tests/unit/test_tooling_cli.py::test_star_imports_are_checked PASSED     [ 98%]
tests/unit/test_tooling_cli.py::test_an_overdeep_relative_import_does_not_crash_the_checker PASSED [ 98%]
tests/unit/test_tooling_cli.py::test_importing_a_bare_context_package_is_only_a_matrix_question PASSED [ 98%]
tests/unit/test_tooling_cli.py::test_r5_detects_every_way_of_reading_the_environment[import os\n\nX = os.getenv('DHRUVA_DEBUG')\n] PASSED [ 98%]
tests/unit/test_tooling_cli.py::test_r5_detects_every_way_of_reading_the_environment[import os\n\nX = os.environ['DHRUVA_DEBUG']\n] PASSED [ 98%]
tests/unit/test_tooling_cli.py::test_r5_detects_every_way_of_reading_the_environment[from os import getenv\n\nX = getenv('DHRUVA_DEBUG')\n] PASSED [ 98%]
tests/unit/test_tooling_cli.py::test_r5_detects_every_way_of_reading_the_environment[from os import environ\n] PASSED [ 98%]
tests/unit/test_tooling_cli.py::test_r5_detects_every_way_of_reading_the_environment[import dotenv\n] PASSED [ 99%]
tests/unit/test_tooling_cli.py::test_r5_detects_every_way_of_reading_the_environment[from dotenv import load_dotenv\n] PASSED [ 99%]
tests/unit/test_tooling_cli.py::test_r5_permits_the_configuration_module_itself PASSED [ 99%]
tests/unit/test_tooling_cli.py::test_r5_applies_to_composition_roots_too PASSED [ 99%]
tests/unit/test_tooling_cli.py::test_r5_ignores_unrelated_os_usage PASSED [ 99%]
tests/unit/test_tooling_cli.py::test_adr_cli_exits_zero_on_an_intact_log PASSED [ 99%]
tests/unit/test_tooling_cli.py::test_adr_cli_reports_nothing_to_register_when_current PASSED [ 99%]
tests/unit/test_tooling_cli.py::test_adr_cli_exits_one_on_a_silent_edit PASSED [ 99%]
tests/unit/test_tooling_cli.py::test_adr_cli_refuses_an_update_that_would_overwrite PASSED [ 99%]
tests/unit/test_tooling_cli.py::test_adr_cli_accepts_an_explicit_directory PASSED [100%]

================================== FAILURES ===================================
____________ test_conservative_rounding_never_understates_a_charge ____________

    @given(amount=gen.positive_money(), rate=gen.ratio())
>   def test_conservative_rounding_never_understates_a_charge(amount: Money, rate: Ratio) -> None:
                   ^^^
E   hypothesis.errors.FailedHealthCheck: It looks like this test is filtering out a lot of inputs. 7 inputs were generated successfully, while 50 inputs were filtered out. 
E   
E   An input might be filtered out by calls to assume(), strategy.filter(...), or occasionally by Hypothesis internals.
E   
E   Applying this much filtering makes input generation slow, since Hypothesis must discard inputs which are filtered out and try generating it again. It is also possible that applying this much filtering will distort the domain and/or distribution of the test, leaving your testing less rigorous than expected.
E   
E   If you expect this many inputs to be filtered out during generation, you can disable this health check with @settings(suppress_health_check=[HealthCheck.filter_too_much]). See https://hypothesis.readthedocs.io/en/latest/reference/api.html#hypothesis.HealthCheck for details.

tests\unit\shared\money\test_money.py:256: FailedHealthCheck
--------------------------------- Hypothesis ----------------------------------
You can add @seed(120215652179551848783513431708672102098) to this test or run pytest with --hypothesis-seed=120215652179551848783513431708672102098 to reproduce this failure.
=================================== XPASSES ===================================
=========================== short test summary info ===========================
SKIPPED [5] tests\unit\shared\money\test_value_object_protocol.py:191: scaling by a whole number is a supported operation
XPASS tests/integration/test_repository_correctness.py::test_deadlock_surfaces_as_a_driver_error - Deadlock detection is inherently timing-dependent: PostgreSQL may resolve the cycle before both statements block, in which case neither aborts. Marked non-strict so it records the behaviour without producing a flaky red. Treated as documentation of the expected failure mode rather than a guarantee -- deadlock *retry* is a caller concern and is tested there.
FAILED tests/unit/shared/money/test_money.py::test_conservative_rounding_never_understates_a_charge
===== 1 failed, 963 passed, 5 skipped, 29 deselected, 1 xpassed in 14.84s =====
exit_code: 1
