============================= test session starts =============================
collecting ... collected 2253 items / 29 deselected / 2224 selected

tests/integration/test_audit_log.py::test_an_update_against_the_audit_table_fails PASSED [  0%]
tests/integration/test_audit_log.py::test_a_delete_against_the_audit_table_fails PASSED [  0%]
tests/integration/test_audit_log.py::test_a_truncate_against_the_audit_table_fails PASSED [  0%]
tests/integration/test_audit_log.py::test_an_update_matching_no_rows_raises_nothing PASSED [  0%]
tests/integration/test_audit_log.py::test_recording_writes_the_row_and_stages_the_event_together PASSED [  0%]
tests/integration/test_audit_log.py::test_the_audit_row_and_its_event_share_one_transaction PASSED [  0%]
tests/integration/test_audit_log.py::test_the_published_event_survives_the_wire_format PASSED [  0%]
tests/integration/test_audit_log.py::test_a_blank_actor_or_subject_is_refused_by_the_table[-actor] PASSED [  0%]
tests/integration/test_audit_log.py::test_a_blank_actor_or_subject_is_refused_by_the_table[-subject] PASSED [  0%]
tests/integration/test_audit_log.py::test_a_blank_actor_or_subject_is_refused_by_the_table[   -actor] PASSED [  0%]
tests/integration/test_audit_log.py::test_a_blank_actor_or_subject_is_refused_by_the_table[   -subject] PASSED [  0%]
tests/integration/test_audit_log.py::test_a_blank_actor_or_subject_is_refused_by_the_table[\t-actor] PASSED [  0%]
tests/integration/test_audit_log.py::test_a_blank_actor_or_subject_is_refused_by_the_table[\t-subject] PASSED [  0%]
tests/integration/test_audit_log.py::test_a_missing_required_value_is_refused_by_the_table[account] PASSED [  0%]
tests/integration/test_audit_log.py::test_a_missing_required_value_is_refused_by_the_table[actor] PASSED [  0%]
tests/integration/test_audit_log.py::test_a_missing_required_value_is_refused_by_the_table[correlation] PASSED [  0%]
tests/integration/test_audit_log.py::test_a_record_cannot_predate_the_action_it_records PASSED [  0%]
tests/integration/test_audit_log.py::test_the_table_carries_a_row_level_security_policy PASSED [  0%]
tests/integration/test_audit_log.py::test_everything_under_one_correlation_comes_back_in_order PASSED [  0%]
tests/integration/test_audit_log.py::test_a_read_by_account_does_not_return_another_tenant_s_rows PASSED [  0%]
tests/integration/test_audit_log.py::test_a_record_survives_a_round_trip_through_postgresql PASSED [  0%]
tests/integration/test_authentication_flow.py::test_a_failed_authentication_leaves_a_committed_audit_row PASSED [  0%]
tests/integration/test_authentication_flow.py::test_an_unknown_subject_leaves_a_committed_audit_row PASSED [  1%]
tests/integration/test_authentication_flow.py::test_a_failed_authentication_issues_no_session PASSED [  1%]
tests/integration/test_authentication_flow.py::test_a_successful_login_writes_the_session_the_audit_row_and_the_event PASSED [  1%]
tests/integration/test_authentication_flow.py::test_the_issued_access_token_verifies PASSED [  1%]
tests/integration/test_authentication_flow.py::test_a_session_rotates_and_the_old_token_stops_working PASSED [  1%]
tests/integration/test_authentication_flow.py::test_reuse_revokes_the_lineage_in_the_database PASSED [  1%]
tests/integration/test_authentication_flow.py::test_reuse_is_recorded_distinctly_from_the_error_it_raises PASSED [  1%]
tests/integration/test_authentication_flow.py::test_one_stolen_session_does_not_end_the_others PASSED [  1%]
tests/integration/test_authentication_flow.py::test_a_disabled_principal_cannot_refresh PASSED [  1%]
tests/integration/test_authorisation_store.py::test_a_role_and_its_permission_evidence_survive_a_round_trip PASSED [  1%]
tests/integration/test_authorisation_store.py::test_an_unknown_role_returns_none PASSED [  1%]
tests/integration/test_authorisation_store.py::test_a_concurrent_role_update_is_refused PASSED [  1%]
tests/integration/test_authorisation_store.py::test_an_unassigned_principal_has_no_role PASSED [  1%]
tests/integration/test_authorisation_store.py::test_a_principal_role_is_loaded_with_its_permissions PASSED [  1%]
tests/integration/test_authorisation_store.py::test_a_principal_cannot_hold_two_roles PASSED [  1%]
tests/integration/test_authorisation_store.py::test_a_principal_cannot_borrow_another_tenants_role PASSED [  1%]
tests/integration/test_authorisation_store.py::test_deleting_a_principal_cascades_its_live_assignment PASSED [  1%]
tests/integration/test_authorisation_store.py::test_deleting_a_role_cascades_its_live_assignment PASSED [  1%]
tests/integration/test_authorisation_store.py::test_authority_directory_counts_only_active_enrolled_managers PASSED [  1%]
tests/integration/test_credential_store.py::test_a_credential_survives_a_round_trip_through_postgresql PASSED [  1%]
tests/integration/test_credential_store.py::test_a_read_returns_ciphertext_and_nothing_else PASSED [  1%]
tests/integration/test_credential_store.py::test_an_absent_credential_reads_as_none PASSED [  1%]
tests/integration/test_credential_store.py::test_a_credential_is_findable_by_its_own_identity PASSED [  2%]
tests/integration/test_credential_store.py::test_one_credential_per_broker_per_account PASSED [  2%]
tests/integration/test_credential_store.py::test_two_accounts_may_hold_a_credential_for_the_same_broker PASSED [  2%]
tests/integration/test_credential_store.py::test_a_rotated_credential_persists_and_opens_to_the_new_secret PASSED [  2%]
tests/integration/test_credential_store.py::test_a_lost_update_is_refused PASSED [  2%]
tests/integration/test_credential_store.py::test_the_check_constraint_refuses_a_version_below_one PASSED [  2%]
tests/integration/test_credential_store.py::test_a_ciphertext_moved_between_rows_in_sql_no_longer_opens PASSED [  2%]
tests/integration/test_credential_store.py::test_the_victim_row_still_opens_after_the_theft PASSED [  2%]
tests/integration/test_credential_store.py::test_a_credential_re_parented_in_sql_no_longer_opens PASSED [  2%]
tests/integration/test_credential_store.py::test_the_repository_stages_rather_than_writes PASSED [  2%]
tests/integration/test_credential_store.py::test_the_repository_offers_no_way_to_decrypt PASSED [  2%]
tests/integration/test_daily_market_bars.py::test_daily_bars_are_idempotent_and_queries_are_point_in_time PASSED [  2%]
tests/integration/test_daily_market_bars.py::test_incomplete_latest_bar_is_persisted_but_refused_by_complete_query PASSED [  2%]
tests/integration/test_daily_market_bars.py::test_market_data_unit_of_work_rolls_back_by_default PASSED [  2%]
tests/integration/test_daily_market_bars.py::test_daily_bar_migration_downgrades_reapplies_and_has_no_drift PASSED [  2%]
tests/integration/test_dead_letters.py::test_a_terminal_failure_appears_in_the_dead_letter_queue PASSED [  2%]
tests/integration/test_dead_letters.py::test_a_deliverable_event_is_not_in_the_queue PASSED [  2%]
tests/integration/test_dead_letters.py::test_the_queue_is_listed_oldest_first PASSED [  2%]
tests/integration/test_dead_letters.py::test_the_listing_is_bounded_and_filterable PASSED [  2%]
tests/integration/test_dead_letters.py::test_a_non_positive_limit_is_refused PASSED [  2%]
tests/integration/test_dead_letters.py::test_requeueing_returns_the_event_to_the_queue_with_a_fresh_budget PASSED [  2%]
tests/integration/test_dead_letters.py::test_a_requeued_event_is_actually_delivered_on_the_next_pass PASSED [  2%]
tests/integration/test_dead_letters.py::test_requeueing_a_published_event_is_refused PASSED [  3%]
tests/integration/test_dead_letters.py::test_requeueing_a_live_event_is_refused PASSED [  3%]
tests/integration/test_dead_letters.py::test_requeueing_an_unknown_event_says_so PASSED [  3%]
tests/integration/test_dead_letters.py::test_a_bulk_requeue_is_bounded_and_reports_each_outcome PASSED [  3%]
tests/integration/test_dead_letters.py::test_a_bulk_requeue_reports_refusals_rather_than_failing PASSED [  3%]
tests/integration/test_event_flow_end_to_end.py::test_an_event_reaches_a_consumer_with_every_value_intact PASSED [  3%]
tests/integration/test_event_flow_end_to_end.py::test_the_two_timestamps_stay_distinct_all_the_way_through PASSED [  3%]
tests/integration/test_event_flow_end_to_end.py::test_events_for_one_aggregate_arrive_in_the_order_they_were_committed PASSED [  3%]
tests/integration/test_event_flow_end_to_end.py::test_the_outbox_row_is_marked_only_after_the_broker_has_it PASSED [  3%]
tests/integration/test_event_flow_end_to_end.py::test_a_relay_that_dies_after_publishing_redelivers_rather_than_losing PASSED [  3%]
tests/integration/test_event_flow_end_to_end.py::test_an_unroutable_event_dead_letters_without_reaching_the_broker PASSED [  3%]
tests/integration/test_event_flow_end_to_end.py::test_a_second_pass_over_a_drained_outbox_publishes_nothing PASSED [  3%]
tests/integration/test_idempotency_ledger.py::test_the_first_delivery_is_processed_and_recorded PASSED [  3%]
tests/integration/test_idempotency_ledger.py::test_a_duplicate_delivery_rolls_back_the_side_effect_with_it PASSED [  3%]
tests/integration/test_idempotency_ledger.py::test_two_consumer_groups_each_process_the_same_event PASSED [  3%]
tests/integration/test_idempotency_ledger.py::test_a_replay_run_processes_history_the_live_run_already_processed PASSED [  3%]
tests/integration/test_idempotency_ledger.py::test_a_replay_repeated_twice_processes_history_twice PASSED [  3%]
tests/integration/test_idempotency_ledger.py::test_a_duplicate_inside_one_run_is_still_refused PASSED [  3%]
tests/integration/test_idempotency_ledger.py::test_the_conflict_surfaces_on_the_claim_rather_than_at_commit PASSED [  3%]
tests/integration/test_idempotency_ledger.py::test_pruning_removes_only_rows_older_than_the_cutoff PASSED [  3%]
tests/integration/test_idempotency_ledger.py::test_a_replay_prunes_its_own_run_and_leaves_live_history_alone PASSED [  3%]
tests/integration/test_idempotency_ledger.py::test_a_ledger_without_a_consumer_group_refuses_to_be_built PASSED [  3%]
tests/integration/test_idempotency_ledger.py::test_the_live_run_identifier_cannot_be_generated_by_accident PASSED [  4%]
tests/integration/test_identity_store.py::test_a_principal_survives_a_round_trip PASSED [  4%]
tests/integration/test_identity_store.py::test_a_principal_is_found_by_subject PASSED [  4%]
tests/integration/test_identity_store.py::test_an_unknown_subject_returns_none PASSED [  4%]
tests/integration/test_identity_store.py::test_two_principals_cannot_share_a_subject PASSED [  4%]
tests/integration/test_identity_store.py::test_a_concurrent_update_is_refused PASSED [  4%]
tests/integration/test_identity_store.py::test_enrolment_can_be_written_and_read_back PASSED [  4%]
tests/integration/test_identity_store.py::test_the_subject_cannot_be_changed_by_an_update PASSED [  4%]
tests/integration/test_identity_store.py::test_half_a_sealed_secret_is_refused_by_the_table PASSED [  4%]
tests/integration/test_identity_store.py::test_a_refresh_token_survives_a_round_trip PASSED [  4%]
tests/integration/test_identity_store.py::test_two_tokens_cannot_share_a_hash PASSED [  4%]
tests/integration/test_identity_store.py::test_exactly_one_of_two_simultaneous_rotations_wins PASSED [  4%]
tests/integration/test_identity_store.py::test_revoking_a_lineage_reaches_every_token_in_it PASSED [  4%]
tests/integration/test_identity_store.py::test_revoking_a_lineage_does_not_touch_another PASSED [  4%]
tests/integration/test_identity_store.py::test_revoking_an_already_dead_lineage_revokes_nothing PASSED [  4%]
tests/integration/test_identity_store.py::test_the_first_revocation_instant_is_preserved PASSED [  4%]
tests/integration/test_identity_store.py::test_a_root_token_must_anchor_its_own_lineage PASSED [  4%]
tests/integration/test_identity_store.py::test_a_token_cannot_expire_before_it_is_issued PASSED [  4%]
tests/integration/test_identity_store.py::test_the_table_carries_row_level_security_policies PASSED [  4%]
tests/integration/test_instrument_archive.py::test_archive_round_trips_raw_evidence_and_mapped_facts_idempotently PASSED [  4%]
tests/integration/test_instrument_archive.py::test_same_daily_key_with_changed_source_bytes_fails_closed PASSED [  4%]
tests/integration/test_instrument_archive.py::test_token_turnover_creates_a_revision_not_a_new_contract_identity PASSED [  4%]
tests/integration/test_instrument_archive.py::test_archive_unit_of_work_rolls_back_by_default PASSED [  4%]
tests/integration/test_instrument_archive.py::test_archive_migration_downgrades_and_reapplies_cleanly PASSED [  5%]
tests/integration/test_outbox_relay.py::test_a_staged_event_is_published_and_marked PASSED [  5%]
tests/integration/test_outbox_relay.py::test_an_idle_relay_reports_idle PASSED [  5%]
tests/integration/test_outbox_relay.py::test_a_crash_before_publishing_loses_nothing PASSED [  5%]
tests/integration/test_outbox_relay.py::test_a_crash_after_publishing_redelivers_rather_than_losing PASSED [  5%]
tests/integration/test_outbox_relay.py::test_a_restarted_relay_resumes_from_durable_state PASSED [  5%]
tests/integration/test_outbox_relay.py::test_marking_published_is_idempotent PASSED [  5%]
tests/integration/test_outbox_relay.py::test_a_published_row_is_never_claimed_again PASSED [  5%]
tests/integration/test_outbox_relay.py::test_two_relays_partition_the_work_without_overlap PASSED [  5%]
tests/integration/test_outbox_relay.py::test_a_leased_row_is_invisible_to_another_relay PASSED [  5%]
tests/integration/test_outbox_relay.py::test_an_expired_lease_is_reclaimed_by_another_relay PASSED [  5%]
tests/integration/test_outbox_relay.py::test_a_transient_failure_schedules_a_retry_via_next_attempt_at PASSED [  5%]
tests/integration/test_outbox_relay.py::test_a_row_is_not_retried_before_next_attempt_at PASSED [  5%]
tests/integration/test_outbox_relay.py::test_a_transient_failure_eventually_succeeds PASSED [  5%]
tests/integration/test_outbox_relay.py::test_a_terminal_failure_dead_letters_without_consuming_retries PASSED [  5%]
tests/integration/test_outbox_relay.py::test_retry_exhaustion_leads_to_the_dead_letter_state PASSED [  5%]
tests/integration/test_outbox_relay.py::test_a_dead_lettered_row_is_never_claimed_again PASSED [  5%]
tests/integration/test_outbox_relay.py::test_one_poison_message_does_not_block_the_others PASSED [  5%]
tests/integration/test_outbox_relay.py::test_a_broker_outage_loses_nothing_and_recovers PASSED [  5%]
tests/integration/test_outbox_staging.py::test_a_staged_event_survives_the_commit_that_carried_it PASSED [  5%]
tests/integration/test_outbox_staging.py::test_a_rollback_leaves_no_outbox_row PASSED [  5%]
tests/integration/test_outbox_staging.py::test_the_event_and_the_aggregate_change_share_one_fate PASSED [  5%]
tests/integration/test_outbox_staging.py::test_the_row_carries_the_bitemporal_pair_and_starts_unpublished PASSED [  6%]
tests/integration/test_outbox_staging.py::test_the_event_id_is_unique_across_the_outbox PASSED [  6%]
tests/integration/test_permission_management_flow.py::test_grant_is_durable_with_version_and_audit_in_one_transaction PASSED [  6%]
tests/integration/test_permission_management_flow.py::test_refused_protected_grant_commits_audit_without_mutating_role PASSED [  6%]
tests/integration/test_redis_conformance.py::TestRedisTransportConformance::test_the_adapters_satisfy_the_ports PASSED [  6%]
tests/integration/test_redis_conformance.py::TestRedisTransportConformance::test_an_envelope_arrives_exactly_as_it_was_published PASSED [  6%]
tests/integration/test_redis_conformance.py::TestRedisTransportConformance::test_a_batch_is_reported_envelope_by_envelope PASSED [  6%]
tests/integration/test_redis_conformance.py::TestRedisTransportConformance::test_publication_order_is_delivery_order PASSED [  6%]
tests/integration/test_redis_conformance.py::TestRedisTransportConformance::test_an_idle_stream_returns_nothing_rather_than_blocking PASSED [  6%]
tests/integration/test_redis_conformance.py::TestRedisTransportConformance::test_read_never_returns_more_than_the_limit PASSED [  6%]
tests/integration/test_redis_conformance.py::TestRedisTransportConformance::test_a_non_positive_limit_is_refused PASSED [  6%]
tests/integration/test_redis_conformance.py::TestRedisTransportConformance::test_an_unacknowledged_delivery_is_not_offered_again PASSED [  6%]
tests/integration/test_redis_conformance.py::TestRedisTransportConformance::test_reading_makes_a_delivery_pending_and_acknowledging_clears_it PASSED [  6%]
tests/integration/test_redis_conformance.py::TestRedisTransportConformance::test_acknowledging_twice_reports_nothing_the_second_time PASSED [  6%]
tests/integration/test_redis_conformance.py::TestRedisTransportConformance::test_acknowledging_nothing_is_not_an_error PASSED [  6%]
tests/integration/test_redis_conformance.py::TestRedisTransportConformance::test_a_token_this_stream_did_not_issue_is_refused PASSED [  6%]
tests/integration/test_redis_conformance.py::TestRedisTransportConformance::test_the_ack_token_carries_nothing_a_consumer_can_act_on PASSED [  6%]
tests/integration/test_redis_conformance.py::TestRedisTransportConformance::test_deliveries_are_frozen PASSED [  6%]
tests/integration/test_redis_streams.py::test_an_envelope_survives_the_transport_byte_for_byte PASSED [  6%]
tests/integration/test_redis_streams.py::test_each_aggregate_type_gets_its_own_stream PASSED [  6%]
tests/integration/test_redis_streams.py::test_a_group_created_after_the_fact_still_sees_earlier_events PASSED [  6%]
tests/integration/test_redis_streams.py::test_a_consumer_may_start_before_any_producer PASSED [  6%]
tests/integration/test_redis_streams.py::test_creating_the_group_twice_is_quiet PASSED [  7%]
tests/integration/test_redis_streams.py::test_two_consumers_in_one_group_divide_the_work PASSED [  7%]
tests/integration/test_redis_streams.py::test_separate_groups_each_receive_everything PASSED [  7%]
tests/integration/test_redis_streams.py::test_an_unacknowledged_entry_stays_pending_and_is_not_re_offered PASSED [  7%]
tests/integration/test_redis_streams.py::test_acknowledgement_clears_the_pending_entry PASSED [  7%]
tests/integration/test_redis_streams.py::test_acknowledging_the_same_entry_twice_reports_nothing_the_second_time PASSED [  7%]
tests/integration/test_redis_streams.py::test_pending_sums_across_every_subscribed_stream PASSED [  7%]
tests/integration/test_redis_streams.py::test_a_token_from_another_namespace_is_refused PASSED [  7%]
tests/integration/test_redis_streams.py::test_a_dead_consumers_entries_can_be_reclaimed PASSED [  7%]
tests/integration/test_redis_streams.py::test_a_live_consumers_entries_are_not_taken_from_it PASSED [  7%]
tests/integration/test_redis_streams.py::test_the_client_reconnects_without_the_adapter_noticing PASSED [  7%]
tests/integration/test_redis_streams.py::test_a_malformed_entry_raises_and_stays_recoverable PASSED [  7%]
tests/integration/test_redis_streams.py::test_an_entry_written_by_something_else_is_refused PASSED [  7%]
tests/integration/test_redis_streams.py::test_an_envelope_version_this_consumer_cannot_read_is_refused PASSED [  7%]
tests/integration/test_redis_streams.py::test_an_unroutable_aggregate_type_never_reaches_redis PASSED [  7%]
tests/integration/test_redis_streams.py::test_publishing_the_same_envelope_twice_produces_two_entries PASSED [  7%]
tests/integration/test_redis_streams.py::test_the_stream_is_trimmed_to_the_configured_length PASSED [  7%]
tests/integration/test_redis_streams.py::test_trimming_never_discards_an_entry_a_consumer_is_holding PASSED [  7%]
tests/integration/test_reference_watchlist.py::test_owner_universe_round_trips_and_is_idempotent PASSED [  7%]
tests/integration/test_reference_watchlist.py::test_point_in_time_query_cannot_see_a_later_correction PASSED [  7%]
tests/integration/test_reference_watchlist.py::test_source_revision_reuse_with_changed_content_fails_closed PASSED [  7%]
tests/integration/test_reference_watchlist.py::test_watchlist_is_tenant_scoped PASSED [  7%]
tests/integration/test_reference_watchlist.py::test_reference_unit_of_work_rolls_back_by_default PASSED [  8%]
tests/integration/test_reference_watchlist.py::test_reference_migration_downgrades_and_reapplies_cleanly PASSED [  8%]
tests/integration/test_reference_watchlist.py::test_reference_metadata_has_no_autogenerate_drift PASSED [  8%]
tests/integration/test_replay_conformance.py::TestReplayTransportConformance::test_the_adapters_satisfy_the_ports PASSED [  8%]
tests/integration/test_replay_conformance.py::TestReplayTransportConformance::test_an_envelope_arrives_exactly_as_it_was_published PASSED [  8%]
tests/integration/test_replay_conformance.py::TestReplayTransportConformance::test_a_batch_is_reported_envelope_by_envelope PASSED [  8%]
tests/integration/test_replay_conformance.py::TestReplayTransportConformance::test_publication_order_is_delivery_order PASSED [  8%]
tests/integration/test_replay_conformance.py::TestReplayTransportConformance::test_an_idle_stream_returns_nothing_rather_than_blocking PASSED [  8%]
tests/integration/test_replay_conformance.py::TestReplayTransportConformance::test_read_never_returns_more_than_the_limit PASSED [  8%]
tests/integration/test_replay_conformance.py::TestReplayTransportConformance::test_a_non_positive_limit_is_refused PASSED [  8%]
tests/integration/test_replay_conformance.py::TestReplayTransportConformance::test_an_unacknowledged_delivery_is_not_offered_again PASSED [  8%]
tests/integration/test_replay_conformance.py::TestReplayTransportConformance::test_reading_makes_a_delivery_pending_and_acknowledging_clears_it PASSED [  8%]
tests/integration/test_replay_conformance.py::TestReplayTransportConformance::test_acknowledging_twice_reports_nothing_the_second_time PASSED [  8%]
tests/integration/test_replay_conformance.py::TestReplayTransportConformance::test_acknowledging_nothing_is_not_an_error PASSED [  8%]
tests/integration/test_replay_conformance.py::TestReplayTransportConformance::test_a_token_this_stream_did_not_issue_is_refused PASSED [  8%]
tests/integration/test_replay_conformance.py::TestReplayTransportConformance::test_the_ack_token_carries_nothing_a_consumer_can_act_on PASSED [  8%]
tests/integration/test_replay_conformance.py::TestReplayTransportConformance::test_deliveries_are_frozen PASSED [  8%]
tests/integration/test_replay_stream.py::test_an_event_recorded_after_the_bound_is_unreachable PASSED [  8%]
tests/integration/test_replay_stream.py::test_the_bound_is_inclusive_of_its_own_instant PASSED [  8%]
tests/integration/test_replay_stream.py::test_occurred_at_does_not_widen_the_bound PASSED [  8%]
tests/integration/test_replay_stream.py::test_a_naive_bound_is_refused PASSED [  8%]
tests/integration/test_replay_stream.py::test_events_arrive_in_total_sequence_order PASSED [  8%]
tests/integration/test_replay_stream.py::test_reading_advances_a_cursor_rather_than_repeating PASSED [  8%]
tests/integration/test_replay_stream.py::test_remaining_counts_what_is_still_ahead PASSED [  9%]
tests/integration/test_replay_stream.py::test_a_non_positive_limit_is_refused PASSED [  9%]
tests/integration/test_replay_stream.py::test_acknowledging_clears_what_reading_made_pending PASSED [  9%]
tests/integration/test_replay_stream.py::test_acknowledging_twice_reports_nothing_the_second_time PASSED [  9%]
tests/integration/test_replay_stream.py::test_acknowledging_writes_nothing_to_the_outbox PASSED [  9%]
tests/integration/test_replay_stream.py::test_a_token_this_stream_did_not_issue_is_refused PASSED [  9%]
tests/integration/test_replay_stream.py::test_the_ack_token_is_the_streams_own_type PASSED [  9%]
tests/integration/test_replay_stream.py::test_an_envelope_version_this_consumer_cannot_read_is_refused PASSED [  9%]
tests/integration/test_replay_stream.py::test_a_supported_version_passes_through_unchanged PASSED [  9%]
tests/integration/test_repository_correctness.py::test_money_and_price_survive_a_real_round_trip PASSED [  9%]
tests/integration/test_repository_correctness.py::test_a_currency_derivative_price_survives_storage PASSED [  9%]
tests/integration/test_repository_correctness.py::test_a_rolled_back_transaction_leaves_nothing PASSED [  9%]
tests/integration/test_repository_correctness.py::test_the_second_of_two_concurrent_writers_is_refused PASSED [  9%]
tests/integration/test_repository_correctness.py::test_a_conflict_reports_which_version_it_expected PASSED [  9%]
tests/integration/test_repository_correctness.py::test_deadlock_surfaces_as_a_driver_error XPASS [  9%]
tests/integration/test_repository_correctness.py::test_repeated_adds_of_the_same_natural_key_are_refused PASSED [  9%]
tests/integration/test_repository_correctness.py::test_the_default_isolation_level_is_read_committed PASSED [  9%]
tests/integration/test_repository_correctness.py::test_an_uncommitted_write_is_invisible_to_another_session PASSED [  9%]
tests/integration/test_repository_correctness.py::test_the_database_refuses_values_the_domain_would_refuse[turnover_minor_units--1-ck_daily_snapshot_turnover] PASSED [  9%]
tests/integration/test_repository_correctness.py::test_the_database_refuses_values_the_domain_would_refuse[close_scaled_units-0-ck_daily_snapshot_close] PASSED [  9%]
tests/integration/test_repository_correctness.py::test_the_database_refuses_values_the_domain_would_refuse[version-0-ck_daily_snapshot_version] PASSED [  9%]
tests/integration/test_rls_scaffolding.py::test_every_tenant_owned_table_has_enabled_rls_and_a_policy PASSED [  9%]
tests/integration/test_rls_scaffolding.py::test_restrictive_policy_denies_missing_and_cross_tenant_context PASSED [ 10%]
tests/integration/test_rls_scaffolding.py::test_tenant_context_is_transaction_local_across_pool_reuse_and_rollback PASSED [ 10%]
tests/integration/test_timeseries_storage.py::test_appended_rows_are_readable_with_their_values_intact PASSED [ 10%]
tests/integration/test_timeseries_storage.py::test_an_empty_batch_is_a_no_op PASSED [ 10%]
tests/integration/test_timeseries_storage.py::test_a_table_off_the_allowlist_is_refused PASSED [ 10%]
tests/integration/test_timeseries_storage.py::test_an_identifier_that_is_not_a_plain_name_is_refused_at_construction[example_tick; DROP TABLE daily_snapshot] PASSED [ 10%]
tests/integration/test_timeseries_storage.py::test_an_identifier_that_is_not_a_plain_name_is_refused_at_construction[Example_Tick] PASSED [ 10%]
tests/integration/test_timeseries_storage.py::test_an_identifier_that_is_not_a_plain_name_is_refused_at_construction[] PASSED [ 10%]
tests/integration/test_timeseries_storage.py::test_a_row_missing_a_column_is_refused_before_any_write PASSED [ 10%]
tests/integration/test_timeseries_storage.py::test_the_check_constraint_still_applies_on_this_path PASSED [ 10%]
tests/unit/api/test_observability_endpoints.py::test_health_is_alive_and_names_the_build PASSED [ 10%]
tests/unit/api/test_observability_endpoints.py::test_health_never_consults_dependencies PASSED [ 10%]
tests/unit/api/test_observability_endpoints.py::test_ready_reports_a_per_dependency_breakdown PASSED [ 10%]
tests/unit/api/test_observability_endpoints.py::test_ready_is_200_when_no_dependencies_are_declared PASSED [ 10%]
tests/unit/api/test_observability_endpoints.py::test_metrics_serves_prometheus_exposition PASSED [ 10%]
tests/unit/api/test_observability_endpoints.py::test_requests_are_counted_by_endpoint_and_status PASSED [ 10%]
tests/unit/api/test_observability_endpoints.py::test_a_correlation_id_is_generated_when_absent PASSED [ 10%]
tests/unit/api/test_observability_endpoints.py::test_an_inbound_correlation_id_is_honoured PASSED [ 10%]
tests/unit/api/test_observability_endpoints.py::test_no_business_surface_is_exposed PASSED [ 10%]
tests/unit/api/test_observability_endpoints.py::test_a_failing_check_does_not_leak_a_connection_string PASSED [ 10%]
tests/unit/api/test_observability_endpoints.py::test_the_entrypoint_wires_bootstrap_to_the_server PASSED [ 10%]
tests/unit/audit/test_audit_record.py::test_the_audited_actions_are_the_plan_s_four_plus_the_one_adr_071_added PASSED [ 10%]
tests/unit/audit/test_audit_record.py::test_a_credential_read_is_the_only_audited_read PASSED [ 11%]
tests/unit/audit/test_audit_record.py::test_an_outcome_is_binary PASSED  [ 11%]
tests/unit/audit/test_audit_record.py::test_a_failed_action_is_still_a_record PASSED [ 11%]
tests/unit/audit/test_audit_record.py::test_a_record_cannot_be_edited PASSED [ 11%]
tests/unit/audit/test_audit_record.py::test_no_field_can_carry_arbitrary_structured_data PASSED [ 11%]
tests/unit/audit/test_audit_record.py::test_a_record_must_name_an_actor[] PASSED [ 11%]
tests/unit/audit/test_audit_record.py::test_a_record_must_name_an_actor[   ] PASSED [ 11%]
tests/unit/audit/test_audit_record.py::test_a_record_must_name_an_actor[\t] PASSED [ 11%]
tests/unit/audit/test_audit_record.py::test_a_record_must_name_a_subject[] PASSED [ 11%]
tests/unit/audit/test_audit_record.py::test_a_record_must_name_a_subject[   ] PASSED [ 11%]
tests/unit/audit/test_audit_record.py::test_both_timestamps_must_be_timezone_aware[occurred_at] PASSED [ 11%]
tests/unit/audit/test_audit_record.py::test_both_timestamps_must_be_timezone_aware[recorded_at] PASSED [ 11%]
tests/unit/audit/test_audit_record.py::test_the_platform_cannot_record_an_action_before_it_happened PASSED [ 11%]
tests/unit/audit/test_audit_record.py::test_recording_later_than_the_action_is_normal PASSED [ 11%]
tests/unit/audit/test_audit_record.py::test_a_record_carries_its_tenant_and_its_correlation PASSED [ 11%]
tests/unit/audit/test_audit_record.py::test_two_records_describing_the_same_event_are_equal PASSED [ 11%]
tests/unit/audit/test_audit_recorder.py::test_recording_writes_the_row_and_stages_the_event PASSED [ 11%]
tests/unit/audit/test_audit_recorder.py::test_the_row_and_the_event_carry_the_same_identity PASSED [ 11%]
tests/unit/audit/test_audit_recorder.py::test_the_event_describes_the_record_that_was_written PASSED [ 11%]
tests/unit/audit/test_audit_recorder.py::test_the_event_occurred_when_the_action_did_not_when_it_was_recorded PASSED [ 11%]
tests/unit/audit/test_audit_recorder.py::test_the_event_is_routed_by_a_stated_aggregate_type PASSED [ 11%]
tests/unit/audit/test_audit_recorder.py::test_each_record_gets_its_own_identity PASSED [ 11%]
tests/unit/audit/test_audit_recorder.py::test_a_failed_insert_stages_no_event PASSED [ 12%]
tests/unit/audit/test_audit_recorder.py::test_the_event_cannot_carry_arbitrary_structured_data PASSED [ 12%]
tests/unit/audit/test_audit_recorder.py::test_the_event_is_immutable PASSED [ 12%]
tests/unit/crypto/test_credential_secrets.py::test_a_credential_round_trips PASSED [ 12%]
tests/unit/crypto/test_credential_secrets.py::test_an_opened_credential_is_registered_for_redaction PASSED [ 12%]
tests/unit/crypto/test_credential_secrets.py::test_a_ciphertext_lifted_into_another_record_will_not_open PASSED [ 12%]
tests/unit/crypto/test_credential_secrets.py::test_a_credential_re_parented_to_another_account_will_not_open PASSED [ 12%]
tests/unit/crypto/test_credential_secrets.py::test_a_credential_relabelled_to_another_broker_will_not_open PASSED [ 12%]
tests/unit/crypto/test_credential_secrets.py::test_another_master_key_cannot_open_a_credential PASSED [ 12%]
tests/unit/crypto/test_credential_secrets.py::test_opening_offers_no_way_to_supply_a_binding PASSED [ 12%]
tests/unit/crypto/test_credential_secrets.py::test_opening_requires_a_key_provider PASSED [ 12%]
tests/unit/crypto/test_credential_secrets.py::test_a_credential_that_is_not_utf8_is_a_data_quality_fault PASSED [ 12%]
tests/unit/crypto/test_envelope.py::test_the_adapter_satisfies_the_key_provider_port PASSED [ 12%]
tests/unit/crypto/test_envelope.py::test_a_wrapped_key_round_trips PASSED [ 12%]
tests/unit/crypto/test_envelope.py::test_wrapping_never_returns_the_input PASSED [ 12%]
tests/unit/crypto/test_envelope.py::test_wrapping_the_same_key_twice_produces_different_ciphertext PASSED [ 12%]
tests/unit/crypto/test_envelope.py::test_the_key_provider_port_takes_no_associated_data PASSED [ 12%]
tests/unit/crypto/test_envelope.py::test_a_secret_round_trips_through_the_envelope PASSED [ 12%]
tests/unit/crypto/test_envelope.py::test_the_envelope_is_byte_exact[empty] PASSED [ 12%]
tests/unit/crypto/test_envelope.py::test_the_envelope_is_byte_exact[null-byte] PASSED [ 12%]
tests/unit/crypto/test_envelope.py::test_the_envelope_is_byte_exact[long] PASSED [ 12%]
tests/unit/crypto/test_envelope.py::test_the_envelope_is_byte_exact[non-ascii] PASSED [ 12%]
tests/unit/crypto/test_envelope.py::test_each_credential_gets_its_own_data_key PASSED [ 12%]
tests/unit/crypto/test_envelope.py::test_the_stored_row_holds_neither_the_master_key_nor_a_plaintext_data_key PASSED [ 13%]
tests/unit/crypto/test_envelope.py::test_the_encrypted_secret_is_frozen PASSED [ 13%]
tests/unit/crypto/test_envelope.py::test_a_ciphertext_will_not_open_under_a_different_binding PASSED [ 13%]
tests/unit/crypto/test_envelope.py::test_the_binding_is_not_stored_alongside_the_ciphertext PASSED [ 13%]
tests/unit/crypto/test_envelope.py::test_the_same_plaintext_under_two_bindings_gives_two_ciphertexts PASSED [ 13%]
tests/unit/crypto/test_envelope.py::test_an_empty_binding_is_a_binding_and_not_an_absent_one PASSED [ 13%]
tests/unit/crypto/test_envelope.py::test_the_binding_cannot_be_passed_positionally PASSED [ 13%]
tests/unit/crypto/test_envelope.py::test_the_binding_cannot_be_omitted PASSED [ 13%]
tests/unit/crypto/test_envelope.py::test_a_tampered_ciphertext_is_refused PASSED [ 13%]
tests/unit/crypto/test_envelope.py::test_a_tampered_wrapped_key_is_refused PASSED [ 13%]
tests/unit/crypto/test_envelope.py::test_a_ciphertext_moved_between_records_is_refused PASSED [ 13%]
tests/unit/crypto/test_envelope.py::test_another_master_key_cannot_open_the_envelope PASSED [ 13%]
tests/unit/crypto/test_envelope.py::test_a_truncated_value_is_refused_rather_than_indexed[empty] PASSED [ 13%]
tests/unit/crypto/test_envelope.py::test_a_truncated_value_is_refused_rather_than_indexed[one-byte] PASSED [ 13%]
tests/unit/crypto/test_envelope.py::test_a_truncated_value_is_refused_rather_than_indexed[nonce-only] PASSED [ 13%]
tests/unit/crypto/test_envelope.py::test_refusal_reports_nothing_about_the_key PASSED [ 13%]
tests/unit/crypto/test_envelope.py::test_a_binding_mismatch_is_indistinguishable_from_a_tampered_ciphertext PASSED [ 13%]
tests/unit/crypto/test_envelope.py::test_a_placeholder_master_key_is_refused PASSED [ 13%]
tests/unit/crypto/test_envelope.py::test_a_master_key_of_the_wrong_length_is_refused[16-bytes] PASSED [ 13%]
tests/unit/crypto/test_envelope.py::test_a_master_key_of_the_wrong_length_is_refused[24-bytes] PASSED [ 13%]
tests/unit/crypto/test_envelope.py::test_a_master_key_of_the_wrong_length_is_refused[31-bytes] PASSED [ 13%]
tests/unit/crypto/test_envelope.py::test_a_master_key_of_the_wrong_length_is_refused[33-bytes] PASSED [ 13%]
tests/unit/crypto/test_envelope.py::test_a_master_key_of_the_wrong_length_is_refused[64-bytes] PASSED [ 14%]
tests/unit/crypto/test_envelope.py::test_a_master_key_that_is_not_base64_is_refused PASSED [ 14%]
tests/unit/crypto/test_envelope.py::test_the_configuration_failure_does_not_carry_the_key PASSED [ 14%]
tests/unit/crypto/test_envelope.py::test_a_misconfigured_process_fails_at_construction_not_at_first_use PASSED [ 14%]
tests/unit/identity/test_authenticate.py::test_a_correct_password_issues_a_session PASSED [ 14%]
tests/unit/identity/test_authenticate.py::test_authentication_metrics_cover_success_refusal_and_error_without_subjects PASSED [ 14%]
tests/unit/identity/test_authenticate.py::test_the_refresh_token_is_stored_as_a_digest_not_a_secret PASSED [ 14%]
tests/unit/identity/test_authenticate.py::test_a_fresh_login_anchors_its_own_lineage PASSED [ 14%]
tests/unit/identity/test_authenticate.py::test_a_success_is_audited_and_committed PASSED [ 14%]
tests/unit/identity/test_authenticate.py::test_every_failure_is_recorded_and_committed[unknown-unknown-subject] PASSED [ 14%]
tests/unit/identity/test_authenticate.py::test_every_failure_is_recorded_and_committed[wrong-password-wrong-password] PASSED [ 14%]
tests/unit/identity/test_authenticate.py::test_every_failure_is_recorded_and_committed[disabled-disabled-principal] PASSED [ 14%]
tests/unit/identity/test_authenticate.py::test_every_failure_looks_identical_to_the_caller[unknown] PASSED [ 14%]
tests/unit/identity/test_authenticate.py::test_every_failure_looks_identical_to_the_caller[wrong-password] PASSED [ 14%]
tests/unit/identity/test_authenticate.py::test_every_failure_looks_identical_to_the_caller[disabled] PASSED [ 14%]
tests/unit/identity/test_authenticate.py::test_an_unknown_subject_still_pays_for_a_verification PASSED [ 14%]
tests/unit/identity/test_authenticate.py::test_a_disabled_principal_also_pays_for_a_verification PASSED [ 14%]
tests/unit/identity/test_authenticate.py::test_an_unknown_subject_is_audited_against_the_reserved_account PASSED [ 14%]
tests/unit/identity/test_authenticate.py::test_the_attempted_subject_is_recorded_so_a_pattern_is_visible PASSED [ 14%]
tests/unit/identity/test_authenticate.py::test_a_blank_subject_is_audited_rather_than_crashing PASSED [ 14%]
tests/unit/identity/test_authenticate.py::test_a_failed_authentication_issues_no_refresh_token PASSED [ 14%]
tests/unit/identity/test_authenticate.py::test_one_authentication_is_one_transaction PASSED [ 14%]
tests/unit/identity/test_authorisation.py::test_a_role_with_nothing_granted_may_do_nothing PASSED [ 15%]
tests/unit/identity/test_authorisation.py::test_a_permission_is_granted_only_by_being_named PASSED [ 15%]
tests/unit/identity/test_authorisation.py::test_a_role_granted_every_other_permission_still_cannot_place_an_order PASSED [ 15%]
tests/unit/identity/test_authorisation.py::test_the_permission_set_is_exactly_what_the_accepted_design_names PASSED [ 15%]
tests/unit/identity/test_authorisation.py::test_order_placement_cannot_be_granted_without_enrolled_totp PASSED [ 15%]
tests/unit/identity/test_authorisation.py::test_order_placement_may_be_granted_once_totp_is_enrolled PASSED [ 15%]
tests/unit/identity/test_authorisation.py::test_every_two_factor_permission_is_refused_without_enrolment PASSED [ 15%]
tests/unit/identity/test_authorisation.py::test_a_role_cannot_be_edited PASSED [ 15%]
tests/unit/identity/test_authorisation.py::test_a_role_must_have_a_storable_name_and_version PASSED [ 15%]
tests/unit/identity/test_authorisation.py::test_a_live_permission_cannot_predate_its_role PASSED [ 15%]
tests/unit/identity/test_authorisation.py::test_a_role_cannot_hold_two_live_rows_for_one_permission PASSED [ 15%]
tests/unit/identity/test_authorisation.py::test_a_verdict_must_permit_or_refuse_but_never_both PASSED [ 15%]
tests/unit/identity/test_credentials.py::test_the_binding_is_deterministic PASSED [ 15%]
tests/unit/identity/test_credentials.py::test_the_binding_carries_a_scheme_version PASSED [ 15%]
tests/unit/identity/test_credentials.py::test_changing_any_bound_fact_changes_the_binding[credential-id] PASSED [ 15%]
tests/unit/identity/test_credentials.py::test_changing_any_bound_fact_changes_the_binding[account-id] PASSED [ 15%]
tests/unit/identity/test_credentials.py::test_changing_any_bound_fact_changes_the_binding[broker] PASSED [ 15%]
tests/unit/identity/test_credentials.py::test_the_identifiers_contribute_their_typed_form_not_a_bare_uuid PASSED [ 15%]
tests/unit/identity/test_credentials.py::test_two_different_records_never_share_a_binding PASSED [ 15%]
tests/unit/identity/test_credentials.py::test_an_unsafe_broker_name_cannot_be_bound[empty] PASSED [ 15%]
tests/unit/identity/test_credentials.py::test_an_unsafe_broker_name_cannot_be_bound[uppercase] PASSED [ 15%]
tests/unit/identity/test_credentials.py::test_an_unsafe_broker_name_cannot_be_bound[space] PASSED [ 15%]
tests/unit/identity/test_credentials.py::test_an_unsafe_broker_name_cannot_be_bound[separator] PASSED [ 16%]
tests/unit/identity/test_credentials.py::test_an_unsafe_broker_name_cannot_be_bound[non-ascii] PASSED [ 16%]
tests/unit/identity/test_credentials.py::test_an_unsafe_broker_name_cannot_be_bound[punctuation] PASSED [ 16%]
tests/unit/identity/test_credentials.py::test_a_credential_exposes_its_own_binding PASSED [ 16%]
tests/unit/identity/test_credentials.py::test_a_credential_is_frozen PASSED [ 16%]
tests/unit/identity/test_credentials.py::test_a_credential_has_no_accessor_returning_a_plaintext PASSED [ 16%]
tests/unit/identity/test_credentials.py::test_an_unstorable_credential_is_refused[uppercase-broker] PASSED [ 16%]
tests/unit/identity/test_credentials.py::test_an_unstorable_credential_is_refused[overlong-broker] PASSED [ 16%]
tests/unit/identity/test_credentials.py::test_an_unstorable_credential_is_refused[no-ciphertext] PASSED [ 16%]
tests/unit/identity/test_credentials.py::test_an_unstorable_credential_is_refused[no-wrapped-key] PASSED [ 16%]
tests/unit/identity/test_credentials.py::test_an_unstorable_credential_is_refused[zero-key-version] PASSED [ 16%]
tests/unit/identity/test_credentials.py::test_an_unstorable_credential_is_refused[zero-version] PASSED [ 16%]
tests/unit/identity/test_credentials.py::test_an_unstorable_credential_is_refused[naive-timestamp] PASSED [ 16%]
tests/unit/identity/test_credentials.py::test_an_unstorable_credential_is_refused[updated-before-created] PASSED [ 16%]
tests/unit/identity/test_credentials.py::test_a_naive_rotation_timestamp_is_refused PASSED [ 16%]
tests/unit/identity/test_credentials.py::test_resealing_advances_the_version_and_leaves_the_original_alone PASSED [ 16%]
tests/unit/identity/test_credentials.py::test_resealing_keeps_the_key_version_unless_the_master_key_changed PASSED [ 16%]
tests/unit/identity/test_credentials.py::test_a_rotation_cannot_predate_the_last_write PASSED [ 16%]
tests/unit/identity/test_credentials.py::test_a_rotation_time_must_be_timezone_aware PASSED [ 16%]
tests/unit/identity/test_credentials.py::test_the_credential_module_imports_no_cipher_and_no_persistence_framework PASSED [ 16%]
tests/unit/identity/test_identity_metrics.py::test_metric_names_and_labels_are_closed_and_bounded PASSED [ 16%]
tests/unit/identity/test_identity_metrics.py::test_metric_exposition_contains_no_identity_or_secret_material PASSED [ 16%]
tests/unit/identity/test_jwt_issuer.py::test_minted_claims_survive_verification PASSED [ 16%]
tests/unit/identity/test_jwt_issuer.py::test_the_token_is_opaque_but_not_encrypted PASSED [ 17%]
tests/unit/identity/test_jwt_issuer.py::test_an_unsigned_token_is_refused PASSED [ 17%]
tests/unit/identity/test_jwt_issuer.py::test_a_token_signed_with_another_key_is_refused PASSED [ 17%]
tests/unit/identity/test_jwt_issuer.py::test_a_tampered_payload_is_refused PASSED [ 17%]
tests/unit/identity/test_jwt_issuer.py::test_a_malformed_token_is_refused[] PASSED [ 17%]
tests/unit/identity/test_jwt_issuer.py::test_a_malformed_token_is_refused[not-a-token] PASSED [ 17%]
tests/unit/identity/test_jwt_issuer.py::test_a_malformed_token_is_refused[a.b] PASSED [ 17%]
tests/unit/identity/test_jwt_issuer.py::test_a_malformed_token_is_refused[a.b.c.d] PASSED [ 17%]
tests/unit/identity/test_jwt_issuer.py::test_a_malformed_token_is_refused[eyJhbGciOiJIUzI1NiJ9..] PASSED [ 17%]
tests/unit/identity/test_jwt_issuer.py::test_a_malformed_token_is_refused[...] PASSED [ 17%]
tests/unit/identity/test_jwt_issuer.py::test_a_token_from_another_issuer_is_refused PASSED [ 17%]
tests/unit/identity/test_jwt_issuer.py::test_a_token_missing_a_required_claim_is_refused[iss] PASSED [ 17%]
tests/unit/identity/test_jwt_issuer.py::test_a_token_missing_a_required_claim_is_refused[sub] PASSED [ 17%]
tests/unit/identity/test_jwt_issuer.py::test_a_token_missing_a_required_claim_is_refused[acc] PASSED [ 17%]
tests/unit/identity/test_jwt_issuer.py::test_a_token_missing_a_required_claim_is_refused[exp] PASSED [ 17%]
tests/unit/identity/test_jwt_issuer.py::test_a_non_numeric_expiry_is_refused PASSED [ 17%]
tests/unit/identity/test_jwt_issuer.py::test_a_malformed_account_claim_is_refused PASSED [ 17%]
tests/unit/identity/test_jwt_issuer.py::test_an_expired_token_is_refused_according_to_the_injected_clock PASSED [ 17%]
tests/unit/identity/test_jwt_issuer.py::test_a_token_is_valid_up_to_and_including_its_expiry PASSED [ 17%]
tests/unit/identity/test_jwt_issuer.py::test_expiry_does_not_consult_the_wall_clock PASSED [ 17%]
tests/unit/identity/test_jwt_issuer.py::test_a_short_signing_key_is_refused_at_construction PASSED [ 17%]
tests/unit/identity/test_jwt_issuer.py::test_a_key_of_exactly_the_minimum_is_accepted PASSED [ 17%]
tests/unit/identity/test_manage_permissions.py::test_grant_updates_role_version_and_commits_an_attributed_audit PASSED [ 18%]
tests/unit/identity/test_manage_permissions.py::test_authorisation_metrics_cover_success_refusal_and_error_without_actor_data PASSED [ 18%]
tests/unit/identity/test_manage_permissions.py::test_revoke_updates_role_without_retrying PASSED [ 18%]
tests/unit/identity/test_manage_permissions.py::test_actor_preconditions_fail_closed_and_commit_refusal[missing-actor_not_found] PASSED [ 18%]
tests/unit/identity/test_manage_permissions.py::test_actor_preconditions_fail_closed_and_commit_refusal[cross_tenant-cross_tenant_actor] PASSED [ 18%]
tests/unit/identity/test_manage_permissions.py::test_actor_preconditions_fail_closed_and_commit_refusal[disabled-disabled_actor] PASSED [ 18%]
tests/unit/identity/test_manage_permissions.py::test_actor_preconditions_fail_closed_and_commit_refusal[no_totp-actor_totp_not_enrolled] PASSED [ 18%]
tests/unit/identity/test_manage_permissions.py::test_actor_preconditions_fail_closed_and_commit_refusal[no_authority-actor_lacks_management_permission] PASSED [ 18%]
tests/unit/identity/test_manage_permissions.py::test_missing_target_role_is_audited_before_typed_error PASSED [ 18%]
tests/unit/identity/test_manage_permissions.py::test_management_permission_cannot_be_granted_to_actors_current_role PASSED [ 18%]
tests/unit/identity/test_manage_permissions.py::test_protected_grant_checks_every_holder_including_disabled_principals PASSED [ 18%]
tests/unit/identity/test_manage_permissions.py::test_protected_permission_may_be_granted_to_an_empty_role PASSED [ 18%]
tests/unit/identity/test_manage_permissions.py::test_duplicate_grant_and_missing_revoke_are_audited_conflicts PASSED [ 18%]
tests/unit/identity/test_manage_permissions.py::test_last_authorised_administrator_cannot_be_removed PASSED [ 18%]
tests/unit/identity/test_manage_permissions.py::test_own_management_role_may_be_revoked_when_another_eligible_manager_remains PASSED [ 18%]
tests/unit/identity/test_manage_permissions.py::test_optimistic_conflict_is_not_retried_and_its_refusal_is_committed PASSED [ 18%]
tests/unit/identity/test_password_hasher.py::test_a_password_verifies_against_its_own_hash PASSED [ 18%]
tests/unit/identity/test_password_hasher.py::test_a_wrong_password_does_not_verify PASSED [ 18%]
tests/unit/identity/test_password_hasher.py::test_a_wrong_password_is_an_answer_rather_than_an_exception PASSED [ 18%]
tests/unit/identity/test_password_hasher.py::test_the_same_password_hashes_differently_every_time PASSED [ 18%]
tests/unit/identity/test_password_hasher.py::test_the_hash_is_not_the_password PASSED [ 18%]
tests/unit/identity/test_password_hasher.py::test_the_encoded_form_is_self_describing PASSED [ 18%]
tests/unit/identity/test_password_hasher.py::test_an_unreadable_stored_hash_verifies_as_false[not-a-hash] PASSED [ 19%]
tests/unit/identity/test_password_hasher.py::test_an_unreadable_stored_hash_verifies_as_false[$argon2id$broken] PASSED [ 19%]
tests/unit/identity/test_password_hasher.py::test_an_unreadable_stored_hash_verifies_as_false[$unknown$v=19$m=1,t=1,p=1$c2FsdA$aGFzaA] PASSED [ 19%]
tests/unit/identity/test_password_hasher.py::test_verify_nothing_never_raises_and_never_succeeds PASSED [ 19%]
tests/unit/identity/test_password_hasher.py::test_nothing_verifies_against_the_dummy_hash PASSED [ 19%]
tests/unit/identity/test_password_hasher.py::test_a_hash_reaching_a_log_line_is_redacted PASSED [ 19%]
tests/unit/identity/test_password_hasher.py::test_the_password_itself_is_a_secret_value_throughout PASSED [ 19%]
tests/unit/identity/test_ports.py::test_a_conforming_object_satisfies_the_key_provider_port PASSED [ 19%]
tests/unit/identity/test_ports.py::test_a_conforming_object_satisfies_the_token_issuer_port PASSED [ 19%]
tests/unit/identity/test_ports.py::test_the_role_fake_satisfies_the_role_store_port PASSED [ 19%]
tests/unit/identity/test_ports.py::test_each_fake_unit_of_work_owns_its_role_state PASSED [ 19%]
tests/unit/identity/test_ports.py::test_the_role_fake_models_missing_assignment_add_update_and_lookup PASSED [ 19%]
tests/unit/identity/test_ports.py::test_an_object_missing_a_method_does_not_satisfy_the_port PASSED [ 19%]
tests/unit/identity/test_ports.py::test_verification_takes_a_clock_rather_than_reading_one PASSED [ 19%]
tests/unit/identity/test_ports.py::test_claims_cannot_be_edited_after_verification PASSED [ 19%]
tests/unit/identity/test_ports.py::test_the_ports_import_no_cryptographic_or_token_library PASSED [ 19%]
tests/unit/identity/test_principals.py::test_a_password_hash_never_renders_its_value[str] PASSED [ 19%]
tests/unit/identity/test_principals.py::test_a_password_hash_never_renders_its_value[repr] PASSED [ 19%]
tests/unit/identity/test_principals.py::test_a_password_hash_never_renders_its_value[format] PASSED [ 19%]
tests/unit/identity/test_principals.py::test_a_password_hash_never_renders_its_value[<lambda>] PASSED [ 19%]
tests/unit/identity/test_principals.py::test_a_password_hash_still_exposes_its_value_deliberately PASSED [ 19%]
tests/unit/identity/test_principals.py::test_a_blank_password_hash_is_refused[] PASSED [ 19%]
tests/unit/identity/test_principals.py::test_a_blank_password_hash_is_refused[   ] PASSED [ 20%]
tests/unit/identity/test_principals.py::test_a_blank_password_hash_is_refused[\t] PASSED [ 20%]
tests/unit/identity/test_principals.py::test_a_password_hash_is_a_distinct_type_from_a_string PASSED [ 20%]
tests/unit/identity/test_principals.py::test_a_principal_without_a_sealed_secret_is_not_enrolled PASSED [ 20%]
tests/unit/identity/test_principals.py::test_enrolling_a_second_factor_makes_the_principal_enrolled PASSED [ 20%]
tests/unit/identity/test_principals.py::test_a_principal_cannot_open_its_own_second_factor PASSED [ 20%]
tests/unit/identity/test_principals.py::test_every_change_increments_the_version[password] PASSED [ 20%]
tests/unit/identity/test_principals.py::test_every_change_increments_the_version[enrolment] PASSED [ 20%]
tests/unit/identity/test_principals.py::test_every_change_increments_the_version[disable] PASSED [ 20%]
tests/unit/identity/test_principals.py::test_a_principal_cannot_be_edited_in_place PASSED [ 20%]
tests/unit/identity/test_principals.py::test_disabling_stops_the_principal_being_active PASSED [ 20%]
tests/unit/identity/test_principals.py::test_a_principal_must_have_a_subject[] PASSED [ 20%]
tests/unit/identity/test_principals.py::test_a_principal_must_have_a_subject[   ] PASSED [ 20%]
tests/unit/identity/test_principals.py::test_a_principal_must_have_a_subject[\t] PASSED [ 20%]
tests/unit/identity/test_principals.py::test_both_timestamps_must_be_timezone_aware[created_at] PASSED [ 20%]
tests/unit/identity/test_principals.py::test_both_timestamps_must_be_timezone_aware[updated_at] PASSED [ 20%]
tests/unit/identity/test_principals.py::test_a_principal_cannot_be_updated_before_it_was_created PASSED [ 20%]
tests/unit/identity/test_principals.py::test_a_version_below_one_is_refused PASSED [ 20%]
tests/unit/identity/test_principals.py::test_two_principals_with_the_same_values_are_equal PASSED [ 20%]
tests/unit/identity/test_refresh_session.py::test_a_usable_token_rotates_into_a_new_session PASSED [ 20%]
tests/unit/identity/test_refresh_session.py::test_refresh_metrics_cover_success_refusal_and_error_without_token_data PASSED [ 20%]
tests/unit/identity/test_refresh_session.py::test_the_successor_inherits_the_lineage PASSED [ 20%]
tests/unit/identity/test_refresh_session.py::test_a_successful_refresh_is_audited_and_committed PASSED [ 20%]
tests/unit/identity/test_refresh_session.py::test_presenting_a_spent_token_revokes_the_whole_lineage PASSED [ 21%]
tests/unit/identity/test_refresh_session.py::test_reuse_is_indistinguishable_from_ordinary_revocation PASSED [ 21%]
tests/unit/identity/test_refresh_session.py::test_reuse_is_audited_distinctly_even_though_the_error_is_not PASSED [ 21%]
tests/unit/identity/test_refresh_session.py::test_repeated_reuse_revokes_once_and_then_reports_revoked PASSED [ 21%]
tests/unit/identity/test_refresh_session.py::test_one_compromised_lineage_does_not_log_out_the_others PASSED [ 21%]
tests/unit/identity/test_refresh_session.py::test_an_expired_token_gets_its_own_error[use_case0] PASSED [ 21%]
tests/unit/identity/test_refresh_session.py::test_an_unrecognised_token_is_refused_and_audited PASSED [ 21%]
tests/unit/identity/test_refresh_session.py::test_a_disabled_principal_has_its_lineage_revoked PASSED [ 21%]
tests/unit/identity/test_refresh_session.py::test_losing_a_rotation_race_does_not_revoke_the_lineage PASSED [ 21%]
tests/unit/identity/test_refresh_session.py::test_every_refusal_commits_its_audit_record PASSED [ 21%]
tests/unit/identity/test_refresh_tokens.py::test_a_fresh_token_is_usable PASSED [ 21%]
tests/unit/identity/test_refresh_tokens.py::test_a_spent_token_is_reuse PASSED [ 21%]
tests/unit/identity/test_refresh_tokens.py::test_an_expired_token_is_expired_and_not_evidence_of_anything PASSED [ 21%]
tests/unit/identity/test_refresh_tokens.py::test_a_revoked_token_is_revoked PASSED [ 21%]
tests/unit/identity/test_refresh_tokens.py::test_revocation_is_checked_before_reuse_so_detection_is_idempotent PASSED [ 21%]
tests/unit/identity/test_refresh_tokens.py::test_reuse_is_reported_even_after_the_token_would_have_expired PASSED [ 21%]
tests/unit/identity/test_refresh_tokens.py::test_expiry_is_inclusive_of_the_expiry_instant PASSED [ 21%]
tests/unit/identity/test_refresh_tokens.py::test_rotation_returns_both_halves_of_one_fact PASSED [ 21%]
tests/unit/identity/test_refresh_tokens.py::test_a_successor_inherits_the_lineage PASSED [ 21%]
tests/unit/identity/test_refresh_tokens.py::test_rotation_cannot_move_a_session_to_another_tenant_or_principal PASSED [ 21%]
tests/unit/identity/test_refresh_tokens.py::test_the_successor_is_usable_and_the_predecessor_is_not PASSED [ 21%]
tests/unit/identity/test_refresh_tokens.py::test_revoking_twice_keeps_the_first_instant PASSED [ 21%]
tests/unit/identity/test_refresh_tokens.py::test_the_first_token_of_a_chain_must_anchor_its_own_lineage PASSED [ 22%]
tests/unit/identity/test_refresh_tokens.py::test_a_successor_may_carry_a_lineage_that_is_not_its_own_id PASSED [ 22%]
tests/unit/identity/test_refresh_tokens.py::test_a_token_must_carry_a_hash PASSED [ 22%]
tests/unit/identity/test_refresh_tokens.py::test_a_token_must_expire_after_it_is_issued PASSED [ 22%]
tests/unit/identity/test_refresh_tokens.py::test_both_timestamps_must_be_timezone_aware[issued_at] PASSED [ 22%]
tests/unit/identity/test_refresh_tokens.py::test_both_timestamps_must_be_timezone_aware[expires_at] PASSED [ 22%]
tests/unit/identity/test_refresh_tokens.py::test_the_token_itself_is_never_a_field PASSED [ 22%]
tests/unit/intelligence/test_domain_purity.py::test_no_provider_or_framework_reaches_the_news_domain PASSED [ 22%]
tests/unit/intelligence/test_domain_purity.py::test_the_news_domain_reaches_no_other_context PASSED [ 22%]
tests/unit/intelligence/test_domain_purity.py::test_the_news_domain_holds_no_full_article_body PASSED [ 22%]
tests/unit/intelligence/test_entity_linking.py::test_every_approved_name_reaches_its_canonical_symbol[SBIN shares gain 2%-SBIN] PASSED [ 22%]
tests/unit/intelligence/test_entity_linking.py::test_every_approved_name_reaches_its_canonical_symbol[SBI reports higher quarterly profit-SBIN] PASSED [ 22%]
tests/unit/intelligence/test_entity_linking.py::test_every_approved_name_reaches_its_canonical_symbol[State Bank of India cuts lending rates-SBIN] PASSED [ 22%]
tests/unit/intelligence/test_entity_linking.py::test_every_approved_name_reaches_its_canonical_symbol[M&M unveils a new SUV-M&M] PASSED [ 22%]
tests/unit/intelligence/test_entity_linking.py::test_every_approved_name_reaches_its_canonical_symbol[Mahindra & Mahindra posts record sales-M&M] PASSED [ 22%]
tests/unit/intelligence/test_entity_linking.py::test_every_approved_name_reaches_its_canonical_symbol[NAM-INDIA assets under management rise-NAM-INDIA] PASSED [ 22%]
tests/unit/intelligence/test_entity_linking.py::test_every_approved_name_reaches_its_canonical_symbol[NAM India sees strong inflows this quarter-NAM-INDIA] PASSED [ 22%]
tests/unit/intelligence/test_entity_linking.py::test_every_approved_name_reaches_its_canonical_symbol[Nippon India AMC launches a new fund-NAM-INDIA] PASSED [ 22%]
tests/unit/intelligence/test_entity_linking.py::test_every_approved_name_reaches_its_canonical_symbol[IndiGo adds new international routes-INDIGO] PASSED [ 22%]
tests/unit/intelligence/test_entity_linking.py::test_every_approved_name_reaches_its_canonical_symbol[InterGlobe Aviation Limited reports a profit-INDIGO] PASSED [ 22%]
tests/unit/intelligence/test_entity_linking.py::test_every_approved_name_reaches_its_canonical_symbol[ETERNAL shares gain 4%-ETERNAL] PASSED [ 22%]
tests/unit/intelligence/test_entity_linking.py::test_every_approved_name_reaches_its_canonical_symbol[Eternal Limited reports its first annual profit-ETERNAL] PASSED [ 22%]
tests/unit/intelligence/test_entity_linking.py::test_every_approved_name_reaches_its_canonical_symbol[Tata Motors Passenger Vehicles opens a new plant-TMPV] PASSED [ 23%]
tests/unit/intelligence/test_entity_linking.py::test_every_approved_name_reaches_its_canonical_symbol[Tata Motors PV expands its EV range-TMPV] PASSED [ 23%]
tests/unit/intelligence/test_entity_linking.py::test_every_approved_name_reaches_its_canonical_symbol[HAL delivers more Tejas jets-HAL] PASSED [ 23%]
tests/unit/intelligence/test_entity_linking.py::test_every_approved_name_reaches_its_canonical_symbol[Hindustan Aeronautics bags an order-HAL] PASSED [ 23%]
tests/unit/intelligence/test_entity_linking.py::test_every_approved_name_reaches_its_canonical_symbol[ICICI Bank posts higher net interest income-ICICIBANK] PASSED [ 23%]
tests/unit/intelligence/test_entity_linking.py::test_every_approved_name_reaches_its_canonical_symbol[Bajaj Finance approves a dividend-BAJFINANCE] PASSED [ 23%]
tests/unit/intelligence/test_entity_linking.py::test_every_approved_name_reaches_its_canonical_symbol[Adani Energy Solutions wins a project-ADANIENSOL] PASSED [ 23%]
tests/unit/intelligence/test_entity_linking.py::test_punctuation_sensitive_symbols_survive_tokenising PASSED [ 23%]
tests/unit/intelligence/test_entity_linking.py::test_several_companies_in_one_headline_are_several_matches PASSED [ 23%]
tests/unit/intelligence/test_entity_linking.py::test_the_way_a_company_was_named_is_recorded_with_a_bounded_relevance PASSED [ 23%]
tests/unit/intelligence/test_entity_linking.py::test_a_symbol_that_is_an_ordinary_word_needs_its_ticker_spelling PASSED [ 23%]
tests/unit/intelligence/test_entity_linking.py::test_a_symbol_inside_a_longer_word_does_not_match PASSED [ 23%]
tests/unit/intelligence/test_entity_linking.py::test_a_shouted_headline_cannot_be_read_for_tickers PASSED [ 23%]
tests/unit/intelligence/test_entity_linking.py::test_a_shorter_company_name_does_not_match_a_longer_one PASSED [ 23%]
tests/unit/intelligence/test_entity_linking.py::test_a_corporate_suffix_is_only_dropped_when_a_real_name_survives PASSED [ 23%]
tests/unit/intelligence/test_entity_linking.py::test_a_headline_naming_nothing_approved_is_unresolved PASSED [ 23%]
tests/unit/intelligence/test_entity_linking.py::test_one_wording_naming_two_instruments_is_ambiguous_not_two_findings PASSED [ 23%]
tests/unit/intelligence/test_entity_linking.py::test_an_ambiguous_wording_does_not_suppress_a_confident_match PASSED [ 23%]
tests/unit/intelligence/test_entity_linking.py::test_a_former_name_still_links_while_the_press_is_still_using_it PASSED [ 23%]
tests/unit/intelligence/test_entity_linking.py::test_a_former_name_stops_linking_once_its_grace_period_ends PASSED [ 23%]
tests/unit/intelligence/test_entity_linking.py::test_a_name_does_not_link_before_its_instrument_existed PASSED [ 23%]
tests/unit/intelligence/test_entity_linking.py::test_every_result_names_its_ruleset_revision PASSED [ 23%]
tests/unit/intelligence/test_entity_linking.py::test_every_match_gives_a_reason PASSED [ 24%]
tests/unit/intelligence/test_entity_linking.py::test_linking_is_deterministic PASSED [ 24%]
tests/unit/intelligence/test_entity_linking.py::test_a_canonical_symbol_must_be_uppercase PASSED [ 24%]
tests/unit/intelligence/test_event_categories.py::test_each_bounded_category_is_reachable[Company reports Q1 results with net profit up 18%-EARNINGS_RESULTS] PASSED [ 24%]
tests/unit/intelligence/test_event_categories.py::test_each_bounded_category_is_reachable[Company raises outlook for FY27-GUIDANCE] PASSED [ 24%]
tests/unit/intelligence/test_event_categories.py::test_each_bounded_category_is_reachable[HAL bags order worth Rs 5,000 crore-ORDER_WIN] PASSED [ 24%]
tests/unit/intelligence/test_event_categories.py::test_each_bounded_category_is_reachable[Firm acquires rival in all-cash deal-MERGER_ACQUISITION] PASSED [ 24%]
tests/unit/intelligence/test_event_categories.py::test_each_bounded_category_is_reachable[Board approves QIP to raise capital-CAPITAL_RAISING] PASSED [ 24%]
tests/unit/intelligence/test_event_categories.py::test_each_bounded_category_is_reachable[Board declares interim dividend-DIVIDEND] PASSED [ 24%]
tests/unit/intelligence/test_event_categories.py::test_each_bounded_category_is_reachable[Company announces bonus issue in 1:1 ratio-SPLIT_BONUS] PASSED [ 24%]
tests/unit/intelligence/test_event_categories.py::test_each_bounded_category_is_reachable[SEBI issues show cause notice to the company-REGULATORY_ACTION] PASSED [ 24%]
tests/unit/intelligence/test_event_categories.py::test_each_bounded_category_is_reachable[Company faces a lawsuit in the high court-LITIGATION] PASSED [ 24%]
tests/unit/intelligence/test_event_categories.py::test_each_bounded_category_is_reachable[Forensic audit finds accounting irregularities-FRAUD_GOVERNANCE] PASSED [ 24%]
tests/unit/intelligence/test_event_categories.py::test_each_bounded_category_is_reachable[Board appoints new chief executive-MANAGEMENT_CHANGE] PASSED [ 24%]
tests/unit/intelligence/test_event_categories.py::test_each_bounded_category_is_reachable[CRISIL revises credit rating outlook-RATING_ACTION] PASSED [ 24%]
tests/unit/intelligence/test_event_categories.py::test_each_bounded_category_is_reachable[Automaker launches a new electric model-PRODUCT_LAUNCH] PASSED [ 24%]
tests/unit/intelligence/test_event_categories.py::test_each_bounded_category_is_reachable[Fire at the plant halts production-OPERATIONAL_DISRUPTION] PASSED [ 24%]
tests/unit/intelligence/test_event_categories.py::test_each_bounded_category_is_reachable[Inflation eases as repo rate stays unchanged-MACROECONOMIC] PASSED [ 24%]
tests/unit/intelligence/test_event_categories.py::test_each_bounded_category_is_reachable[Banking sector sees improved asset quality-SECTOR_WIDE] PASSED [ 24%]
tests/unit/intelligence/test_event_categories.py::test_each_bounded_category_is_reachable[Markets drift sideways ahead of the weekend-GENERAL_COMMENTARY] PASSED [ 24%]
tests/unit/intelligence/test_event_categories.py::test_each_bounded_category_is_reachable[Update-UNKNOWN] PASSED [ 24%]
tests/unit/intelligence/test_event_categories.py::test_the_category_set_is_fixed_and_complete PASSED [ 24%]
tests/unit/intelligence/test_event_categories.py::test_consequence_outranks_wording_when_two_rules_could_fire PASSED [ 25%]
tests/unit/intelligence/test_event_categories.py::test_governance_outranks_every_other_rule PASSED [ 25%]
tests/unit/intelligence/test_event_categories.py::test_a_specific_category_names_the_phrase_that_selected_it PASSED [ 25%]
tests/unit/intelligence/test_event_categories.py::test_undecided_categories_carry_no_phrase PASSED [ 25%]
tests/unit/intelligence/test_event_categories.py::test_text_too_short_to_read_is_unknown_rather_than_commentary PASSED [ 25%]
tests/unit/intelligence/test_event_categories.py::test_a_phrase_inside_a_longer_word_does_not_match PASSED [ 25%]
tests/unit/intelligence/test_event_categories.py::test_classification_is_deterministic PASSED [ 25%]
tests/unit/intelligence/test_event_categories.py::test_classification_is_independent_of_case_and_punctuation PASSED [ 25%]
tests/unit/intelligence/test_lexical_sentiment.py::test_plain_headlines_get_the_obvious_label[Adani Ports Q1 net profit rises 18% to a record high-POSITIVE] PASSED [ 25%]
tests/unit/intelligence/test_lexical_sentiment.py::test_plain_headlines_get_the_obvious_label[HAL bags an order worth Rs 5,000 crore from the ministry-POSITIVE] PASSED [ 25%]
tests/unit/intelligence/test_lexical_sentiment.py::test_plain_headlines_get_the_obvious_label[Company board approves an interim dividend of Rs 4 per share-POSITIVE] PASSED [ 25%]
tests/unit/intelligence/test_lexical_sentiment.py::test_plain_headlines_get_the_obvious_label[SBI shares plunge as net profit falls 12%-NEGATIVE] PASSED [ 25%]
tests/unit/intelligence/test_lexical_sentiment.py::test_plain_headlines_get_the_obvious_label[Chief executive resigns with immediate effect-NEGATIVE] PASSED [ 25%]
tests/unit/intelligence/test_lexical_sentiment.py::test_plain_headlines_get_the_obvious_label[Nifty 50 ends flat in a quiet session-NEUTRAL] PASSED [ 25%]
tests/unit/intelligence/test_lexical_sentiment.py::test_plain_headlines_get_the_obvious_label[Board meeting scheduled for Tuesday-NEUTRAL] PASSED [ 25%]
tests/unit/intelligence/test_lexical_sentiment.py::test_a_governance_term_outranks_anything_positive_beside_it PASSED [ 25%]
tests/unit/intelligence/test_lexical_sentiment.py::test_an_earnings_beat_with_weak_guidance_is_mixed PASSED [ 25%]
tests/unit/intelligence/test_lexical_sentiment.py::test_a_contrast_clause_splits_a_headline_that_changes_its_mind PASSED [ 25%]
tests/unit/intelligence/test_lexical_sentiment.py::test_negation_inverts_a_term_and_halves_it PASSED [ 25%]
tests/unit/intelligence/test_lexical_sentiment.py::test_negation_can_lift_a_governance_term_off_a_headline PASSED [ 25%]
tests/unit/intelligence/test_lexical_sentiment.py::test_hedged_language_with_weak_polarity_is_uncertain PASSED [ 25%]
tests/unit/intelligence/test_lexical_sentiment.py::test_hedging_lowers_confidence_without_hiding_the_evidence PASSED [ 25%]
tests/unit/intelligence/test_lexical_sentiment.py::test_text_too_short_to_read_abstains[] PASSED [ 25%]
tests/unit/intelligence/test_lexical_sentiment.py::test_text_too_short_to_read_abstains[ok] PASSED [ 26%]
tests/unit/intelligence/test_lexical_sentiment.py::test_text_too_short_to_read_abstains[Q1 out] PASSED [ 26%]
tests/unit/intelligence/test_lexical_sentiment.py::test_a_readable_headline_with_no_polarity_words_is_neutral PASSED [ 26%]
tests/unit/intelligence/test_lexical_sentiment.py::test_a_macro_headline_is_read_from_its_words_like_any_other PASSED [ 26%]
tests/unit/intelligence/test_lexical_sentiment.py::test_score_and_confidence_stay_inside_their_bounds[Adani Ports Q1 net profit rises 18% to a record high] PASSED [ 26%]
tests/unit/intelligence/test_lexical_sentiment.py::test_score_and_confidence_stay_inside_their_bounds[SBI shares plunge as net profit falls 12%] PASSED [ 26%]
tests/unit/intelligence/test_lexical_sentiment.py::test_score_and_confidence_stay_inside_their_bounds[Profit beats estimates but the company cuts guidance for FY27] PASSED [ 26%]
tests/unit/intelligence/test_lexical_sentiment.py::test_score_and_confidence_stay_inside_their_bounds[Company may be considering a stake sale, sources say] PASSED [ 26%]
tests/unit/intelligence/test_lexical_sentiment.py::test_score_and_confidence_stay_inside_their_bounds[] PASSED [ 26%]
tests/unit/intelligence/test_lexical_sentiment.py::test_confidence_grows_with_the_weight_of_evidence PASSED [ 26%]
tests/unit/intelligence/test_lexical_sentiment.py::test_a_decided_label_never_carries_an_abstention_reason PASSED [ 26%]
tests/unit/intelligence/test_lexical_sentiment.py::test_every_result_carries_its_input_hash_and_ruleset_revision PASSED [ 26%]
tests/unit/intelligence/test_lexical_sentiment.py::test_the_input_hash_distinguishes_texts_that_normalise_alike PASSED [ 26%]
tests/unit/intelligence/test_lexical_sentiment.py::test_evaluation_is_deterministic PASSED [ 26%]
tests/unit/intelligence/test_lexical_sentiment.py::test_the_five_required_labels_are_all_reachable PASSED [ 26%]
tests/unit/intelligence/test_news_identity.py::test_canonical_url_reduces_a_link_to_its_document[https://WWW.Example.COM:443/a/b/?utm_source=x&b=2&a=1#frag-https://example.com/a/b?a=1&b=2] PASSED [ 26%]
tests/unit/intelligence/test_news_identity.py::test_canonical_url_reduces_a_link_to_its_document[http://example.com/a/b/-http://example.com/a/b] PASSED [ 26%]
tests/unit/intelligence/test_news_identity.py::test_canonical_url_reduces_a_link_to_its_document[https://example.com/a?ref=tw&fbclid=z-https://example.com/a] PASSED [ 26%]
tests/unit/intelligence/test_news_identity.py::test_canonical_url_reduces_a_link_to_its_document[https://example.com/a?id=7-https://example.com/a?id=7] PASSED [ 26%]
tests/unit/intelligence/test_news_identity.py::test_canonical_url_keeps_parameters_it_cannot_prove_are_tracking PASSED [ 26%]
tests/unit/intelligence/test_news_identity.py::test_canonical_url_refuses_anything_that_is_not_an_absolute_web_link[] PASSED [ 26%]
tests/unit/intelligence/test_news_identity.py::test_canonical_url_refuses_anything_that_is_not_an_absolute_web_link[ https://example.com] PASSED [ 26%]
tests/unit/intelligence/test_news_identity.py::test_canonical_url_refuses_anything_that_is_not_an_absolute_web_link[ftp://example.com/a] PASSED [ 27%]
tests/unit/intelligence/test_news_identity.py::test_canonical_url_refuses_anything_that_is_not_an_absolute_web_link[not-a-url] PASSED [ 27%]
tests/unit/intelligence/test_news_identity.py::test_normalisation_folds_case_punctuation_and_spacing_only PASSED [ 27%]
tests/unit/intelligence/test_news_identity.py::test_an_item_must_belong_to_the_source_that_delivered_it PASSED [ 27%]
tests/unit/intelligence/test_news_identity.py::test_an_item_cannot_be_observed_before_it_was_published PASSED [ 27%]
tests/unit/intelligence/test_news_identity.py::test_publication_and_first_seen_times_are_kept_separately PASSED [ 27%]
tests/unit/intelligence/test_news_identity.py::test_naive_timestamps_are_refused[published_at] PASSED [ 27%]
tests/unit/intelligence/test_news_identity.py::test_naive_timestamps_are_refused[first_seen_at] PASSED [ 27%]
tests/unit/intelligence/test_news_identity.py::test_permitted_text_cannot_hold_an_article_body PASSED [ 27%]
tests/unit/intelligence/test_news_identity.py::test_a_snippet_is_optional_but_a_title_is_not PASSED [ 27%]
tests/unit/intelligence/test_news_identity.py::test_an_identity_requires_an_already_canonical_link PASSED [ 27%]
tests/unit/intelligence/test_news_identity.py::test_fingerprints_are_deterministic_and_name_their_revision PASSED [ 27%]
tests/unit/intelligence/test_news_identity.py::test_a_headline_too_short_to_compare_declines_the_rewrite_key PASSED [ 27%]
tests/unit/intelligence/test_news_identity.py::test_the_same_provider_item_identifier_is_a_retry PASSED [ 27%]
tests/unit/intelligence/test_news_identity.py::test_the_same_canonical_link_is_one_article_shared_twice PASSED [ 27%]
tests/unit/intelligence/test_news_identity.py::test_an_identical_headline_elsewhere_on_the_same_day_is_syndication PASSED [ 27%]
tests/unit/intelligence/test_news_identity.py::test_the_same_filing_from_the_same_official_source_is_a_repeat PASSED [ 27%]
tests/unit/intelligence/test_news_identity.py::test_the_same_words_reordered_on_the_same_day_is_a_rewrite PASSED [ 27%]
tests/unit/intelligence/test_news_identity.py::test_a_reworded_headline_is_not_collapsed_by_a_fuzzy_guess PASSED [ 27%]
tests/unit/intelligence/test_news_identity.py::test_a_different_number_is_a_different_event PASSED [ 27%]
tests/unit/intelligence/test_news_identity.py::test_the_same_headline_on_a_later_day_is_a_new_event PASSED [ 27%]
tests/unit/intelligence/test_news_identity.py::test_every_decision_explains_itself_and_names_its_revision PASSED [ 27%]
tests/unit/intelligence/test_news_identity.py::test_observing_an_item_twice_changes_nothing PASSED [ 28%]
tests/unit/marketdata/test_continuous_futures.py::test_liquidity_crossover_rolls_on_the_session_after_it_is_observed PASSED [ 28%]
tests/unit/marketdata/test_continuous_futures.py::test_one_side_of_liquidity_crossing_alone_is_not_a_roll PASSED [ 28%]
tests/unit/marketdata/test_continuous_futures.py::test_without_a_crossover_the_expiry_buffer_forces_the_roll PASSED [ 28%]
tests/unit/marketdata/test_continuous_futures.py::test_the_buffer_is_counted_in_sessions_not_calendar_days PASSED [ 28%]
tests/unit/marketdata/test_continuous_futures.py::test_a_front_contract_that_stops_printing_rolls_when_the_next_one_starts PASSED [ 28%]
tests/unit/marketdata/test_continuous_futures.py::test_three_contracts_produce_two_recorded_rolls PASSED [ 28%]
tests/unit/marketdata/test_continuous_futures.py::test_a_roll_reason_is_never_inherited_by_a_contract_it_was_not_about PASSED [ 28%]
tests/unit/marketdata/test_continuous_futures.py::test_a_single_contract_produces_a_series_with_no_rolls PASSED [ 28%]
tests/unit/marketdata/test_continuous_futures.py::test_unsettled_sessions_never_decide_a_roll_or_enter_the_series PASSED [ 28%]
tests/unit/marketdata/test_continuous_futures.py::test_every_roll_is_decided_strictly_before_it_takes_effect PASSED [ 28%]
tests/unit/marketdata/test_continuous_futures.py::test_every_bar_names_the_actual_contract_that_produced_it PASSED [ 28%]
tests/unit/marketdata/test_continuous_futures.py::test_the_roll_records_the_evidence_and_the_visible_price_gap PASSED [ 28%]
tests/unit/marketdata/test_continuous_futures.py::test_the_policy_revision_is_recorded_on_the_series_and_on_every_roll PASSED [ 28%]
tests/unit/marketdata/test_continuous_futures.py::test_a_different_policy_produces_a_differently_versioned_series PASSED [ 28%]
tests/unit/marketdata/test_continuous_futures.py::test_no_persistable_instrument_kind_represents_a_continuous_series PASSED [ 28%]
tests/unit/marketdata/test_continuous_futures.py::test_a_continuous_series_carries_no_instrument_identity_of_its_own PASSED [ 28%]
tests/unit/marketdata/test_continuous_futures.py::test_execution_always_resolves_to_an_actual_contract PASSED [ 28%]
tests/unit/marketdata/test_continuous_futures.py::test_execution_uses_the_then_effective_lot_size_across_a_roll PASSED [ 28%]
tests/unit/marketdata/test_continuous_futures.py::test_execution_on_a_session_the_series_does_not_have_is_refused PASSED [ 28%]
tests/unit/marketdata/test_continuous_futures.py::test_the_source_contract_may_change_only_on_a_recorded_roll_date PASSED [ 28%]
tests/unit/marketdata/test_continuous_futures.py::test_a_series_without_contracts_is_refused PASSED [ 28%]
tests/unit/marketdata/test_continuous_futures.py::test_a_series_without_a_session_calendar_is_refused PASSED [ 29%]
tests/unit/marketdata/test_continuous_futures.py::test_an_unsorted_session_calendar_is_refused PASSED [ 29%]
tests/unit/marketdata/test_continuous_futures.py::test_two_contracts_sharing_one_expiry_are_refused PASSED [ 29%]
tests/unit/marketdata/test_continuous_futures.py::test_a_contract_without_history_is_refused PASSED [ 29%]
tests/unit/marketdata/test_continuous_futures.py::test_a_range_with_no_settled_session_is_refused PASSED [ 29%]
tests/unit/marketdata/test_continuous_futures.py::test_a_roll_cannot_move_backwards_in_expiry PASSED [ 29%]
tests/unit/marketdata/test_continuous_futures.py::test_a_bar_cannot_be_attributed_to_an_expired_contract PASSED [ 29%]
tests/unit/marketdata/test_continuous_futures_application.py::test_the_series_is_stitched_from_the_persisted_actual_contracts PASSED [ 29%]
tests/unit/marketdata/test_continuous_futures_application.py::test_the_read_is_point_in_time_and_tolerates_unsettled_edges PASSED [ 29%]
tests/unit/marketdata/test_continuous_futures_application.py::test_the_benchmark_supplies_the_calendar_and_never_a_bar PASSED [ 29%]
tests/unit/marketdata/test_continuous_futures_application.py::test_only_settled_benchmark_sessions_form_the_calendar PASSED [ 29%]
tests/unit/marketdata/test_continuous_futures_application.py::test_a_contract_with_no_history_is_dropped_rather_than_fatal PASSED [ 29%]
tests/unit/marketdata/test_continuous_futures_application.py::test_a_missing_benchmark_refuses_the_whole_series PASSED [ 29%]
tests/unit/marketdata/test_continuous_futures_application.py::test_no_contract_with_history_refuses_the_series PASSED [ 29%]
tests/unit/marketdata/test_continuous_futures_application.py::test_a_query_without_contracts_is_refused PASSED [ 29%]
tests/unit/marketdata/test_continuous_futures_application.py::test_a_reversed_date_range_is_refused PASSED [ 29%]
tests/unit/marketdata/test_continuous_futures_application.py::test_a_naive_knowledge_time_is_refused PASSED [ 29%]
tests/unit/marketdata/test_continuous_futures_application.py::test_a_repeated_contract_in_one_query_is_refused PASSED [ 29%]
tests/unit/marketdata/test_continuous_futures_application.py::test_the_benchmark_cannot_also_be_one_of_the_contracts PASSED [ 29%]
tests/unit/marketdata/test_continuous_futures_application.py::test_reference_contracts_translate_into_roll_terms PASSED [ 29%]
tests/unit/marketdata/test_daily_bars.py::test_invalid_ohlcv_is_refused PASSED [ 29%]
tests/unit/marketdata/test_daily_bars.py::test_duplicate_or_unsorted_dates_are_refused PASSED [ 29%]
tests/unit/marketdata/test_daily_bars.py::test_cash_history_cannot_request_continuous_or_open_interest PASSED [ 29%]
tests/unit/marketdata/test_daily_bars.py::test_digest_and_requested_range_are_enforced PASSED [ 30%]
tests/unit/marketdata/test_daily_bars.py::test_adjusted_and_unknown_bars_cannot_form_one_series PASSED [ 30%]
tests/unit/marketdata/test_daily_history_application.py::test_synchronized_history_commits_complete_and_incomplete_bars PASSED [ 30%]
tests/unit/marketdata/test_daily_history_application.py::test_missing_benchmark_session_refuses_every_write PASSED [ 30%]
tests/unit/marketdata/test_daily_history_application.py::test_missing_required_session_is_stale_not_an_empty_success PASSED [ 30%]
tests/unit/marketdata/test_daily_history_application.py::test_a_batch_answering_a_different_request_is_refused PASSED [ 30%]
tests/unit/marketdata/test_daily_history_application.py::test_a_refresh_that_mixes_providers_is_refused PASSED [ 30%]
tests/unit/marketdata/test_daily_history_application.py::test_possible_corporate_action_discontinuity_requires_reconciliation PASSED [ 30%]
tests/unit/marketdata/test_futures_history_application.py::test_actual_contracts_are_persisted_with_open_interest_and_lifecycle_counts PASSED [ 30%]
tests/unit/marketdata/test_futures_history_application.py::test_the_benchmark_is_read_but_never_written_as_futures_history PASSED [ 30%]
tests/unit/marketdata/test_futures_history_application.py::test_no_continuous_series_is_ever_requested_from_the_provider PASSED [ 30%]
tests/unit/marketdata/test_futures_history_application.py::test_incomplete_sessions_stay_explicit PASSED [ 30%]
tests/unit/marketdata/test_futures_history_application.py::test_repeating_the_refresh_appends_nothing PASSED [ 30%]
tests/unit/marketdata/test_futures_history_application.py::test_a_non_index_benchmark_is_refused PASSED [ 30%]
tests/unit/marketdata/test_futures_history_application.py::test_cutoffs_outside_the_benchmark_range_are_refused PASSED [ 30%]
tests/unit/marketdata/test_futures_history_application.py::test_an_archive_older_than_the_required_session_is_stale PASSED [ 30%]
tests/unit/marketdata/test_futures_history_application.py::test_a_benchmark_request_that_is_not_the_archived_nifty_mapping_is_refused PASSED [ 30%]
tests/unit/marketdata/test_futures_history_application.py::test_an_archive_without_a_nifty_mapping_is_missing_data PASSED [ 30%]
tests/unit/marketdata/test_futures_history_application.py::test_an_archive_without_contracts_in_range_is_missing_data PASSED [ 30%]
tests/unit/marketdata/test_futures_history_application.py::test_a_repeated_contract_identity_in_one_archive_is_refused PASSED [ 30%]
tests/unit/marketdata/test_futures_history_application.py::test_history_from_a_different_provider_than_the_archive_is_refused PASSED [ 30%]
tests/unit/marketdata/test_futures_history_application.py::test_a_stale_benchmark_calendar_refuses_every_write PASSED [ 30%]
tests/unit/marketdata/test_futures_history_application.py::test_a_contract_session_outside_the_benchmark_calendar_is_refused PASSED [ 31%]
tests/unit/marketdata/test_futures_history_application.py::test_a_missing_in_life_session_refuses_every_write PASSED [ 31%]
tests/unit/marketdata/test_futures_history_application.py::test_a_contract_missing_the_required_session_is_stale PASSED [ 31%]
tests/unit/marketdata/test_zerodha_history.py::test_fixture_parses_exact_prices_and_unknown_adjustment PASSED [ 31%]
tests/unit/marketdata/test_zerodha_history.py::test_adapter_uses_only_documented_daily_read_parameters PASSED [ 31%]
tests/unit/marketdata/test_zerodha_history.py::test_expired_session_is_distinct_and_never_retried[401] PASSED [ 31%]
tests/unit/marketdata/test_zerodha_history.py::test_expired_session_is_distinct_and_never_retried[403] PASSED [ 31%]
tests/unit/marketdata/test_zerodha_history.py::test_rate_limit_retries_are_bounded PASSED [ 31%]
tests/unit/marketdata/test_zerodha_history.py::test_malformed_or_impossible_provider_rows_fail_closed[{}] PASSED [ 31%]
tests/unit/marketdata/test_zerodha_history.py::test_malformed_or_impossible_provider_rows_fail_closed[{"status":"success","data":{"candles":[]}}] PASSED [ 31%]
tests/unit/marketdata/test_zerodha_history.py::test_malformed_or_impossible_provider_rows_fail_closed[{"status":"success","data":{"candles":[["2026-07-29T00:00:00+0530",0,1,1,1,1]]}}] PASSED [ 31%]
tests/unit/marketdata/test_zerodha_history.py::test_malformed_or_impossible_provider_rows_fail_closed[{"status":"success","data":{"candles":[["2026-07-29T00:00:00Z",1,1,1,1,1]]}}] PASSED [ 31%]
tests/unit/marketdata/test_zerodha_history.py::test_malformed_or_impossible_provider_rows_fail_closed[{"status":"success","data":{"candles":[["2026-07-29T00:00:00+0530",1,1,1,1,-1]]}}] PASSED [ 31%]
tests/unit/marketdata/test_zerodha_history.py::test_non_official_or_redirecting_clients_are_refused PASSED [ 31%]
tests/unit/messaging/test_delivery_policy.py::test_the_delay_doubles_until_it_reaches_the_cap[0-1] PASSED [ 31%]
tests/unit/messaging/test_delivery_policy.py::test_the_delay_doubles_until_it_reaches_the_cap[1-2] PASSED [ 31%]
tests/unit/messaging/test_delivery_policy.py::test_the_delay_doubles_until_it_reaches_the_cap[2-4] PASSED [ 31%]
tests/unit/messaging/test_delivery_policy.py::test_the_delay_doubles_until_it_reaches_the_cap[3-8] PASSED [ 31%]
tests/unit/messaging/test_delivery_policy.py::test_the_delay_doubles_until_it_reaches_the_cap[4-16] PASSED [ 31%]
tests/unit/messaging/test_delivery_policy.py::test_the_delay_doubles_until_it_reaches_the_cap[5-32] PASSED [ 31%]
tests/unit/messaging/test_delivery_policy.py::test_the_delay_doubles_until_it_reaches_the_cap[6-60] PASSED [ 31%]
tests/unit/messaging/test_delivery_policy.py::test_the_delay_doubles_until_it_reaches_the_cap[7-60] PASSED [ 31%]
tests/unit/messaging/test_delivery_policy.py::test_the_delay_doubles_until_it_reaches_the_cap[11-60] PASSED [ 32%]
tests/unit/messaging/test_delivery_policy.py::test_a_negative_attempt_count_is_treated_as_the_first PASSED [ 32%]
tests/unit/messaging/test_delivery_policy.py::test_zero_jitter_retries_immediately_and_full_jitter_waits_the_whole_delay PASSED [ 32%]
tests/unit/messaging/test_delivery_policy.py::test_no_delay_ever_exceeds_the_cap PASSED [ 32%]
tests/unit/messaging/test_delivery_policy.py::test_the_delay_never_decreases_as_attempts_accumulate PASSED [ 32%]
tests/unit/messaging/test_delivery_policy.py::test_the_whole_retry_window_is_about_seven_minutes PASSED [ 32%]
tests/unit/messaging/test_delivery_policy.py::test_next_attempt_at_is_never_in_the_past PASSED [ 32%]
tests/unit/messaging/test_delivery_policy.py::test_next_attempt_at_uses_the_injected_clock_rather_than_reading_one PASSED [ 32%]
tests/unit/messaging/test_delivery_policy.py::test_the_policy_is_immutable PASSED [ 32%]
tests/unit/messaging/test_delivery_policy.py::test_a_transient_failure_is_retried[error0] PASSED [ 32%]
tests/unit/messaging/test_delivery_policy.py::test_a_transient_failure_is_retried[error1] PASSED [ 32%]
tests/unit/messaging/test_delivery_policy.py::test_a_transient_failure_is_retried[error2] PASSED [ 32%]
tests/unit/messaging/test_delivery_policy.py::test_a_transient_failure_is_retried[error3] PASSED [ 32%]
tests/unit/messaging/test_delivery_policy.py::test_a_transient_failure_is_retried[error4] PASSED [ 32%]
tests/unit/messaging/test_delivery_policy.py::test_a_transient_failure_is_retried[error5] PASSED [ 32%]
tests/unit/messaging/test_delivery_policy.py::test_a_terminal_failure_is_dead_lettered_without_spending_the_budget[error0] PASSED [ 32%]
tests/unit/messaging/test_delivery_policy.py::test_a_terminal_failure_is_dead_lettered_without_spending_the_budget[error1] PASSED [ 32%]
tests/unit/messaging/test_delivery_policy.py::test_a_transient_failure_is_dead_lettered_once_the_budget_is_gone PASSED [ 32%]
tests/unit/messaging/test_delivery_policy.py::test_an_unrecognised_error_is_retried_rather_than_discarded PASSED [ 32%]
tests/unit/messaging/test_delivery_policy.py::test_terminal_beats_the_budget_at_every_attempt_count PASSED [ 32%]
tests/unit/messaging/test_delivery_policy.py::test_the_declared_attempt_ceiling_is_what_the_default_policy_uses PASSED [ 32%]
tests/unit/messaging/test_in_memory_conformance.py::TestInMemoryTransportConformance::test_the_adapters_satisfy_the_ports PASSED [ 32%]
tests/unit/messaging/test_in_memory_conformance.py::TestInMemoryTransportConformance::test_an_envelope_arrives_exactly_as_it_was_published PASSED [ 33%]
tests/unit/messaging/test_in_memory_conformance.py::TestInMemoryTransportConformance::test_a_batch_is_reported_envelope_by_envelope PASSED [ 33%]
tests/unit/messaging/test_in_memory_conformance.py::TestInMemoryTransportConformance::test_publication_order_is_delivery_order PASSED [ 33%]
tests/unit/messaging/test_in_memory_conformance.py::TestInMemoryTransportConformance::test_an_idle_stream_returns_nothing_rather_than_blocking PASSED [ 33%]
tests/unit/messaging/test_in_memory_conformance.py::TestInMemoryTransportConformance::test_read_never_returns_more_than_the_limit PASSED [ 33%]
tests/unit/messaging/test_in_memory_conformance.py::TestInMemoryTransportConformance::test_a_non_positive_limit_is_refused PASSED [ 33%]
tests/unit/messaging/test_in_memory_conformance.py::TestInMemoryTransportConformance::test_an_unacknowledged_delivery_is_not_offered_again PASSED [ 33%]
tests/unit/messaging/test_in_memory_conformance.py::TestInMemoryTransportConformance::test_reading_makes_a_delivery_pending_and_acknowledging_clears_it PASSED [ 33%]
tests/unit/messaging/test_in_memory_conformance.py::TestInMemoryTransportConformance::test_acknowledging_twice_reports_nothing_the_second_time PASSED [ 33%]
tests/unit/messaging/test_in_memory_conformance.py::TestInMemoryTransportConformance::test_acknowledging_nothing_is_not_an_error PASSED [ 33%]
tests/unit/messaging/test_in_memory_conformance.py::TestInMemoryTransportConformance::test_a_token_this_stream_did_not_issue_is_refused PASSED [ 33%]
tests/unit/messaging/test_in_memory_conformance.py::TestInMemoryTransportConformance::test_the_ack_token_carries_nothing_a_consumer_can_act_on PASSED [ 33%]
tests/unit/messaging/test_in_memory_conformance.py::TestInMemoryTransportConformance::test_deliveries_are_frozen PASSED [ 33%]
tests/unit/messaging/test_redis_streams.py::test_the_adapters_satisfy_the_ports_they_claim PASSED [ 33%]
tests/unit/messaging/test_redis_streams.py::test_the_ack_token_is_frozen PASSED [ 33%]
tests/unit/messaging/test_redis_streams.py::test_an_ordinary_aggregate_type_becomes_a_namespaced_key[Order] PASSED [ 33%]
tests/unit/messaging/test_redis_streams.py::test_an_ordinary_aggregate_type_becomes_a_namespaced_key[Position] PASSED [ 33%]
tests/unit/messaging/test_redis_streams.py::test_an_ordinary_aggregate_type_becomes_a_namespaced_key[Order_v2] PASSED [ 33%]
tests/unit/messaging/test_redis_streams.py::test_an_ordinary_aggregate_type_becomes_a_namespaced_key[market.tick] PASSED [ 33%]
tests/unit/messaging/test_redis_streams.py::test_an_ordinary_aggregate_type_becomes_a_namespaced_key[A-b] PASSED [ 33%]
tests/unit/messaging/test_redis_streams.py::test_an_unusable_aggregate_type_is_refused[Order:Filled-a colon would silently address a different stream] PASSED [ 33%]
tests/unit/messaging/test_redis_streams.py::test_an_unusable_aggregate_type_is_refused[Order*-an asterisk would match a glob an operator later runs] PASSED [ 33%]
tests/unit/messaging/test_redis_streams.py::test_an_unusable_aggregate_type_is_refused[-an empty type would collapse the key to the namespace] PASSED [ 33%]
tests/unit/messaging/test_redis_streams.py::test_an_unusable_aggregate_type_is_refused[1Order-a leading digit is not a type name] PASSED [ 34%]
tests/unit/messaging/test_redis_streams.py::test_an_unusable_aggregate_type_is_refused[ Order-surrounding whitespace is invisible in a key listing] PASSED [ 34%]
tests/unit/messaging/test_redis_streams.py::test_an_unusable_aggregate_type_is_refused[Order\n-a newline would break every line-oriented tool] PASSED [ 34%]
tests/unit/messaging/test_redis_streams.py::test_an_unusable_aggregate_type_is_refused[AAAAAAAAAAAAAAAAAAAAAAAAAAAAAAAAAAAAAAAAAAAAAAAAAAAAAAAAAAAAAAAAA-an unbounded type would make an unbounded key] PASSED [ 34%]
tests/unit/messaging/test_redis_streams.py::test_each_envelope_is_written_to_the_stream_for_its_aggregate_type PASSED [ 34%]
tests/unit/messaging/test_redis_streams.py::test_a_transport_failure_is_reported_rather_than_raised PASSED [ 34%]
tests/unit/messaging/test_redis_streams.py::test_redis_failures_map_onto_the_error_taxonomy[raised0-UpstreamTimeoutError] PASSED [ 34%]
tests/unit/messaging/test_redis_streams.py::test_redis_failures_map_onto_the_error_taxonomy[raised1-UpstreamUnavailableError] PASSED [ 34%]
tests/unit/messaging/test_redis_streams.py::test_redis_failures_map_onto_the_error_taxonomy[raised2-ConfigurationError] PASSED [ 34%]
tests/unit/messaging/test_redis_streams.py::test_redis_failures_map_onto_the_error_taxonomy[raised3-ExternalServiceError] PASSED [ 34%]
tests/unit/messaging/test_redis_streams.py::test_redis_failures_map_onto_the_error_taxonomy[raised4-ExternalServiceError] PASSED [ 34%]
tests/unit/messaging/test_redis_streams.py::test_an_unusable_aggregate_type_is_rejected_without_reaching_redis PASSED [ 34%]
tests/unit/messaging/test_redis_streams.py::test_a_publisher_refuses_a_trim_length_that_would_discard_every_write PASSED [ 34%]
tests/unit/messaging/test_redis_streams.py::test_an_entry_round_trips_back_into_the_envelope_that_was_published[resp2] PASSED [ 34%]
tests/unit/messaging/test_redis_streams.py::test_an_entry_round_trips_back_into_the_envelope_that_was_published[resp3] PASSED [ 34%]
tests/unit/messaging/test_redis_streams.py::test_an_idle_stream_returns_nothing_rather_than_blocking PASSED [ 34%]
tests/unit/messaging/test_redis_streams.py::test_the_limit_is_a_budget_across_streams_not_a_count_per_stream PASSED [ 34%]
tests/unit/messaging/test_redis_streams.py::test_a_full_first_stream_does_not_starve_the_others PASSED [ 34%]
tests/unit/messaging/test_redis_streams.py::test_a_non_positive_limit_is_a_caller_bug PASSED [ 34%]
tests/unit/messaging/test_redis_streams.py::test_a_malformed_entry_raises_rather_than_being_skipped PASSED [ 34%]
tests/unit/messaging/test_redis_streams.py::test_an_entry_without_an_envelope_field_raises PASSED [ 34%]
tests/unit/messaging/test_redis_streams.py::test_an_unsupported_schema_version_raises_its_own_error_type PASSED [ 34%]
tests/unit/messaging/test_redis_streams.py::test_a_reply_element_that_is_neither_bytes_nor_text_is_refused PASSED [ 35%]
tests/unit/messaging/test_redis_streams.py::test_an_unrecognised_reply_shape_is_refused_rather_than_read_as_idle PASSED [ 35%]
tests/unit/messaging/test_redis_streams.py::test_a_trimmed_entry_is_not_delivered_as_an_empty_one PASSED [ 35%]
tests/unit/messaging/test_redis_streams.py::test_acknowledgement_is_grouped_by_stream PASSED [ 35%]
tests/unit/messaging/test_redis_streams.py::test_a_token_this_stream_did_not_issue_is_refused PASSED [ 35%]
tests/unit/messaging/test_redis_streams.py::test_a_token_for_an_unsubscribed_stream_is_refused PASSED [ 35%]
tests/unit/messaging/test_redis_streams.py::test_acknowledging_nothing_touches_nothing PASSED [ 35%]
tests/unit/messaging/test_redis_streams.py::test_the_group_is_created_from_the_beginning_of_the_stream PASSED [ 35%]
tests/unit/messaging/test_redis_streams.py::test_creating_a_group_that_already_exists_is_not_a_failure PASSED [ 35%]
tests/unit/messaging/test_redis_streams.py::test_a_real_failure_creating_a_group_is_not_swallowed PASSED [ 35%]
tests/unit/messaging/test_redis_streams.py::test_pending_sums_across_every_subscribed_stream PASSED [ 35%]
tests/unit/messaging/test_redis_streams.py::test_asking_for_lag_before_the_group_exists_says_so PASSED [ 35%]
tests/unit/messaging/test_redis_streams.py::test_reclaim_refuses_a_zero_idle_threshold PASSED [ 35%]
tests/unit/messaging/test_redis_streams.py::test_reclaim_reads_both_the_six_two_and_the_seven_reply_shapes PASSED [ 35%]
tests/unit/messaging/test_redis_streams.py::test_a_misconfigured_stream_refuses_to_be_built[kwargs0-a stream with nothing to read always looks idle] PASSED [ 35%]
tests/unit/messaging/test_redis_streams.py::test_a_misconfigured_stream_refuses_to_be_built[kwargs1-an unnamed group cannot be shared between processes] PASSED [ 35%]
tests/unit/messaging/test_redis_streams.py::test_a_misconfigured_stream_refuses_to_be_built[kwargs2-an unnamed consumer shares a pending list with every other] PASSED [ 35%]
tests/unit/messaging/test_requeue_policy.py::test_a_dead_lettered_unpublished_event_may_return_to_the_queue PASSED [ 35%]
tests/unit/messaging/test_requeue_policy.py::test_a_published_event_is_refused PASSED [ 35%]
tests/unit/messaging/test_requeue_policy.py::test_an_event_still_being_retried_is_refused PASSED [ 35%]
tests/unit/messaging/test_requeue_policy.py::test_publication_is_reported_before_dead_lettering PASSED [ 35%]
tests/unit/messaging/test_requeue_policy.py::test_a_verdict_must_permit_or_refuse_but_never_both_or_neither[True-already_published] PASSED [ 35%]
tests/unit/messaging/test_requeue_policy.py::test_a_verdict_must_permit_or_refuse_but_never_both_or_neither[False-None] PASSED [ 36%]
tests/unit/persistence/test_audit_mapping.py::test_domain_to_record_to_domain_is_lossless PASSED [ 36%]
tests/unit/persistence/test_audit_mapping.py::test_the_enums_are_stored_as_their_values_not_their_names PASSED [ 36%]
tests/unit/persistence/test_audit_mapping.py::test_record_to_model_kwargs_covers_every_column PASSED [ 36%]
tests/unit/persistence/test_audit_mapping.py::test_the_model_and_the_record_describe_the_same_row PASSED [ 36%]
tests/unit/persistence/test_audit_mapping.py::test_a_model_maps_to_a_record_field_for_field PASSED [ 36%]
tests/unit/persistence/test_audit_mapping.py::test_the_table_has_no_version_column PASSED [ 36%]
tests/unit/persistence/test_audit_mapping.py::test_the_table_has_no_free_form_column PASSED [ 36%]
tests/unit/persistence/test_audit_mapping.py::test_every_column_is_not_null PASSED [ 36%]
tests/unit/persistence/test_audit_mapping.py::test_the_record_carries_no_domain_types PASSED [ 36%]
tests/unit/persistence/test_audit_mapping.py::test_an_unknown_stored_value_fails_on_read[action] PASSED [ 36%]
tests/unit/persistence/test_audit_mapping.py::test_an_unknown_stored_value_fails_on_read[outcome] PASSED [ 36%]
tests/unit/persistence/test_audit_mapping.py::test_the_failure_names_the_row_and_the_field PASSED [ 36%]
tests/unit/persistence/test_audit_mapping.py::test_a_reconstructed_record_is_not_reusing_the_row_identity PASSED [ 36%]
tests/unit/persistence/test_authorisation_directory.py::test_tenant_lock_key_is_stable_and_account_specific PASSED [ 36%]
tests/unit/persistence/test_authorisation_directory.py::test_holders_are_reconstructed_as_domain_principals PASSED [ 36%]
tests/unit/persistence/test_authorisation_directory.py::test_manager_count_is_returned_without_application_sql PASSED [ 36%]
tests/unit/persistence/test_authorisation_mapping.py::test_an_empty_role_survives_the_complete_mapping_round_trip PASSED [ 36%]
tests/unit/persistence/test_authorisation_mapping.py::test_permission_evidence_survives_the_complete_mapping_round_trip PASSED [ 36%]
tests/unit/persistence/test_authorisation_mapping.py::test_an_unknown_stored_permission_is_bad_data_not_an_implicit_grant PASSED [ 36%]
tests/unit/persistence/test_authorisation_mapping.py::test_a_permission_row_for_another_tenant_is_refused PASSED [ 36%]
tests/unit/persistence/test_authorisation_mapping.py::test_duplicate_permission_rows_are_refused_instead_of_collapsed PASSED [ 36%]
tests/unit/persistence/test_authorisation_mapping.py::test_principal_assignment_mapping_is_lossless PASSED [ 37%]
tests/unit/persistence/test_authorisation_mapping.py::test_record_fields_match_model_columns[RoleRecord-RoleModel] PASSED [ 37%]
tests/unit/persistence/test_authorisation_mapping.py::test_record_fields_match_model_columns[RolePermissionRecord-RolePermissionModel] PASSED [ 37%]
tests/unit/persistence/test_authorisation_repository.py::test_get_returns_none_for_a_missing_role PASSED [ 37%]
tests/unit/persistence/test_authorisation_repository.py::test_get_reconstructs_the_role_and_its_live_grants PASSED [ 37%]
tests/unit/persistence/test_authorisation_repository.py::test_get_for_principal_distinguishes_unassigned_and_assigned PASSED [ 37%]
tests/unit/persistence/test_authorisation_repository.py::test_add_stages_the_role_and_every_live_grant_without_committing PASSED [ 37%]
tests/unit/persistence/test_authorisation_repository.py::test_update_replaces_grants_only_after_winning_compare_and_swap PASSED [ 37%]
tests/unit/persistence/test_authorisation_repository.py::test_update_refuses_a_stale_role_before_touching_its_grants PASSED [ 37%]
tests/unit/persistence/test_authorisation_schema.py::test_a_principal_can_hold_only_one_role PASSED [ 37%]
tests/unit/persistence/test_authorisation_schema.py::test_a_role_name_is_unique_within_a_tenant_not_across_the_platform PASSED [ 37%]
tests/unit/persistence/test_authorisation_schema.py::test_a_role_is_optimistically_versioned PASSED [ 37%]
tests/unit/persistence/test_authorisation_schema.py::test_a_role_exists_independently_of_its_permissions PASSED [ 37%]
tests/unit/persistence/test_authorisation_schema.py::test_a_grant_is_the_row_itself_with_no_boolean_to_disagree_with_it PASSED [ 37%]
tests/unit/persistence/test_authorisation_schema.py::test_a_permission_grant_cannot_outlive_the_role_it_names PASSED [ 37%]
tests/unit/persistence/test_authorisation_schema.py::test_an_assignment_cannot_outlive_its_role_or_principal PASSED [ 37%]
tests/unit/persistence/test_authorisation_schema.py::test_the_principal_foreign_key_binds_identity_and_tenant_together PASSED [ 37%]
tests/unit/persistence/test_authorisation_schema.py::test_the_principal_exposes_the_composite_key_the_assignment_references PASSED [ 37%]
tests/unit/persistence/test_authorisation_schema.py::test_every_authorisation_table_carries_a_tenant[role] PASSED [ 37%]
tests/unit/persistence/test_authorisation_schema.py::test_every_authorisation_table_carries_a_tenant[role_permission] PASSED [ 37%]
tests/unit/persistence/test_authorisation_schema.py::test_every_authorisation_table_carries_a_tenant[principal_role] PASSED [ 37%]
tests/unit/persistence/test_authorisation_schema.py::test_no_authorisation_column_is_nullable[role] PASSED [ 37%]
tests/unit/persistence/test_authorisation_schema.py::test_no_authorisation_column_is_nullable[role_permission] PASSED [ 37%]
tests/unit/persistence/test_authorisation_schema.py::test_no_authorisation_column_is_nullable[principal_role] PASSED [ 38%]
tests/unit/persistence/test_authorisation_schema.py::test_the_permission_column_does_not_pin_the_enum_in_the_schema PASSED [ 38%]
tests/unit/persistence/test_authorisation_schema.py::test_the_accountable_actor_is_recorded_on_every_grant PASSED [ 38%]
tests/unit/persistence/test_column_types.py::test_money_round_trips_exactly PASSED [ 38%]
tests/unit/persistence/test_column_types.py::test_price_round_trips_at_full_precision PASSED [ 38%]
tests/unit/persistence/test_column_types.py::test_a_currency_derivative_tick_survives_storage PASSED [ 38%]
tests/unit/persistence/test_column_types.py::test_money_written_to_a_column_bound_to_another_currency_is_refused PASSED [ 38%]
tests/unit/persistence/test_column_types.py::test_quantity_round_trips_and_reasserts_its_invariant PASSED [ 38%]
tests/unit/persistence/test_column_types.py::test_a_negative_quantity_read_from_the_database_is_refused PASSED [ 38%]
tests/unit/persistence/test_column_types.py::test_ratio_round_trips_exactly PASSED [ 38%]
tests/unit/persistence/test_column_types.py::test_currency_column_round_trips PASSED [ 38%]
tests/unit/persistence/test_column_types.py::test_an_unknown_currency_code_is_refused_rather_than_guessed PASSED [ 38%]
tests/unit/persistence/test_column_types.py::test_identifiers_round_trip_as_native_uuids PASSED [ 38%]
tests/unit/persistence/test_column_types.py::test_an_identifier_column_returns_only_its_bound_type PASSED [ 38%]
tests/unit/persistence/test_column_types.py::test_copying_an_identifier_column_preserves_its_bound_type PASSED [ 38%]
tests/unit/persistence/test_column_types.py::test_every_column_type_handles_null[MoneyAmount] PASSED [ 38%]
tests/unit/persistence/test_column_types.py::test_every_column_type_handles_null[MoneyCurrency] PASSED [ 38%]
tests/unit/persistence/test_column_types.py::test_every_column_type_handles_null[PriceUnits] PASSED [ 38%]
tests/unit/persistence/test_column_types.py::test_every_column_type_handles_null[QuantityUnits] PASSED [ 38%]
tests/unit/persistence/test_column_types.py::test_every_column_type_handles_null[RatioValue] PASSED [ 38%]
tests/unit/persistence/test_column_types.py::test_every_column_type_handles_null[SurrogateIdType] PASSED [ 38%]
tests/unit/persistence/test_column_types.py::test_every_column_type_is_cacheable[MoneyAmount] PASSED [ 38%]
tests/unit/persistence/test_column_types.py::test_every_column_type_is_cacheable[PriceUnits] PASSED [ 39%]
tests/unit/persistence/test_column_types.py::test_every_column_type_is_cacheable[QuantityUnits] PASSED [ 39%]
tests/unit/persistence/test_column_types.py::test_every_column_type_is_cacheable[RatioValue] PASSED [ 39%]
tests/unit/persistence/test_credential_mapping.py::test_domain_to_record_to_domain_is_lossless PASSED [ 39%]
tests/unit/persistence/test_credential_mapping.py::test_the_binding_survives_the_round_trip PASSED [ 39%]
tests/unit/persistence/test_credential_mapping.py::test_record_to_model_kwargs_covers_every_column PASSED [ 39%]
tests/unit/persistence/test_credential_mapping.py::test_the_model_and_the_record_describe_the_same_row PASSED [ 39%]
tests/unit/persistence/test_credential_mapping.py::test_a_model_maps_to_a_record_field_for_field PASSED [ 39%]
tests/unit/persistence/test_credential_mapping.py::test_the_record_carries_no_domain_types PASSED [ 39%]
tests/unit/persistence/test_credential_mapping.py::test_the_mapper_imports_no_cipher PASSED [ 39%]
tests/unit/persistence/test_credential_mapping.py::test_the_factory_mints_no_identifier PASSED [ 39%]
tests/unit/persistence/test_identity_mapping.py::test_a_principal_survives_the_round_trip PASSED [ 39%]
tests/unit/persistence/test_identity_mapping.py::test_the_password_hash_comes_back_as_a_type_not_a_string PASSED [ 39%]
tests/unit/persistence/test_identity_mapping.py::test_enrolment_survives_as_a_pair_or_as_neither PASSED [ 39%]
tests/unit/persistence/test_identity_mapping.py::test_half_a_sealed_secret_fails_on_read[totp_secret] PASSED [ 39%]
tests/unit/persistence/test_identity_mapping.py::test_half_a_sealed_secret_fails_on_read[totp_wrapped_key] PASSED [ 39%]
tests/unit/persistence/test_identity_mapping.py::test_the_principal_model_and_record_describe_the_same_row PASSED [ 39%]
tests/unit/persistence/test_identity_mapping.py::test_principal_kwargs_cover_every_column PASSED [ 39%]
tests/unit/persistence/test_identity_mapping.py::test_a_principal_model_maps_back_field_for_field PASSED [ 39%]
tests/unit/persistence/test_identity_mapping.py::test_a_refresh_token_survives_the_round_trip PASSED [ 39%]
tests/unit/persistence/test_identity_mapping.py::test_the_lineage_survives_exactly PASSED [ 39%]
tests/unit/persistence/test_identity_mapping.py::test_a_successor_keeps_its_parent_link_through_the_mapping PASSED [ 39%]
tests/unit/persistence/test_identity_mapping.py::test_the_refresh_token_model_and_record_describe_the_same_row PASSED [ 40%]
tests/unit/persistence/test_identity_mapping.py::test_refresh_token_kwargs_cover_every_column PASSED [ 40%]
tests/unit/persistence/test_identity_mapping.py::test_a_refresh_token_model_maps_back_field_for_field PASSED [ 40%]
tests/unit/persistence/test_identity_mapping.py::test_the_records_carry_no_domain_types PASSED [ 40%]
tests/unit/persistence/test_identity_mapping.py::test_the_refresh_token_record_has_no_version_field PASSED [ 40%]
tests/unit/persistence/test_identity_repository.py::test_principal_lookups_distinguish_missing_rows_from_reconstruction PASSED [ 40%]
tests/unit/persistence/test_identity_repository.py::test_principal_add_stages_a_complete_row_without_committing PASSED [ 40%]
tests/unit/persistence/test_identity_repository.py::test_principal_update_reports_compare_and_swap_loss PASSED [ 40%]
tests/unit/persistence/test_identity_repository.py::test_refresh_lookup_and_add_preserve_missing_and_present_states PASSED [ 40%]
tests/unit/persistence/test_identity_repository.py::test_mark_replaced_reports_exactly_whether_rotation_won[1-True] PASSED [ 40%]
tests/unit/persistence/test_identity_repository.py::test_mark_replaced_reports_exactly_whether_rotation_won[0-False] PASSED [ 40%]
tests/unit/persistence/test_identity_repository.py::test_revoke_lineage_returns_the_database_affected_row_count PASSED [ 40%]
tests/unit/persistence/test_identity_unit_of_work.py::test_identity_stores_are_bound_to_the_one_active_session PASSED [ 40%]
tests/unit/persistence/test_identity_unit_of_work.py::test_identity_commit_and_explicit_rollback_delegate_to_the_inner_uow PASSED [ 40%]
tests/unit/persistence/test_mapping_layer.py::test_domain_to_record_to_domain_is_lossless PASSED [ 40%]
tests/unit/persistence/test_mapping_layer.py::test_record_to_model_kwargs_covers_every_column PASSED [ 40%]
tests/unit/persistence/test_mapping_layer.py::test_money_survives_the_full_flow_exactly PASSED [ 40%]
tests/unit/persistence/test_mapping_layer.py::test_price_survives_the_full_flow_at_eight_decimal_places PASSED [ 40%]
tests/unit/persistence/test_mapping_layer.py::test_reconstruction_verifies_the_trading_day_against_the_calendar PASSED [ 40%]
tests/unit/persistence/test_mapping_layer.py::test_the_mapper_holds_no_calendar PASSED [ 40%]
tests/unit/persistence/test_mapping_layer.py::test_the_record_carries_no_domain_types PASSED [ 40%]
tests/unit/persistence/test_mapping_layer.py::test_a_zero_close_is_refused PASSED [ 40%]
tests/unit/persistence/test_mapping_layer.py::test_negative_turnover_is_refused PASSED [ 41%]
tests/unit/persistence/test_mapping_layer.py::test_revising_a_close_advances_the_version PASSED [ 41%]
tests/unit/persistence/test_mapping_layer.py::test_the_domain_module_imports_no_persistence_framework PASSED [ 41%]
tests/unit/persistence/test_migration_discipline.py::test_at_least_one_migration_exists PASSED [ 41%]
tests/unit/persistence/test_migration_discipline.py::test_every_migration_declares_the_required_fields[Reversibility:-20260726_0000_initial_schema] PASSED [ 41%]
tests/unit/persistence/test_migration_discipline.py::test_every_migration_declares_the_required_fields[Reversibility:-20260729_0000_example_tick_timeseries] PASSED [ 41%]
tests/unit/persistence/test_migration_discipline.py::test_every_migration_declares_the_required_fields[Reversibility:-20260729_0100_outbox_envelope_columns] PASSED [ 41%]
tests/unit/persistence/test_migration_discipline.py::test_every_migration_declares_the_required_fields[Reversibility:-20260729_0200_outbox_lease_columns] PASSED [ 41%]
tests/unit/persistence/test_migration_discipline.py::test_every_migration_declares_the_required_fields[Reversibility:-20260729_0300_outbox_aggregate_type] PASSED [ 41%]
tests/unit/persistence/test_migration_discipline.py::test_every_migration_declares_the_required_fields[Reversibility:-20260731_0400_processed_event] PASSED [ 41%]
tests/unit/persistence/test_migration_discipline.py::test_every_migration_declares_the_required_fields[Reversibility:-20260801_0500_credential] PASSED [ 41%]
tests/unit/persistence/test_migration_discipline.py::test_every_migration_declares_the_required_fields[Reversibility:-20260801_0600_audit_log] PASSED [ 41%]
tests/unit/persistence/test_migration_discipline.py::test_every_migration_declares_the_required_fields[Reversibility:-20260801_0700_refresh_token] PASSED [ 41%]
tests/unit/persistence/test_migration_discipline.py::test_every_migration_declares_the_required_fields[Reversibility:-20260802_0800_principal] PASSED [ 41%]
tests/unit/persistence/test_migration_discipline.py::test_every_migration_declares_the_required_fields[Reversibility:-20260802_0900_authorisation] PASSED [ 41%]
tests/unit/persistence/test_migration_discipline.py::test_every_migration_declares_the_required_fields[Reversibility:-20260802_1000_rls_scaffolding] PASSED [ 41%]
tests/unit/persistence/test_migration_discipline.py::test_every_migration_declares_the_required_fields[Reversibility:-20260802_1100_reference_watchlist] PASSED [ 41%]
tests/unit/persistence/test_migration_discipline.py::test_every_migration_declares_the_required_fields[Reversibility:-20260802_1200_instrument_master_archive] PASSED [ 41%]
tests/unit/persistence/test_migration_discipline.py::test_every_migration_declares_the_required_fields[Reversibility:-20260802_1300_daily_market_bars] PASSED [ 41%]
tests/unit/persistence/test_migration_discipline.py::test_every_migration_declares_the_required_fields[Rollback procedure:-20260726_0000_initial_schema] PASSED [ 41%]
tests/unit/persistence/test_migration_discipline.py::test_every_migration_declares_the_required_fields[Rollback procedure:-20260729_0000_example_tick_timeseries] PASSED [ 41%]
tests/unit/persistence/test_migration_discipline.py::test_every_migration_declares_the_required_fields[Rollback procedure:-20260729_0100_outbox_envelope_columns] PASSED [ 41%]
tests/unit/persistence/test_migration_discipline.py::test_every_migration_declares_the_required_fields[Rollback procedure:-20260729_0200_outbox_lease_columns] PASSED [ 41%]
tests/unit/persistence/test_migration_discipline.py::test_every_migration_declares_the_required_fields[Rollback procedure:-20260729_0300_outbox_aggregate_type] PASSED [ 42%]
tests/unit/persistence/test_migration_discipline.py::test_every_migration_declares_the_required_fields[Rollback procedure:-20260731_0400_processed_event] PASSED [ 42%]
tests/unit/persistence/test_migration_discipline.py::test_every_migration_declares_the_required_fields[Rollback procedure:-20260801_0500_credential] PASSED [ 42%]
tests/unit/persistence/test_migration_discipline.py::test_every_migration_declares_the_required_fields[Rollback procedure:-20260801_0600_audit_log] PASSED [ 42%]
tests/unit/persistence/test_migration_discipline.py::test_every_migration_declares_the_required_fields[Rollback procedure:-20260801_0700_refresh_token] PASSED [ 42%]
tests/unit/persistence/test_migration_discipline.py::test_every_migration_declares_the_required_fields[Rollback procedure:-20260802_0800_principal] PASSED [ 42%]
tests/unit/persistence/test_migration_discipline.py::test_every_migration_declares_the_required_fields[Rollback procedure:-20260802_0900_authorisation] PASSED [ 42%]
tests/unit/persistence/test_migration_discipline.py::test_every_migration_declares_the_required_fields[Rollback procedure:-20260802_1000_rls_scaffolding] PASSED [ 42%]
tests/unit/persistence/test_migration_discipline.py::test_every_migration_declares_the_required_fields[Rollback procedure:-20260802_1100_reference_watchlist] PASSED [ 42%]
tests/unit/persistence/test_migration_discipline.py::test_every_migration_declares_the_required_fields[Rollback procedure:-20260802_1200_instrument_master_archive] PASSED [ 42%]
tests/unit/persistence/test_migration_discipline.py::test_every_migration_declares_the_required_fields[Rollback procedure:-20260802_1300_daily_market_bars] PASSED [ 42%]
tests/unit/persistence/test_migration_discipline.py::test_every_migration_declares_the_required_fields[Irreversible operations:-20260726_0000_initial_schema] PASSED [ 42%]
tests/unit/persistence/test_migration_discipline.py::test_every_migration_declares_the_required_fields[Irreversible operations:-20260729_0000_example_tick_timeseries] PASSED [ 42%]
tests/unit/persistence/test_migration_discipline.py::test_every_migration_declares_the_required_fields[Irreversible operations:-20260729_0100_outbox_envelope_columns] PASSED [ 42%]
tests/unit/persistence/test_migration_discipline.py::test_every_migration_declares_the_required_fields[Irreversible operations:-20260729_0200_outbox_lease_columns] PASSED [ 42%]
tests/unit/persistence/test_migration_discipline.py::test_every_migration_declares_the_required_fields[Irreversible operations:-20260729_0300_outbox_aggregate_type] PASSED [ 42%]
tests/unit/persistence/test_migration_discipline.py::test_every_migration_declares_the_required_fields[Irreversible operations:-20260731_0400_processed_event] PASSED [ 42%]
tests/unit/persistence/test_migration_discipline.py::test_every_migration_declares_the_required_fields[Irreversible operations:-20260801_0500_credential] PASSED [ 42%]
tests/unit/persistence/test_migration_discipline.py::test_every_migration_declares_the_required_fields[Irreversible operations:-20260801_0600_audit_log] PASSED [ 42%]
tests/unit/persistence/test_migration_discipline.py::test_every_migration_declares_the_required_fields[Irreversible operations:-20260801_0700_refresh_token] PASSED [ 42%]
tests/unit/persistence/test_migration_discipline.py::test_every_migration_declares_the_required_fields[Irreversible operations:-20260802_0800_principal] PASSED [ 42%]
tests/unit/persistence/test_migration_discipline.py::test_every_migration_declares_the_required_fields[Irreversible operations:-20260802_0900_authorisation] PASSED [ 42%]
tests/unit/persistence/test_migration_discipline.py::test_every_migration_declares_the_required_fields[Irreversible operations:-20260802_1000_rls_scaffolding] PASSED [ 43%]
tests/unit/persistence/test_migration_discipline.py::test_every_migration_declares_the_required_fields[Irreversible operations:-20260802_1100_reference_watchlist] PASSED [ 43%]
tests/unit/persistence/test_migration_discipline.py::test_every_migration_declares_the_required_fields[Irreversible operations:-20260802_1200_instrument_master_archive] PASSED [ 43%]
tests/unit/persistence/test_migration_discipline.py::test_every_migration_declares_the_required_fields[Irreversible operations:-20260802_1300_daily_market_bars] PASSED [ 43%]
tests/unit/persistence/test_migration_discipline.py::test_every_migration_declares_the_required_fields[Expected runtime:-20260726_0000_initial_schema] PASSED [ 43%]
tests/unit/persistence/test_migration_discipline.py::test_every_migration_declares_the_required_fields[Expected runtime:-20260729_0000_example_tick_timeseries] PASSED [ 43%]
tests/unit/persistence/test_migration_discipline.py::test_every_migration_declares_the_required_fields[Expected runtime:-20260729_0100_outbox_envelope_columns] PASSED [ 43%]
tests/unit/persistence/test_migration_discipline.py::test_every_migration_declares_the_required_fields[Expected runtime:-20260729_0200_outbox_lease_columns] PASSED [ 43%]
tests/unit/persistence/test_migration_discipline.py::test_every_migration_declares_the_required_fields[Expected runtime:-20260729_0300_outbox_aggregate_type] PASSED [ 43%]
tests/unit/persistence/test_migration_discipline.py::test_every_migration_declares_the_required_fields[Expected runtime:-20260731_0400_processed_event] PASSED [ 43%]
tests/unit/persistence/test_migration_discipline.py::test_every_migration_declares_the_required_fields[Expected runtime:-20260801_0500_credential] PASSED [ 43%]
tests/unit/persistence/test_migration_discipline.py::test_every_migration_declares_the_required_fields[Expected runtime:-20260801_0600_audit_log] PASSED [ 43%]
tests/unit/persistence/test_migration_discipline.py::test_every_migration_declares_the_required_fields[Expected runtime:-20260801_0700_refresh_token] PASSED [ 43%]
tests/unit/persistence/test_migration_discipline.py::test_every_migration_declares_the_required_fields[Expected runtime:-20260802_0800_principal] PASSED [ 43%]
tests/unit/persistence/test_migration_discipline.py::test_every_migration_declares_the_required_fields[Expected runtime:-20260802_0900_authorisation] PASSED [ 43%]
tests/unit/persistence/test_migration_discipline.py::test_every_migration_declares_the_required_fields[Expected runtime:-20260802_1000_rls_scaffolding] PASSED [ 43%]
tests/unit/persistence/test_migration_discipline.py::test_every_migration_declares_the_required_fields[Expected runtime:-20260802_1100_reference_watchlist] PASSED [ 43%]
tests/unit/persistence/test_migration_discipline.py::test_every_migration_declares_the_required_fields[Expected runtime:-20260802_1200_instrument_master_archive] PASSED [ 43%]
tests/unit/persistence/test_migration_discipline.py::test_every_migration_declares_the_required_fields[Expected runtime:-20260802_1300_daily_market_bars] PASSED [ 43%]
tests/unit/persistence/test_migration_discipline.py::test_every_migration_declares_the_required_fields[Operational impact:-20260726_0000_initial_schema] PASSED [ 43%]
tests/unit/persistence/test_migration_discipline.py::test_every_migration_declares_the_required_fields[Operational impact:-20260729_0000_example_tick_timeseries] PASSED [ 43%]
tests/unit/persistence/test_migration_discipline.py::test_every_migration_declares_the_required_fields[Operational impact:-20260729_0100_outbox_envelope_columns] PASSED [ 43%]
tests/unit/persistence/test_migration_discipline.py::test_every_migration_declares_the_required_fields[Operational impact:-20260729_0200_outbox_lease_columns] PASSED [ 44%]
tests/unit/persistence/test_migration_discipline.py::test_every_migration_declares_the_required_fields[Operational impact:-20260729_0300_outbox_aggregate_type] PASSED [ 44%]
tests/unit/persistence/test_migration_discipline.py::test_every_migration_declares_the_required_fields[Operational impact:-20260731_0400_processed_event] PASSED [ 44%]
tests/unit/persistence/test_migration_discipline.py::test_every_migration_declares_the_required_fields[Operational impact:-20260801_0500_credential] PASSED [ 44%]
tests/unit/persistence/test_migration_discipline.py::test_every_migration_declares_the_required_fields[Operational impact:-20260801_0600_audit_log] PASSED [ 44%]
tests/unit/persistence/test_migration_discipline.py::test_every_migration_declares_the_required_fields[Operational impact:-20260801_0700_refresh_token] PASSED [ 44%]
tests/unit/persistence/test_migration_discipline.py::test_every_migration_declares_the_required_fields[Operational impact:-20260802_0800_principal] PASSED [ 44%]
tests/unit/persistence/test_migration_discipline.py::test_every_migration_declares_the_required_fields[Operational impact:-20260802_0900_authorisation] PASSED [ 44%]
tests/unit/persistence/test_migration_discipline.py::test_every_migration_declares_the_required_fields[Operational impact:-20260802_1000_rls_scaffolding] PASSED [ 44%]
tests/unit/persistence/test_migration_discipline.py::test_every_migration_declares_the_required_fields[Operational impact:-20260802_1100_reference_watchlist] PASSED [ 44%]
tests/unit/persistence/test_migration_discipline.py::test_every_migration_declares_the_required_fields[Operational impact:-20260802_1200_instrument_master_archive] PASSED [ 44%]
tests/unit/persistence/test_migration_discipline.py::test_every_migration_declares_the_required_fields[Operational impact:-20260802_1300_daily_market_bars] PASSED [ 44%]
tests/unit/persistence/test_migration_discipline.py::test_every_migration_uses_a_valid_classification[20260726_0000_initial_schema] PASSED [ 44%]
tests/unit/persistence/test_migration_discipline.py::test_every_migration_uses_a_valid_classification[20260729_0000_example_tick_timeseries] PASSED [ 44%]
tests/unit/persistence/test_migration_discipline.py::test_every_migration_uses_a_valid_classification[20260729_0100_outbox_envelope_columns] PASSED [ 44%]
tests/unit/persistence/test_migration_discipline.py::test_every_migration_uses_a_valid_classification[20260729_0200_outbox_lease_columns] PASSED [ 44%]
tests/unit/persistence/test_migration_discipline.py::test_every_migration_uses_a_valid_classification[20260729_0300_outbox_aggregate_type] PASSED [ 44%]
tests/unit/persistence/test_migration_discipline.py::test_every_migration_uses_a_valid_classification[20260731_0400_processed_event] PASSED [ 44%]
tests/unit/persistence/test_migration_discipline.py::test_every_migration_uses_a_valid_classification[20260801_0500_credential] PASSED [ 44%]
tests/unit/persistence/test_migration_discipline.py::test_every_migration_uses_a_valid_classification[20260801_0600_audit_log] PASSED [ 44%]
tests/unit/persistence/test_migration_discipline.py::test_every_migration_uses_a_valid_classification[20260801_0700_refresh_token] PASSED [ 44%]
tests/unit/persistence/test_migration_discipline.py::test_every_migration_uses_a_valid_classification[20260802_0800_principal] PASSED [ 44%]
tests/unit/persistence/test_migration_discipline.py::test_every_migration_uses_a_valid_classification[20260802_0900_authorisation] PASSED [ 45%]
tests/unit/persistence/test_migration_discipline.py::test_every_migration_uses_a_valid_classification[20260802_1000_rls_scaffolding] PASSED [ 45%]
tests/unit/persistence/test_migration_discipline.py::test_every_migration_uses_a_valid_classification[20260802_1100_reference_watchlist] PASSED [ 45%]
tests/unit/persistence/test_migration_discipline.py::test_every_migration_uses_a_valid_classification[20260802_1200_instrument_master_archive] PASSED [ 45%]
tests/unit/persistence/test_migration_discipline.py::test_every_migration_uses_a_valid_classification[20260802_1300_daily_market_bars] PASSED [ 45%]
tests/unit/persistence/test_migration_discipline.py::test_no_migration_still_carries_the_template_placeholders[20260726_0000_initial_schema] PASSED [ 45%]
tests/unit/persistence/test_migration_discipline.py::test_no_migration_still_carries_the_template_placeholders[20260729_0000_example_tick_timeseries] PASSED [ 45%]
tests/unit/persistence/test_migration_discipline.py::test_no_migration_still_carries_the_template_placeholders[20260729_0100_outbox_envelope_columns] PASSED [ 45%]
tests/unit/persistence/test_migration_discipline.py::test_no_migration_still_carries_the_template_placeholders[20260729_0200_outbox_lease_columns] PASSED [ 45%]
tests/unit/persistence/test_migration_discipline.py::test_no_migration_still_carries_the_template_placeholders[20260729_0300_outbox_aggregate_type] PASSED [ 45%]
tests/unit/persistence/test_migration_discipline.py::test_no_migration_still_carries_the_template_placeholders[20260731_0400_processed_event] PASSED [ 45%]
tests/unit/persistence/test_migration_discipline.py::test_no_migration_still_carries_the_template_placeholders[20260801_0500_credential] PASSED [ 45%]
tests/unit/persistence/test_migration_discipline.py::test_no_migration_still_carries_the_template_placeholders[20260801_0600_audit_log] PASSED [ 45%]
tests/unit/persistence/test_migration_discipline.py::test_no_migration_still_carries_the_template_placeholders[20260801_0700_refresh_token] PASSED [ 45%]
tests/unit/persistence/test_migration_discipline.py::test_no_migration_still_carries_the_template_placeholders[20260802_0800_principal] PASSED [ 45%]
tests/unit/persistence/test_migration_discipline.py::test_no_migration_still_carries_the_template_placeholders[20260802_0900_authorisation] PASSED [ 45%]
tests/unit/persistence/test_migration_discipline.py::test_no_migration_still_carries_the_template_placeholders[20260802_1000_rls_scaffolding] PASSED [ 45%]
tests/unit/persistence/test_migration_discipline.py::test_no_migration_still_carries_the_template_placeholders[20260802_1100_reference_watchlist] PASSED [ 45%]
tests/unit/persistence/test_migration_discipline.py::test_no_migration_still_carries_the_template_placeholders[20260802_1200_instrument_master_archive] PASSED [ 45%]
tests/unit/persistence/test_migration_discipline.py::test_no_migration_still_carries_the_template_placeholders[20260802_1300_daily_market_bars] PASSED [ 45%]
tests/unit/persistence/test_migration_discipline.py::test_a_reversible_migration_implements_downgrade[20260726_0000_initial_schema] PASSED [ 45%]
tests/unit/persistence/test_migration_discipline.py::test_a_reversible_migration_implements_downgrade[20260729_0000_example_tick_timeseries] PASSED [ 45%]
tests/unit/persistence/test_migration_discipline.py::test_a_reversible_migration_implements_downgrade[20260729_0100_outbox_envelope_columns] PASSED [ 45%]
tests/unit/persistence/test_migration_discipline.py::test_a_reversible_migration_implements_downgrade[20260729_0200_outbox_lease_columns] PASSED [ 46%]
tests/unit/persistence/test_migration_discipline.py::test_a_reversible_migration_implements_downgrade[20260729_0300_outbox_aggregate_type] PASSED [ 46%]
tests/unit/persistence/test_migration_discipline.py::test_a_reversible_migration_implements_downgrade[20260731_0400_processed_event] PASSED [ 46%]
tests/unit/persistence/test_migration_discipline.py::test_a_reversible_migration_implements_downgrade[20260801_0500_credential] PASSED [ 46%]
tests/unit/persistence/test_migration_discipline.py::test_a_reversible_migration_implements_downgrade[20260801_0600_audit_log] PASSED [ 46%]
tests/unit/persistence/test_migration_discipline.py::test_a_reversible_migration_implements_downgrade[20260801_0700_refresh_token] PASSED [ 46%]
tests/unit/persistence/test_migration_discipline.py::test_a_reversible_migration_implements_downgrade[20260802_0800_principal] PASSED [ 46%]
tests/unit/persistence/test_migration_discipline.py::test_a_reversible_migration_implements_downgrade[20260802_0900_authorisation] PASSED [ 46%]
tests/unit/persistence/test_migration_discipline.py::test_a_reversible_migration_implements_downgrade[20260802_1000_rls_scaffolding] PASSED [ 46%]
tests/unit/persistence/test_migration_discipline.py::test_a_reversible_migration_implements_downgrade[20260802_1100_reference_watchlist] PASSED [ 46%]
tests/unit/persistence/test_migration_discipline.py::test_a_reversible_migration_implements_downgrade[20260802_1200_instrument_master_archive] PASSED [ 46%]
tests/unit/persistence/test_migration_discipline.py::test_a_reversible_migration_implements_downgrade[20260802_1300_daily_market_bars] PASSED [ 46%]
tests/unit/persistence/test_migration_discipline.py::test_the_script_template_carries_the_required_header PASSED [ 46%]
tests/unit/persistence/test_migration_discipline.py::test_the_alembic_config_carries_no_database_url PASSED [ 46%]
tests/unit/persistence/test_persistence_contracts.py::test_no_protocol_names_a_persistence_framework PASSED [ 46%]
tests/unit/persistence/test_persistence_contracts.py::test_a_repository_cannot_commit PASSED [ 46%]
tests/unit/persistence/test_persistence_contracts.py::test_the_unit_of_work_owns_the_transaction PASSED [ 46%]
tests/unit/persistence/test_persistence_contracts.py::test_the_unit_of_work_is_an_async_context_manager PASSED [ 46%]
tests/unit/persistence/test_persistence_contracts.py::test_timeseries_storage_exposes_only_append PASSED [ 46%]
tests/unit/persistence/test_persistence_contracts.py::test_timeseries_storage_deals_in_rows_not_objects PASSED [ 46%]
tests/unit/persistence/test_persistence_contracts.py::test_every_contract_is_runtime_checkable[Repository] PASSED [ 46%]
tests/unit/persistence/test_persistence_contracts.py::test_every_contract_is_runtime_checkable[UnitOfWork] PASSED [ 46%]
tests/unit/persistence/test_persistence_contracts.py::test_every_contract_is_runtime_checkable[TimeSeriesStorage] PASSED [ 47%]
tests/unit/persistence/test_unit_of_work.py::test_an_account_scoped_transaction_sets_context_before_work PASSED [ 47%]
tests/unit/persistence/test_unit_of_work.py::test_a_successful_commit_commits_then_closes PASSED [ 47%]
tests/unit/persistence/test_unit_of_work.py::test_committing_does_not_also_roll_back PASSED [ 47%]
tests/unit/persistence/test_unit_of_work.py::test_leaving_without_committing_rolls_back PASSED [ 47%]
tests/unit/persistence/test_unit_of_work.py::test_an_exception_rolls_back_and_propagates PASSED [ 47%]
tests/unit/persistence/test_unit_of_work.py::test_an_exception_after_commit_does_not_roll_back_the_commit PASSED [ 47%]
tests/unit/persistence/test_unit_of_work.py::test_nesting_is_refused_rather_than_joined PASSED [ 47%]
tests/unit/persistence/test_unit_of_work.py::test_a_unit_of_work_can_be_reused_sequentially PASSED [ 47%]
tests/unit/persistence/test_unit_of_work.py::test_the_session_is_always_closed[clean] PASSED [ 47%]
tests/unit/persistence/test_unit_of_work.py::test_the_session_is_always_closed[exception] PASSED [ 47%]
tests/unit/persistence/test_unit_of_work.py::test_the_session_is_closed_even_when_commit_itself_fails PASSED [ 47%]
tests/unit/persistence/test_unit_of_work.py::test_the_session_is_unreachable_outside_the_boundary PASSED [ 47%]
tests/unit/persistence/test_unit_of_work.py::test_a_repository_committing_is_visible_as_an_extra_commit PASSED [ 47%]
tests/unit/persistence/test_unit_of_work.py::test_an_event_is_staged_into_the_transaction_not_published PASSED [ 47%]
tests/unit/persistence/test_unit_of_work.py::test_a_staged_event_is_discarded_when_the_transaction_rolls_back PASSED [ 47%]
tests/unit/persistence/test_unit_of_work.py::test_a_staged_event_is_discarded_when_the_commit_fails PASSED [ 47%]
tests/unit/persistence/test_unit_of_work.py::test_events_do_not_leak_between_transactions PASSED [ 47%]
tests/unit/persistence/test_unit_of_work.py::test_staged_events_are_visible_before_commit PASSED [ 47%]
tests/unit/persistence/test_unit_of_work.py::test_the_staged_row_carries_the_bitemporal_pair_from_the_clock PASSED [ 47%]
tests/unit/persistence/test_unit_of_work.py::test_the_staged_row_carries_aggregate_and_account_scope PASSED [ 47%]
tests/unit/reference/test_instrument_archive_application.py::test_refresh_resolves_then_commits_one_complete_archive PASSED [ 47%]
tests/unit/reference/test_instrument_discovery.py::test_exact_owner_universe_resolves_cash_and_dynamic_futures PASSED [ 48%]
tests/unit/reference/test_instrument_discovery.py::test_options_expired_contracts_and_invalid_lots_never_create_futures PASSED [ 48%]
tests/unit/reference/test_instrument_discovery.py::test_ambiguous_contract_month_degrades_only_that_underlying PASSED [ 48%]
tests/unit/reference/test_instrument_discovery.py::test_provider_token_turnover_does_not_change_contract_identity PASSED [ 48%]
tests/unit/reference/test_instrument_discovery.py::test_master_assigned_to_another_date_is_rejected_as_stale PASSED [ 48%]
tests/unit/reference/test_owner_universe.py::test_exact_owner_watchlist_and_names_are_preserved PASSED [ 48%]
tests/unit/reference/test_owner_universe.py::test_nam_india_and_mahindra_punctuation_is_exact PASSED [ 48%]
tests/unit/reference/test_owner_universe.py::test_nifty_is_a_separate_non_watchlist_benchmark PASSED [ 48%]
tests/unit/reference/test_owner_universe.py::test_aliases_and_historical_names_remain_separate_from_symbols PASSED [ 48%]
tests/unit/reference/test_owner_universe.py::test_futures_are_requested_but_not_statically_declared_eligible PASSED [ 48%]
tests/unit/reference/test_owner_universe.py::test_required_concentration_categories_are_exposed PASSED [ 48%]
tests/unit/reference/test_reference_mapping.py::test_identity_domain_record_round_trip_is_lossless PASSED [ 48%]
tests/unit/reference/test_reference_mapping.py::test_membership_domain_record_round_trip_is_lossless PASSED [ 48%]
tests/unit/reference/test_reference_mapping.py::test_source_revision_identity_is_stable_across_provider_retry_time PASSED [ 48%]
tests/unit/reference/test_reference_mapping.py::test_model_kwargs_cover_every_record_field PASSED [ 48%]
tests/unit/reference/test_reference_mapping.py::test_reference_metadata_contains_all_archive_and_watchlist_tables PASSED [ 48%]
tests/unit/reference/test_reference_mapping.py::test_membership_account_is_non_nullable PASSED [ 48%]
tests/unit/reference/test_watchlist.py::test_punctuation_is_part_of_the_canonical_symbol PASSED [ 48%]
tests/unit/reference/test_watchlist.py::test_invalid_equity_symbols_are_refused[M AND M] PASSED [ 48%]
tests/unit/reference/test_watchlist.py::test_invalid_equity_symbols_are_refused[nam india] PASSED [ 48%]
tests/unit/reference/test_watchlist.py::test_invalid_equity_symbols_are_refused[-BAD] PASSED [ 48%]
tests/unit/reference/test_watchlist.py::test_invalid_equity_symbols_are_refused[BAD_SYMBOL] PASSED [ 48%]
tests/unit/reference/test_watchlist.py::test_nifty_index_identity_accepts_its_canonical_space PASSED [ 49%]
tests/unit/reference/test_watchlist.py::test_provider_tokens_are_optional_but_never_partial PASSED [ 49%]
tests/unit/reference/test_watchlist.py::test_aliases_are_case_insensitively_unique_and_sorted PASSED [ 49%]
tests/unit/reference/test_watchlist.py::test_identity_and_membership_windows_are_inclusive PASSED [ 49%]
tests/unit/reference/test_watchlist.py::test_recorded_time_must_be_utc_and_aware PASSED [ 49%]
tests/unit/reference/test_watchlist.py::test_join_refuses_different_stable_instruments PASSED [ 49%]
tests/unit/reference/test_watchlist_application.py::test_owner_universe_writes_21_identities_and_20_memberships PASSED [ 49%]
tests/unit/reference/test_watchlist_application.py::test_rerun_is_idempotent_even_when_observed_later PASSED [ 49%]
tests/unit/reference/test_watchlist_application.py::test_more_than_fifty_watchlist_members_is_refused_before_a_transaction PASSED [ 49%]
tests/unit/reference/test_watchlist_application.py::test_duplicate_symbols_are_refused PASSED [ 49%]
tests/unit/reference/test_watchlist_application.py::test_query_passes_both_effective_and_knowledge_time PASSED [ 49%]
tests/unit/reference/test_zerodha_instruments.py::test_sanitized_master_parses_exact_symbols_and_contract_fields PASSED [ 49%]
tests/unit/reference/test_zerodha_instruments.py::test_schema_drift_and_malformed_rows_fail_closed[instrument_token,exchange_token\n1,2\n-missing required columns] PASSED [ 49%]
tests/unit/reference/test_zerodha_instruments.py::test_schema_drift_and_malformed_rows_fail_closed[instrument_token,exchange_token,tradingsymbol,name,expiry,strike,tick_size,lot_size,instrument_type,segment,exchange\n1,2,ABC,ABC,not-a-date,0,0.05,1,EQ,NSE,NSE\n-malformed row] PASSED [ 49%]
tests/unit/reference/test_zerodha_instruments.py::test_duplicate_provider_tokens_are_rejected PASSED [ 49%]
tests/unit/reference/test_zerodha_instruments.py::test_adapter_rejects_nonofficial_or_redirecting_clients PASSED [ 49%]
tests/unit/reference/test_zerodha_instruments.py::test_adapter_uses_only_documented_read_headers_and_hashes_the_dump PASSED [ 49%]
tests/unit/reference/test_zerodha_instruments.py::test_expired_session_fails_without_leaking_credentials PASSED [ 49%]
tests/unit/reference/test_zerodha_instruments.py::test_rate_limit_retries_with_bounded_retry_after PASSED [ 49%]
tests/unit/reference/test_zerodha_instruments.py::test_persistent_rate_limit_and_server_errors_surface_distinctly PASSED [ 49%]
tests/unit/scheduling/test_beat_adapter.py::test_a_job_whose_moment_has_arrived_is_due PASSED [ 49%]
tests/unit/scheduling/test_beat_adapter.py::test_a_job_whose_moment_has_not_arrived_is_not_due PASSED [ 49%]
tests/unit/scheduling/test_beat_adapter.py::test_the_wait_is_the_time_remaining_when_that_is_short PASSED [ 50%]
tests/unit/scheduling/test_beat_adapter.py::test_the_wait_is_capped_however_far_away_the_moment_is PASSED [ 50%]
tests/unit/scheduling/test_beat_adapter.py::test_a_schedule_that_never_qualifies_reports_the_idle_wait PASSED [ 50%]
tests/unit/scheduling/test_beat_adapter.py::test_a_beat_that_was_down_over_a_firing_catches_it_rather_than_skipping PASSED [ 50%]
tests/unit/scheduling/test_beat_adapter.py::test_a_holiday_is_skipped_without_beat_knowing_what_a_holiday_is PASSED [ 50%]
tests/unit/scheduling/test_beat_adapter.py::test_a_due_verdict_still_reports_a_sleep PASSED [ 50%]
tests/unit/scheduling/test_beat_adapter.py::test_a_naive_last_run_is_refused PASSED [ 50%]
tests/unit/scheduling/test_beat_adapter.py::test_a_naive_clock_is_read_as_utc PASSED [ 50%]
tests/unit/scheduling/test_beat_adapter.py::test_an_overnight_firing_from_yesterdays_session_is_not_missed PASSED [ 50%]
tests/unit/scheduling/test_beat_adapter.py::test_two_beats_with_the_same_policy_compare_equal PASSED [ 50%]
tests/unit/scheduling/test_beat_adapter.py::test_a_beat_with_a_different_policy_does_not_compare_equal PASSED [ 50%]
tests/unit/scheduling/test_beat_adapter.py::test_a_beat_is_not_equal_to_an_unrelated_object PASSED [ 50%]
tests/unit/scheduling/test_beat_adapter.py::test_a_beat_survives_the_schedule_file PASSED [ 50%]
tests/unit/scheduling/test_beat_adapter.py::test_a_beat_describes_itself_for_an_operator PASSED [ 50%]
tests/unit/scheduling/test_errors_cross_the_worker_boundary.py::test_the_taxonomy_is_actually_discovered PASSED [ 50%]
tests/unit/scheduling/test_errors_cross_the_worker_boundary.py::test_an_error_survives_being_shipped_between_processes[AuthenticationError] PASSED [ 50%]
tests/unit/scheduling/test_errors_cross_the_worker_boundary.py::test_an_error_survives_being_shipped_between_processes[ConfigurationError] PASSED [ 50%]
tests/unit/scheduling/test_errors_cross_the_worker_boundary.py::test_an_error_survives_being_shipped_between_processes[ConflictError] PASSED [ 50%]
tests/unit/scheduling/test_errors_cross_the_worker_boundary.py::test_an_error_survives_being_shipped_between_processes[DataQualityError] PASSED [ 50%]
tests/unit/scheduling/test_errors_cross_the_worker_boundary.py::test_an_error_survives_being_shipped_between_processes[DegradedModeError] PASSED [ 50%]
tests/unit/scheduling/test_errors_cross_the_worker_boundary.py::test_an_error_survives_being_shipped_between_processes[DhruvaError] PASSED [ 50%]
tests/unit/scheduling/test_errors_cross_the_worker_boundary.py::test_an_error_survives_being_shipped_between_processes[DuplicateEventError] PASSED [ 50%]
tests/unit/scheduling/test_errors_cross_the_worker_boundary.py::test_an_error_survives_being_shipped_between_processes[ExternalServiceError] PASSED [ 50%]
tests/unit/scheduling/test_errors_cross_the_worker_boundary.py::test_an_error_survives_being_shipped_between_processes[InvariantViolation] PASSED [ 51%]
tests/unit/scheduling/test_errors_cross_the_worker_boundary.py::test_an_error_survives_being_shipped_between_processes[MissingDataError] PASSED [ 51%]
tests/unit/scheduling/test_errors_cross_the_worker_boundary.py::test_an_error_survives_being_shipped_between_processes[NotFoundError] PASSED [ 51%]
tests/unit/scheduling/test_errors_cross_the_worker_boundary.py::test_an_error_survives_being_shipped_between_processes[PermissionDeniedError] PASSED [ 51%]
tests/unit/scheduling/test_errors_cross_the_worker_boundary.py::test_an_error_survives_being_shipped_between_processes[PreconditionUnknownError] PASSED [ 51%]
tests/unit/scheduling/test_errors_cross_the_worker_boundary.py::test_an_error_survives_being_shipped_between_processes[RateLimitedError] PASSED [ 51%]
tests/unit/scheduling/test_errors_cross_the_worker_boundary.py::test_an_error_survives_being_shipped_between_processes[SafetyError] PASSED [ 51%]
tests/unit/scheduling/test_errors_cross_the_worker_boundary.py::test_an_error_survives_being_shipped_between_processes[StaleDataError] PASSED [ 51%]
tests/unit/scheduling/test_errors_cross_the_worker_boundary.py::test_an_error_survives_being_shipped_between_processes[TokenExpiredError] PASSED [ 51%]
tests/unit/scheduling/test_errors_cross_the_worker_boundary.py::test_an_error_survives_being_shipped_between_processes[TokenRevokedError] PASSED [ 51%]
tests/unit/scheduling/test_errors_cross_the_worker_boundary.py::test_an_error_survives_being_shipped_between_processes[UnencodableValueError] PASSED [ 51%]
tests/unit/scheduling/test_errors_cross_the_worker_boundary.py::test_an_error_survives_being_shipped_between_processes[UnknownTimeSeriesTableError] PASSED [ 51%]
tests/unit/scheduling/test_errors_cross_the_worker_boundary.py::test_an_error_survives_being_shipped_between_processes[UnsafeConfigurationError] PASSED [ 51%]
tests/unit/scheduling/test_errors_cross_the_worker_boundary.py::test_an_error_survives_being_shipped_between_processes[UnsupportedEventVersionError] PASSED [ 51%]
tests/unit/scheduling/test_errors_cross_the_worker_boundary.py::test_an_error_survives_being_shipped_between_processes[UpstreamAuthenticationError] PASSED [ 51%]
tests/unit/scheduling/test_errors_cross_the_worker_boundary.py::test_an_error_survives_being_shipped_between_processes[UpstreamTimeoutError] PASSED [ 51%]
tests/unit/scheduling/test_errors_cross_the_worker_boundary.py::test_an_error_survives_being_shipped_between_processes[UpstreamUnavailableError] PASSED [ 51%]
tests/unit/scheduling/test_errors_cross_the_worker_boundary.py::test_an_error_survives_being_shipped_between_processes[ValidationError] PASSED [ 51%]
tests/unit/scheduling/test_errors_cross_the_worker_boundary.py::test_an_error_with_no_context_survives_too[AuthenticationError] PASSED [ 51%]
tests/unit/scheduling/test_errors_cross_the_worker_boundary.py::test_an_error_with_no_context_survives_too[ConfigurationError] PASSED [ 51%]
tests/unit/scheduling/test_errors_cross_the_worker_boundary.py::test_an_error_with_no_context_survives_too[ConflictError] PASSED [ 51%]
tests/unit/scheduling/test_errors_cross_the_worker_boundary.py::test_an_error_with_no_context_survives_too[DataQualityError] PASSED [ 51%]
tests/unit/scheduling/test_errors_cross_the_worker_boundary.py::test_an_error_with_no_context_survives_too[DegradedModeError] PASSED [ 52%]
tests/unit/scheduling/test_errors_cross_the_worker_boundary.py::test_an_error_with_no_context_survives_too[DhruvaError] PASSED [ 52%]
tests/unit/scheduling/test_errors_cross_the_worker_boundary.py::test_an_error_with_no_context_survives_too[DuplicateEventError] PASSED [ 52%]
tests/unit/scheduling/test_errors_cross_the_worker_boundary.py::test_an_error_with_no_context_survives_too[ExternalServiceError] PASSED [ 52%]
tests/unit/scheduling/test_errors_cross_the_worker_boundary.py::test_an_error_with_no_context_survives_too[InvariantViolation] PASSED [ 52%]
tests/unit/scheduling/test_errors_cross_the_worker_boundary.py::test_an_error_with_no_context_survives_too[MissingDataError] PASSED [ 52%]
tests/unit/scheduling/test_errors_cross_the_worker_boundary.py::test_an_error_with_no_context_survives_too[NotFoundError] PASSED [ 52%]
tests/unit/scheduling/test_errors_cross_the_worker_boundary.py::test_an_error_with_no_context_survives_too[PermissionDeniedError] PASSED [ 52%]
tests/unit/scheduling/test_errors_cross_the_worker_boundary.py::test_an_error_with_no_context_survives_too[PreconditionUnknownError] PASSED [ 52%]
tests/unit/scheduling/test_errors_cross_the_worker_boundary.py::test_an_error_with_no_context_survives_too[RateLimitedError] PASSED [ 52%]
tests/unit/scheduling/test_errors_cross_the_worker_boundary.py::test_an_error_with_no_context_survives_too[SafetyError] PASSED [ 52%]
tests/unit/scheduling/test_errors_cross_the_worker_boundary.py::test_an_error_with_no_context_survives_too[StaleDataError] PASSED [ 52%]
tests/unit/scheduling/test_errors_cross_the_worker_boundary.py::test_an_error_with_no_context_survives_too[TokenExpiredError] PASSED [ 52%]
tests/unit/scheduling/test_errors_cross_the_worker_boundary.py::test_an_error_with_no_context_survives_too[TokenRevokedError] PASSED [ 52%]
tests/unit/scheduling/test_errors_cross_the_worker_boundary.py::test_an_error_with_no_context_survives_too[UnencodableValueError] PASSED [ 52%]
tests/unit/scheduling/test_errors_cross_the_worker_boundary.py::test_an_error_with_no_context_survives_too[UnknownTimeSeriesTableError] PASSED [ 52%]
tests/unit/scheduling/test_errors_cross_the_worker_boundary.py::test_an_error_with_no_context_survives_too[UnsafeConfigurationError] PASSED [ 52%]
tests/unit/scheduling/test_errors_cross_the_worker_boundary.py::test_an_error_with_no_context_survives_too[UnsupportedEventVersionError] PASSED [ 52%]
tests/unit/scheduling/test_errors_cross_the_worker_boundary.py::test_an_error_with_no_context_survives_too[UpstreamAuthenticationError] PASSED [ 52%]
tests/unit/scheduling/test_errors_cross_the_worker_boundary.py::test_an_error_with_no_context_survives_too[UpstreamTimeoutError] PASSED [ 52%]
tests/unit/scheduling/test_errors_cross_the_worker_boundary.py::test_an_error_with_no_context_survives_too[UpstreamUnavailableError] PASSED [ 52%]
tests/unit/scheduling/test_errors_cross_the_worker_boundary.py::test_an_error_with_no_context_survives_too[ValidationError] PASSED [ 52%]
tests/unit/scheduling/test_errors_cross_the_worker_boundary.py::test_a_raised_and_caught_error_still_survives[AuthenticationError] PASSED [ 53%]
tests/unit/scheduling/test_errors_cross_the_worker_boundary.py::test_a_raised_and_caught_error_still_survives[ConfigurationError] PASSED [ 53%]
tests/unit/scheduling/test_errors_cross_the_worker_boundary.py::test_a_raised_and_caught_error_still_survives[ConflictError] PASSED [ 53%]
tests/unit/scheduling/test_errors_cross_the_worker_boundary.py::test_a_raised_and_caught_error_still_survives[DataQualityError] PASSED [ 53%]
tests/unit/scheduling/test_errors_cross_the_worker_boundary.py::test_a_raised_and_caught_error_still_survives[DegradedModeError] PASSED [ 53%]
tests/unit/scheduling/test_errors_cross_the_worker_boundary.py::test_a_raised_and_caught_error_still_survives[DhruvaError] PASSED [ 53%]
tests/unit/scheduling/test_errors_cross_the_worker_boundary.py::test_a_raised_and_caught_error_still_survives[DuplicateEventError] PASSED [ 53%]
tests/unit/scheduling/test_errors_cross_the_worker_boundary.py::test_a_raised_and_caught_error_still_survives[ExternalServiceError] PASSED [ 53%]
tests/unit/scheduling/test_errors_cross_the_worker_boundary.py::test_a_raised_and_caught_error_still_survives[InvariantViolation] PASSED [ 53%]
tests/unit/scheduling/test_errors_cross_the_worker_boundary.py::test_a_raised_and_caught_error_still_survives[MissingDataError] PASSED [ 53%]
tests/unit/scheduling/test_errors_cross_the_worker_boundary.py::test_a_raised_and_caught_error_still_survives[NotFoundError] PASSED [ 53%]
tests/unit/scheduling/test_errors_cross_the_worker_boundary.py::test_a_raised_and_caught_error_still_survives[PermissionDeniedError] PASSED [ 53%]
tests/unit/scheduling/test_errors_cross_the_worker_boundary.py::test_a_raised_and_caught_error_still_survives[PreconditionUnknownError] PASSED [ 53%]
tests/unit/scheduling/test_errors_cross_the_worker_boundary.py::test_a_raised_and_caught_error_still_survives[RateLimitedError] PASSED [ 53%]
tests/unit/scheduling/test_errors_cross_the_worker_boundary.py::test_a_raised_and_caught_error_still_survives[SafetyError] PASSED [ 53%]
tests/unit/scheduling/test_errors_cross_the_worker_boundary.py::test_a_raised_and_caught_error_still_survives[StaleDataError] PASSED [ 53%]
tests/unit/scheduling/test_errors_cross_the_worker_boundary.py::test_a_raised_and_caught_error_still_survives[TokenExpiredError] PASSED [ 53%]
tests/unit/scheduling/test_errors_cross_the_worker_boundary.py::test_a_raised_and_caught_error_still_survives[TokenRevokedError] PASSED [ 53%]
tests/unit/scheduling/test_errors_cross_the_worker_boundary.py::test_a_raised_and_caught_error_still_survives[UnencodableValueError] PASSED [ 53%]
tests/unit/scheduling/test_errors_cross_the_worker_boundary.py::test_a_raised_and_caught_error_still_survives[UnknownTimeSeriesTableError] PASSED [ 53%]
tests/unit/scheduling/test_errors_cross_the_worker_boundary.py::test_a_raised_and_caught_error_still_survives[UnsafeConfigurationError] PASSED [ 53%]
tests/unit/scheduling/test_errors_cross_the_worker_boundary.py::test_a_raised_and_caught_error_still_survives[UnsupportedEventVersionError] PASSED [ 53%]
tests/unit/scheduling/test_errors_cross_the_worker_boundary.py::test_a_raised_and_caught_error_still_survives[UpstreamAuthenticationError] PASSED [ 54%]
tests/unit/scheduling/test_errors_cross_the_worker_boundary.py::test_a_raised_and_caught_error_still_survives[UpstreamTimeoutError] PASSED [ 54%]
tests/unit/scheduling/test_errors_cross_the_worker_boundary.py::test_a_raised_and_caught_error_still_survives[UpstreamUnavailableError] PASSED [ 54%]
tests/unit/scheduling/test_errors_cross_the_worker_boundary.py::test_a_raised_and_caught_error_still_survives[ValidationError] PASSED [ 54%]
tests/unit/scheduling/test_errors_cross_the_worker_boundary.py::test_the_error_code_is_preserved_rather_than_recomputed PASSED [ 54%]
tests/unit/scheduling/test_errors_cross_the_worker_boundary.py::test_an_exception_chain_does_not_survive_the_trip PASSED [ 54%]
tests/unit/scheduling/test_errors_cross_the_worker_boundary.py::test_the_cause_survives_when_it_is_recorded_as_context PASSED [ 54%]
tests/unit/scheduling/test_trading_day_schedule.py::test_a_schedule_with_no_offset_fires_at_the_anchor PASSED [ 54%]
tests/unit/scheduling/test_trading_day_schedule.py::test_the_offset_is_applied_in_the_direction_it_reads[market_open-offset0-expected0] PASSED [ 54%]
tests/unit/scheduling/test_trading_day_schedule.py::test_the_offset_is_applied_in_the_direction_it_reads[market_open-offset1-expected1] PASSED [ 54%]
tests/unit/scheduling/test_trading_day_schedule.py::test_the_offset_is_applied_in_the_direction_it_reads[market_close-offset2-expected2] PASSED [ 54%]
tests/unit/scheduling/test_trading_day_schedule.py::test_the_offset_is_applied_in_the_direction_it_reads[market_close-offset3-expected3] PASSED [ 54%]
tests/unit/scheduling/test_trading_day_schedule.py::test_a_pre_open_schedule_fires_before_the_market_opens PASSED [ 54%]
tests/unit/scheduling/test_trading_day_schedule.py::test_an_offset_may_carry_a_firing_past_midnight PASSED [ 54%]
tests/unit/scheduling/test_trading_day_schedule.py::test_the_anchor_follows_a_shortened_session_rather_than_the_clock PASSED [ 54%]
tests/unit/scheduling/test_trading_day_schedule.py::test_every_session_kind_qualifies_by_default PASSED [ 54%]
tests/unit/scheduling/test_trading_day_schedule.py::test_a_schedule_restricted_to_regular_sessions_skips_the_others PASSED [ 54%]
tests/unit/scheduling/test_trading_day_schedule.py::test_a_schedule_may_target_only_the_muhurat_session PASSED [ 54%]
tests/unit/scheduling/test_trading_day_schedule.py::test_a_holiday_and_a_weekend_produce_no_occurrence PASSED [ 54%]
tests/unit/scheduling/test_trading_day_schedule.py::test_occurrences_are_ordered PASSED [ 54%]
tests/unit/scheduling/test_trading_day_schedule.py::test_a_span_with_no_sessions_produces_nothing PASSED [ 54%]
tests/unit/scheduling/test_trading_day_schedule.py::test_an_occurrence_after_the_final_session_is_still_included PASSED [ 54%]
tests/unit/scheduling/test_trading_day_schedule.py::test_the_next_firing_skips_a_holiday PASSED [ 54%]
tests/unit/scheduling/test_trading_day_schedule.py::test_the_next_firing_is_strictly_after_the_instant_given PASSED [ 55%]
tests/unit/scheduling/test_trading_day_schedule.py::test_no_further_firing_inside_the_span_returns_nothing PASSED [ 55%]
tests/unit/scheduling/test_trading_day_schedule.py::test_a_schedule_that_never_qualifies_returns_nothing_rather_than_hanging PASSED [ 55%]
tests/unit/scheduling/test_trading_day_schedule.py::test_a_schedule_with_no_session_kinds_is_refused PASSED [ 55%]
tests/unit/scheduling/test_trading_day_schedule.py::test_an_offset_beyond_a_day_is_refused[offset0] PASSED [ 55%]
tests/unit/scheduling/test_trading_day_schedule.py::test_an_offset_beyond_a_day_is_refused[offset1] PASSED [ 55%]
tests/unit/scheduling/test_trading_day_schedule.py::test_an_offset_of_exactly_one_day_is_permitted PASSED [ 55%]
tests/unit/scheduling/test_trading_day_schedule.py::test_a_schedule_is_immutable PASSED [ 55%]
tests/unit/scheduling/test_trading_day_schedule.py::test_schedules_compare_by_value PASSED [ 55%]
tests/unit/scheduling/test_trading_day_schedule.py::test_a_schedule_describes_itself_the_way_it_was_written[schedule0-market_open] PASSED [ 55%]
tests/unit/scheduling/test_trading_day_schedule.py::test_a_schedule_describes_itself_the_way_it_was_written[schedule1-market_open + 0:05:00] PASSED [ 55%]
tests/unit/scheduling/test_trading_day_schedule.py::test_a_schedule_describes_itself_the_way_it_was_written[schedule2-market_close - 0:15:00] PASSED [ 55%]
tests/unit/scheduling/test_trading_day_schedule.py::test_a_firing_is_always_the_anchor_plus_the_offset PASSED [ 55%]
tests/unit/scheduling/test_trading_day_schedule.py::test_occurrences_are_ordered_for_every_schedule PASSED [ 55%]
tests/unit/scheduling/test_trading_day_schedule.py::test_a_firing_is_always_timezone_aware PASSED [ 55%]
tests/unit/scheduling/test_trading_day_schedule.py::test_the_next_firing_is_the_first_occurrence_after_the_instant PASSED [ 55%]
tests/unit/scheduling/test_trading_day_schedule.py::test_restricting_kinds_never_adds_an_occurrence PASSED [ 55%]
tests/unit/shared/messaging/test_envelope.py::test_every_supported_value_survives_the_wire_exactly PASSED [ 55%]
tests/unit/shared/messaging/test_envelope.py::test_nesting_does_not_weaken_the_guarantee PASSED [ 55%]
tests/unit/shared/messaging/test_envelope.py::test_money_crosses_the_wire_as_an_integer_not_a_number PASSED [ 55%]
tests/unit/shared/messaging/test_envelope.py::test_a_float_is_refused_rather_than_coerced[1.5] PASSED [ 55%]
tests/unit/shared/messaging/test_envelope.py::test_a_float_is_refused_rather_than_coerced[0.0] PASSED [ 55%]
tests/unit/shared/messaging/test_envelope.py::test_a_float_is_refused_rather_than_coerced[-2.75] PASSED [ 56%]
tests/unit/shared/messaging/test_envelope.py::test_a_float_is_refused_rather_than_coerced[inf] PASSED [ 56%]
tests/unit/shared/messaging/test_envelope.py::test_a_float_nested_deep_in_a_payload_is_still_refused PASSED [ 56%]
tests/unit/shared/messaging/test_envelope.py::test_a_type_with_no_codec_is_refused_rather_than_stringified PASSED [ 56%]
tests/unit/shared/messaging/test_envelope.py::test_a_naive_datetime_is_refused PASSED [ 56%]
tests/unit/shared/messaging/test_envelope.py::test_an_unknown_encoded_type_is_refused_on_the_way_in PASSED [ 56%]
tests/unit/shared/messaging/test_envelope.py::test_a_malformed_encoded_body_is_refused PASSED [ 56%]
tests/unit/shared/messaging/test_envelope.py::test_key_insertion_order_does_not_change_the_bytes PASSED [ 56%]
tests/unit/shared/messaging/test_envelope.py::test_canonical_json_is_compact_and_sorted PASSED [ 56%]
tests/unit/shared/messaging/test_envelope.py::test_canonical_json_refuses_non_finite_numbers PASSED [ 56%]
tests/unit/shared/messaging/test_envelope.py::test_an_envelope_round_trips_through_its_wire_form PASSED [ 56%]
tests/unit/shared/messaging/test_envelope.py::test_serialising_the_same_envelope_twice_produces_identical_bytes PASSED [ 56%]
tests/unit/shared/messaging/test_envelope.py::test_two_envelopes_with_equal_content_serialise_identically PASSED [ 56%]
tests/unit/shared/messaging/test_envelope.py::test_a_round_trip_does_not_perturb_the_bytes PASSED [ 56%]
tests/unit/shared/messaging/test_envelope.py::test_an_envelope_is_immutable PASSED [ 56%]
tests/unit/shared/messaging/test_envelope.py::test_an_optional_identifier_may_be_absent PASSED [ 56%]
tests/unit/shared/messaging/test_envelope.py::test_a_missing_required_field_is_refused[event_id] PASSED [ 56%]
tests/unit/shared/messaging/test_envelope.py::test_a_missing_required_field_is_refused[sequence] PASSED [ 56%]
tests/unit/shared/messaging/test_envelope.py::test_a_missing_required_field_is_refused[payload] PASSED [ 56%]
tests/unit/shared/messaging/test_envelope.py::test_a_missing_required_field_is_refused[recorded_at] PASSED [ 56%]
tests/unit/shared/messaging/test_envelope.py::test_a_version_this_consumer_does_not_understand_is_refused PASSED [ 56%]
tests/unit/shared/messaging/test_envelope.py::test_a_supported_version_passes_the_check PASSED [ 56%]
tests/unit/shared/messaging/test_envelope.py::test_an_unorderable_or_unversioned_envelope_is_refused[event_version-0] PASSED [ 57%]
tests/unit/shared/messaging/test_envelope.py::test_an_unorderable_or_unversioned_envelope_is_refused[sequence--1] PASSED [ 57%]
tests/unit/shared/messaging/test_envelope.py::test_a_naive_timestamp_is_refused_at_construction PASSED [ 57%]
tests/unit/shared/messaging/test_envelope.py::test_the_bitemporal_pair_is_preserved_independently PASSED [ 57%]
tests/unit/shared/messaging/test_envelope.py::test_the_payload_keeps_exact_domain_types_not_their_reprs PASSED [ 57%]
tests/unit/shared/messaging/test_envelope.py::test_identifiers_come_back_as_uuids PASSED [ 57%]
tests/unit/shared/messaging/test_envelope.py::test_a_document_that_is_not_an_object_is_refused PASSED [ 57%]
tests/unit/shared/messaging/test_envelope.py::test_invalid_json_is_refused_with_the_reason PASSED [ 57%]
tests/unit/shared/messaging/test_envelope.py::test_a_date_payload_survives_as_a_date PASSED [ 57%]
tests/unit/shared/messaging/test_envelope.py::test_quantity_and_ratio_survive_a_payload PASSED [ 57%]
tests/unit/shared/money/test_money.py::test_minor_units_round_trip PASSED [ 57%]
tests/unit/shared/money/test_money.py::test_of_composes_major_and_minor PASSED [ 57%]
tests/unit/shared/money/test_money.py::test_of_applies_the_sign_to_the_whole_amount PASSED [ 57%]
tests/unit/shared/money/test_money.py::test_repr_round_trips_through_parse PASSED [ 57%]
tests/unit/shared/money/test_money.py::test_parse_accepts_valid_forms[0-0] PASSED [ 57%]
tests/unit/shared/money/test_money.py::test_parse_accepts_valid_forms[0.00-0] PASSED [ 57%]
tests/unit/shared/money/test_money.py::test_parse_accepts_valid_forms[1-100] PASSED [ 57%]
tests/unit/shared/money/test_money.py::test_parse_accepts_valid_forms[1.5-150] PASSED [ 57%]
tests/unit/shared/money/test_money.py::test_parse_accepts_valid_forms[1.05-105] PASSED [ 57%]
tests/unit/shared/money/test_money.py::test_parse_accepts_valid_forms[-1.05--105] PASSED [ 57%]
tests/unit/shared/money/test_money.py::test_parse_accepts_valid_forms[+1.05-105] PASSED [ 57%]
tests/unit/shared/money/test_money.py::test_parse_accepts_valid_forms[  12.34  -1234] PASSED [ 57%]
tests/unit/shared/money/test_money.py::test_parse_accepts_valid_forms[1234.56-123456] PASSED [ 58%]
tests/unit/shared/money/test_money.py::test_parse_rejects_malformed_input[] PASSED [ 58%]
tests/unit/shared/money/test_money.py::test_parse_rejects_malformed_input[abc] PASSED [ 58%]
tests/unit/shared/money/test_money.py::test_parse_rejects_malformed_input[1.2.3] PASSED [ 58%]
tests/unit/shared/money/test_money.py::test_parse_rejects_malformed_input[1,234.56] PASSED [ 58%]
tests/unit/shared/money/test_money.py::test_parse_rejects_malformed_input[--1] PASSED [ 58%]
tests/unit/shared/money/test_money.py::test_parse_rejects_malformed_input[1e5] PASSED [ 58%]
tests/unit/shared/money/test_money.py::test_parse_rejects_malformed_input[ ] PASSED [ 58%]
tests/unit/shared/money/test_money.py::test_parse_rejects_malformed_input[.5] PASSED [ 58%]
tests/unit/shared/money/test_money.py::test_parse_rejects_malformed_input[1.] PASSED [ 58%]
tests/unit/shared/money/test_money.py::test_parse_rejects_excess_precision PASSED [ 58%]
tests/unit/shared/money/test_money.py::test_construction_rejects_anything_but_int[1.0] PASSED [ 58%]
tests/unit/shared/money/test_money.py::test_construction_rejects_anything_but_int[1.5] PASSED [ 58%]
tests/unit/shared/money/test_money.py::test_construction_rejects_anything_but_int[True] PASSED [ 58%]
tests/unit/shared/money/test_money.py::test_construction_rejects_anything_but_int[None] PASSED [ 58%]
tests/unit/shared/money/test_money.py::test_construction_rejects_anything_but_int[bad4] PASSED [ 58%]
tests/unit/shared/money/test_money.py::test_construction_rejects_anything_but_int[100] PASSED [ 58%]
tests/unit/shared/money/test_money.py::test_of_rejects_an_out_of_range_minor_part PASSED [ 58%]
tests/unit/shared/money/test_money.py::test_addition_is_commutative PASSED [ 58%]
tests/unit/shared/money/test_money.py::test_addition_is_associative PASSED [ 58%]
tests/unit/shared/money/test_money.py::test_zero_is_the_additive_identity PASSED [ 58%]
tests/unit/shared/money/test_money.py::test_negation_is_an_involution PASSED [ 58%]
tests/unit/shared/money/test_money.py::test_subtraction_is_addition_of_the_negation PASSED [ 58%]
tests/unit/shared/money/test_money.py::test_multiplication_distributes_over_addition PASSED [ 59%]
tests/unit/shared/money/test_money.py::test_multiplication_by_one_is_the_identity PASSED [ 59%]
tests/unit/shared/money/test_money.py::test_absolute_value_is_never_negative PASSED [ 59%]
tests/unit/shared/money/test_money.py::test_allocation_never_loses_or_creates_a_paisa PASSED [ 59%]
tests/unit/shared/money/test_money.py::test_allocation_is_deterministic PASSED [ 59%]
tests/unit/shared/money/test_money.py::test_a_strictly_larger_weight_never_receives_a_smaller_share PASSED [ 59%]
tests/unit/shared/money/test_money.py::test_split_is_lossless PASSED     [ 59%]
tests/unit/shared/money/test_money.py::test_the_classic_hundred_split_three_ways PASSED [ 59%]
tests/unit/shared/money/test_money.py::test_allocation_rejects_invalid_weights[bad0] PASSED [ 59%]
tests/unit/shared/money/test_money.py::test_allocation_rejects_invalid_weights[bad1] PASSED [ 59%]
tests/unit/shared/money/test_money.py::test_allocation_rejects_invalid_weights[bad2] PASSED [ 59%]
tests/unit/shared/money/test_money.py::test_applying_a_zero_rate_yields_zero PASSED [ 59%]
tests/unit/shared/money/test_money.py::test_applying_a_unit_rate_is_the_identity PASSED [ 59%]
tests/unit/shared/money/test_money.py::test_conservative_rounding_never_understates_a_charge PASSED [ 59%]
tests/unit/shared/money/test_money.py::test_a_negative_rate_produces_a_credit PASSED [ 59%]
tests/unit/shared/money/test_money.py::test_applying_a_rate_and_its_negation_are_opposites PASSED [ 59%]
tests/unit/shared/money/test_money.py::test_gst_at_eighteen_percent PASSED [ 59%]
tests/unit/shared/money/test_money.py::test_stt_rounds_to_the_nearest_rupee PASSED [ 59%]
tests/unit/shared/money/test_money.py::test_half_even_and_half_up_differ_exactly_at_the_midpoint PASSED [ 59%]
tests/unit/shared/money/test_money.py::test_division_requires_an_explicit_policy PASSED [ 59%]
tests/unit/shared/money/test_money.py::test_division_by_zero_is_refused PASSED [ 59%]
tests/unit/shared/money/test_money.py::test_money_divided_by_quantity_is_a_price PASSED [ 59%]
tests/unit/shared/money/test_money.py::test_money_divided_by_money_is_dimensionless PASSED [ 60%]
tests/unit/shared/money/test_money.py::test_money_times_money_does_not_exist PASSED [ 60%]
tests/unit/shared/money/test_money.py::test_money_plus_int_does_not_exist PASSED [ 60%]
tests/unit/shared/money/test_money.py::test_equality_incorporates_currency_not_just_amount PASSED [ 60%]
tests/unit/shared/money/test_money.py::test_same_currency_arithmetic_always_succeeds PASSED [ 60%]
tests/unit/shared/money/test_money.py::test_equal_amounts_hash_equally PASSED [ 60%]
tests/unit/shared/money/test_money.py::test_ordering_is_consistent_with_equality PASSED [ 60%]
tests/unit/shared/money/test_money.py::test_money_is_immutable PASSED    [ 60%]
tests/unit/shared/money/test_money.py::test_money_is_usable_as_a_dict_key PASSED [ 60%]
tests/unit/shared/money/test_money.py::test_as_decimal_is_exact PASSED   [ 60%]
tests/unit/shared/money/test_money.py::test_money_has_no_float_conversion PASSED [ 60%]
tests/unit/shared/money/test_money.py::test_arithmetic_is_exact_at_the_bigint_boundary PASSED [ 60%]
tests/unit/shared/money/test_money.py::test_arbitrarily_large_amounts_stay_exact PASSED [ 60%]
tests/unit/shared/money/test_price.py::test_scale_is_eight_and_fixed PASSED [ 60%]
tests/unit/shared/money/test_price.py::test_every_supported_market_precision_survives_a_round_trip[1234.56-2] PASSED [ 60%]
tests/unit/shared/money/test_price.py::test_every_supported_market_precision_survives_a_round_trip[83.2525-4] PASSED [ 60%]
tests/unit/shared/money/test_price.py::test_every_supported_market_precision_survives_a_round_trip[1.00005-5] PASSED [ 60%]
tests/unit/shared/money/test_price.py::test_every_supported_market_precision_survives_a_round_trip[0.00000001-8] PASSED [ 60%]
tests/unit/shared/money/test_price.py::test_a_currency_derivative_tick_is_representable PASSED [ 60%]
tests/unit/shared/money/test_price.py::test_parse_rejects_precision_beyond_the_scale PASSED [ 60%]
tests/unit/shared/money/test_price.py::test_construction_rejects_anything_but_int[1.0] PASSED [ 60%]
tests/unit/shared/money/test_price.py::test_construction_rejects_anything_but_int[0.5] PASSED [ 60%]
tests/unit/shared/money/test_price.py::test_construction_rejects_anything_but_int[True] PASSED [ 61%]
tests/unit/shared/money/test_price.py::test_construction_rejects_anything_but_int[None] PASSED [ 61%]
tests/unit/shared/money/test_price.py::test_construction_rejects_anything_but_int[bad4] PASSED [ 61%]
tests/unit/shared/money/test_price.py::test_repr_round_trips_through_parse PASSED [ 61%]
tests/unit/shared/money/test_price.py::test_price_times_quantity_is_money PASSED [ 61%]
tests/unit/shared/money/test_price.py::test_notional_is_computed_exactly PASSED [ 61%]
tests/unit/shared/money/test_price.py::test_bare_multiplication_refuses_to_round PASSED [ 61%]
tests/unit/shared/money/test_price.py::test_bare_multiplication_succeeds_when_exact PASSED [ 61%]
tests/unit/shared/money/test_price.py::test_notional_then_per_unit_recovers_the_price PASSED [ 61%]
tests/unit/shared/money/test_price.py::test_price_times_price_does_not_exist PASSED [ 61%]
tests/unit/shared/money/test_price.py::test_price_plus_money_does_not_exist PASSED [ 61%]
tests/unit/shared/money/test_price.py::test_a_spread_between_prices_is_still_a_price PASSED [ 61%]
tests/unit/shared/money/test_price.py::test_round_to_tick_snaps_to_the_instrument_grid PASSED [ 61%]
tests/unit/shared/money/test_price.py::test_a_tick_aligned_price_is_always_a_multiple_of_the_tick PASSED [ 61%]
tests/unit/shared/money/test_price.py::test_round_to_tick_rejects_a_non_positive_tick PASSED [ 61%]
tests/unit/shared/money/test_price.py::test_equal_prices_hash_equally PASSED [ 61%]
tests/unit/shared/money/test_price.py::test_price_is_immutable PASSED    [ 61%]
tests/unit/shared/money/test_price.py::test_ordering_is_consistent_with_equality PASSED [ 61%]
tests/unit/shared/money/test_price.py::test_price_has_no_float_conversion PASSED [ 61%]
tests/unit/shared/money/test_price.py::test_addition_is_associative PASSED [ 61%]
tests/unit/shared/money/test_price.py::test_negation_is_an_involution PASSED [ 61%]
tests/unit/shared/money/test_price.py::test_notional_of_zero_quantity_is_zero PASSED [ 61%]
tests/unit/shared/money/test_quantity.py::test_quantity_refuses_to_be_negative PASSED [ 62%]
tests/unit/shared/money/test_quantity.py::test_quantity_rejects_non_integers[1.0] PASSED [ 62%]
tests/unit/shared/money/test_quantity.py::test_quantity_rejects_non_integers[1.5] PASSED [ 62%]
tests/unit/shared/money/test_quantity.py::test_quantity_rejects_non_integers[True] PASSED [ 62%]
tests/unit/shared/money/test_quantity.py::test_quantity_rejects_non_integers[None] PASSED [ 62%]
tests/unit/shared/money/test_quantity.py::test_quantity_rejects_non_integers[10] PASSED [ 62%]
tests/unit/shared/money/test_quantity.py::test_lots_requires_an_explicit_lot_size PASSED [ 62%]
tests/unit/shared/money/test_quantity.py::test_lots_has_no_default_lot_size PASSED [ 62%]
tests/unit/shared/money/test_quantity.py::test_lots_round_trip PASSED    [ 62%]
tests/unit/shared/money/test_quantity.py::test_a_partial_lot_is_refused_rather_than_rounded PASSED [ 62%]
tests/unit/shared/money/test_quantity.py::test_addition_is_commutative PASSED [ 62%]
tests/unit/shared/money/test_quantity.py::test_subtraction_refuses_to_go_negative PASSED [ 62%]
tests/unit/shared/money/test_quantity.py::test_side_sign_is_the_single_conversion_point PASSED [ 62%]
tests/unit/shared/money/test_quantity.py::test_signing_a_quantity_preserves_magnitude PASSED [ 62%]
tests/unit/shared/money/test_quantity.py::test_a_signed_quantity_reports_its_side PASSED [ 62%]
tests/unit/shared/money/test_quantity.py::test_a_zero_delta_has_no_side PASSED [ 62%]
tests/unit/shared/money/test_quantity.py::test_signed_deltas_net_correctly PASSED [ 62%]
tests/unit/shared/money/test_quantity.py::test_negation_reverses_a_delta PASSED [ 62%]
tests/unit/shared/money/test_quantity.py::test_quantity_is_immutable_and_hashable PASSED [ 62%]
tests/unit/shared/money/test_quantity.py::test_signed_quantity_is_immutable_and_hashable PASSED [ 62%]
tests/unit/shared/money/test_quantity.py::test_quantity_and_signed_quantity_are_distinct_types PASSED [ 62%]
tests/unit/shared/money/test_ratio.py::test_the_three_constructors_agree PASSED [ 62%]
tests/unit/shared/money/test_ratio.py::test_percent_round_trip PASSED    [ 62%]
tests/unit/shared/money/test_ratio.py::test_basis_point_round_trip PASSED [ 63%]
tests/unit/shared/money/test_ratio.py::test_float_rates_are_refused[0.18] PASSED [ 63%]
tests/unit/shared/money/test_ratio.py::test_float_rates_are_refused[1.0] PASSED [ 63%]
tests/unit/shared/money/test_ratio.py::test_float_rates_are_refused[nan] PASSED [ 63%]
tests/unit/shared/money/test_ratio.py::test_float_rates_are_refused[inf] PASSED [ 63%]
tests/unit/shared/money/test_ratio.py::test_addition_is_commutative PASSED [ 63%]
tests/unit/shared/money/test_ratio.py::test_gst_components_sum_to_the_whole PASSED [ 63%]
tests/unit/shared/money/test_ratio.py::test_negation_is_an_involution PASSED [ 63%]
tests/unit/shared/money/test_ratio.py::test_equal_ratios_hash_equally_despite_representation PASSED [ 63%]
tests/unit/shared/money/test_ratio.py::test_ordering_is_consistent_with_equality PASSED [ 63%]
tests/unit/shared/money/test_ratio.py::test_ratio_is_immutable PASSED    [ 63%]
tests/unit/shared/money/test_ratio.py::test_string_form_reads_as_a_percentage PASSED [ 63%]
tests/unit/shared/money/test_ratio.py::test_zero_ratio PASSED            [ 63%]
tests/unit/shared/money/test_rounding.py::test_positive_midpoint[floor-1] PASSED [ 63%]
tests/unit/shared/money/test_rounding.py::test_positive_midpoint[ceiling-2] PASSED [ 63%]
tests/unit/shared/money/test_rounding.py::test_positive_midpoint[down-1] PASSED [ 63%]
tests/unit/shared/money/test_rounding.py::test_positive_midpoint[up-2] PASSED [ 63%]
tests/unit/shared/money/test_rounding.py::test_positive_midpoint[half_up-2] PASSED [ 63%]
tests/unit/shared/money/test_rounding.py::test_positive_midpoint[half_even-2] PASSED [ 63%]
tests/unit/shared/money/test_rounding.py::test_negative_midpoint[floor--2] PASSED [ 63%]
tests/unit/shared/money/test_rounding.py::test_negative_midpoint[ceiling--1] PASSED [ 63%]
tests/unit/shared/money/test_rounding.py::test_negative_midpoint[down--1] PASSED [ 63%]
tests/unit/shared/money/test_rounding.py::test_negative_midpoint[up--2] PASSED [ 64%]
tests/unit/shared/money/test_rounding.py::test_negative_midpoint[half_up--2] PASSED [ 64%]
tests/unit/shared/money/test_rounding.py::test_negative_midpoint[half_even--2] PASSED [ 64%]
tests/unit/shared/money/test_rounding.py::test_half_even_breaks_ties_to_the_even_neighbour[5-2] PASSED [ 64%]
tests/unit/shared/money/test_rounding.py::test_half_even_breaks_ties_to_the_even_neighbour[7-4] PASSED [ 64%]
tests/unit/shared/money/test_rounding.py::test_half_even_breaks_ties_to_the_even_neighbour[-5--2] PASSED [ 64%]
tests/unit/shared/money/test_rounding.py::test_half_even_breaks_ties_to_the_even_neighbour[-7--4] PASSED [ 64%]
tests/unit/shared/money/test_rounding.py::test_every_mode_lands_on_an_adjacent_integer PASSED [ 64%]
tests/unit/shared/money/test_rounding.py::test_exact_division_is_unaffected_by_mode PASSED [ 64%]
tests/unit/shared/money/test_rounding.py::test_up_and_down_bracket_the_true_value PASSED [ 64%]
tests/unit/shared/money/test_rounding.py::test_exact_refuses_to_round PASSED [ 64%]
tests/unit/shared/money/test_rounding.py::test_a_quantum_snaps_the_result_to_that_granularity PASSED [ 64%]
tests/unit/shared/money/test_rounding.py::test_quantum_rounding_picks_the_nearest_multiple PASSED [ 64%]
tests/unit/shared/money/test_rounding.py::test_a_non_positive_denominator_is_refused PASSED [ 64%]
tests/unit/shared/money/test_rounding.py::test_a_non_positive_quantum_is_refused_at_construction PASSED [ 64%]
tests/unit/shared/money/test_rounding.py::test_policies_are_named_after_the_market_rule PASSED [ 64%]
tests/unit/shared/money/test_rounding.py::test_policies_are_immutable_value_objects PASSED [ 64%]
tests/unit/shared/money/test_value_object_protocol.py::test_ordering_is_total_within_a_type[lt-Money] PASSED [ 64%]
tests/unit/shared/money/test_value_object_protocol.py::test_ordering_is_total_within_a_type[lt-Price] PASSED [ 64%]
tests/unit/shared/money/test_value_object_protocol.py::test_ordering_is_total_within_a_type[lt-Quantity] PASSED [ 64%]
tests/unit/shared/money/test_value_object_protocol.py::test_ordering_is_total_within_a_type[lt-Ratio] PASSED [ 64%]
tests/unit/shared/money/test_value_object_protocol.py::test_ordering_is_total_within_a_type[le-Money] PASSED [ 64%]
tests/unit/shared/money/test_value_object_protocol.py::test_ordering_is_total_within_a_type[le-Price] PASSED [ 65%]
tests/unit/shared/money/test_value_object_protocol.py::test_ordering_is_total_within_a_type[le-Quantity] PASSED [ 65%]
tests/unit/shared/money/test_value_object_protocol.py::test_ordering_is_total_within_a_type[le-Ratio] PASSED [ 65%]
tests/unit/shared/money/test_value_object_protocol.py::test_ordering_is_total_within_a_type[gt-Money] PASSED [ 65%]
tests/unit/shared/money/test_value_object_protocol.py::test_ordering_is_total_within_a_type[gt-Price] PASSED [ 65%]
tests/unit/shared/money/test_value_object_protocol.py::test_ordering_is_total_within_a_type[gt-Quantity] PASSED [ 65%]
tests/unit/shared/money/test_value_object_protocol.py::test_ordering_is_total_within_a_type[gt-Ratio] PASSED [ 65%]
tests/unit/shared/money/test_value_object_protocol.py::test_ordering_is_total_within_a_type[ge-Money] PASSED [ 65%]
tests/unit/shared/money/test_value_object_protocol.py::test_ordering_is_total_within_a_type[ge-Price] PASSED [ 65%]
tests/unit/shared/money/test_value_object_protocol.py::test_ordering_is_total_within_a_type[ge-Quantity] PASSED [ 65%]
tests/unit/shared/money/test_value_object_protocol.py::test_ordering_is_total_within_a_type[ge-Ratio] PASSED [ 65%]
tests/unit/shared/money/test_value_object_protocol.py::test_ordering_against_a_foreign_type_raises[int-lt-Money] PASSED [ 65%]
tests/unit/shared/money/test_value_object_protocol.py::test_ordering_against_a_foreign_type_raises[int-lt-Price] PASSED [ 65%]
tests/unit/shared/money/test_value_object_protocol.py::test_ordering_against_a_foreign_type_raises[int-lt-Quantity] PASSED [ 65%]
tests/unit/shared/money/test_value_object_protocol.py::test_ordering_against_a_foreign_type_raises[int-lt-Ratio] PASSED [ 65%]
tests/unit/shared/money/test_value_object_protocol.py::test_ordering_against_a_foreign_type_raises[int-le-Money] PASSED [ 65%]
tests/unit/shared/money/test_value_object_protocol.py::test_ordering_against_a_foreign_type_raises[int-le-Price] PASSED [ 65%]
tests/unit/shared/money/test_value_object_protocol.py::test_ordering_against_a_foreign_type_raises[int-le-Quantity] PASSED [ 65%]
tests/unit/shared/money/test_value_object_protocol.py::test_ordering_against_a_foreign_type_raises[int-le-Ratio] PASSED [ 65%]
tests/unit/shared/money/test_value_object_protocol.py::test_ordering_against_a_foreign_type_raises[int-gt-Money] PASSED [ 65%]
tests/unit/shared/money/test_value_object_protocol.py::test_ordering_against_a_foreign_type_raises[int-gt-Price] PASSED [ 65%]
tests/unit/shared/money/test_value_object_protocol.py::test_ordering_against_a_foreign_type_raises[int-gt-Quantity] PASSED [ 65%]
tests/unit/shared/money/test_value_object_protocol.py::test_ordering_against_a_foreign_type_raises[int-gt-Ratio] PASSED [ 66%]
tests/unit/shared/money/test_value_object_protocol.py::test_ordering_against_a_foreign_type_raises[int-ge-Money] PASSED [ 66%]
tests/unit/shared/money/test_value_object_protocol.py::test_ordering_against_a_foreign_type_raises[int-ge-Price] PASSED [ 66%]
tests/unit/shared/money/test_value_object_protocol.py::test_ordering_against_a_foreign_type_raises[int-ge-Quantity] PASSED [ 66%]
tests/unit/shared/money/test_value_object_protocol.py::test_ordering_against_a_foreign_type_raises[int-ge-Ratio] PASSED [ 66%]
tests/unit/shared/money/test_value_object_protocol.py::test_ordering_against_a_foreign_type_raises[float-lt-Money] PASSED [ 66%]
tests/unit/shared/money/test_value_object_protocol.py::test_ordering_against_a_foreign_type_raises[float-lt-Price] PASSED [ 66%]
tests/unit/shared/money/test_value_object_protocol.py::test_ordering_against_a_foreign_type_raises[float-lt-Quantity] PASSED [ 66%]
tests/unit/shared/money/test_value_object_protocol.py::test_ordering_against_a_foreign_type_raises[float-lt-Ratio] PASSED [ 66%]
tests/unit/shared/money/test_value_object_protocol.py::test_ordering_against_a_foreign_type_raises[float-le-Money] PASSED [ 66%]
tests/unit/shared/money/test_value_object_protocol.py::test_ordering_against_a_foreign_type_raises[float-le-Price] PASSED [ 66%]
tests/unit/shared/money/test_value_object_protocol.py::test_ordering_against_a_foreign_type_raises[float-le-Quantity] PASSED [ 66%]
tests/unit/shared/money/test_value_object_protocol.py::test_ordering_against_a_foreign_type_raises[float-le-Ratio] PASSED [ 66%]
tests/unit/shared/money/test_value_object_protocol.py::test_ordering_against_a_foreign_type_raises[float-gt-Money] PASSED [ 66%]
tests/unit/shared/money/test_value_object_protocol.py::test_ordering_against_a_foreign_type_raises[float-gt-Price] PASSED [ 66%]
tests/unit/shared/money/test_value_object_protocol.py::test_ordering_against_a_foreign_type_raises[float-gt-Quantity] PASSED [ 66%]
tests/unit/shared/money/test_value_object_protocol.py::test_ordering_against_a_foreign_type_raises[float-gt-Ratio] PASSED [ 66%]
tests/unit/shared/money/test_value_object_protocol.py::test_ordering_against_a_foreign_type_raises[float-ge-Money] PASSED [ 66%]
tests/unit/shared/money/test_value_object_protocol.py::test_ordering_against_a_foreign_type_raises[float-ge-Price] PASSED [ 66%]
tests/unit/shared/money/test_value_object_protocol.py::test_ordering_against_a_foreign_type_raises[float-ge-Quantity] PASSED [ 66%]
tests/unit/shared/money/test_value_object_protocol.py::test_ordering_against_a_foreign_type_raises[float-ge-Ratio] PASSED [ 66%]
tests/unit/shared/money/test_value_object_protocol.py::test_ordering_against_a_foreign_type_raises[str-lt-Money] PASSED [ 66%]
tests/unit/shared/money/test_value_object_protocol.py::test_ordering_against_a_foreign_type_raises[str-lt-Price] PASSED [ 66%]
tests/unit/shared/money/test_value_object_protocol.py::test_ordering_against_a_foreign_type_raises[str-lt-Quantity] PASSED [ 67%]
tests/unit/shared/money/test_value_object_protocol.py::test_ordering_against_a_foreign_type_raises[str-lt-Ratio] PASSED [ 67%]
tests/unit/shared/money/test_value_object_protocol.py::test_ordering_against_a_foreign_type_raises[str-le-Money] PASSED [ 67%]
tests/unit/shared/money/test_value_object_protocol.py::test_ordering_against_a_foreign_type_raises[str-le-Price] PASSED [ 67%]
tests/unit/shared/money/test_value_object_protocol.py::test_ordering_against_a_foreign_type_raises[str-le-Quantity] PASSED [ 67%]
tests/unit/shared/money/test_value_object_protocol.py::test_ordering_against_a_foreign_type_raises[str-le-Ratio] PASSED [ 67%]
tests/unit/shared/money/test_value_object_protocol.py::test_ordering_against_a_foreign_type_raises[str-gt-Money] PASSED [ 67%]
tests/unit/shared/money/test_value_object_protocol.py::test_ordering_against_a_foreign_type_raises[str-gt-Price] PASSED [ 67%]
tests/unit/shared/money/test_value_object_protocol.py::test_ordering_against_a_foreign_type_raises[str-gt-Quantity] PASSED [ 67%]
tests/unit/shared/money/test_value_object_protocol.py::test_ordering_against_a_foreign_type_raises[str-gt-Ratio] PASSED [ 67%]
tests/unit/shared/money/test_value_object_protocol.py::test_ordering_against_a_foreign_type_raises[str-ge-Money] PASSED [ 67%]
tests/unit/shared/money/test_value_object_protocol.py::test_ordering_against_a_foreign_type_raises[str-ge-Price] PASSED [ 67%]
tests/unit/shared/money/test_value_object_protocol.py::test_ordering_against_a_foreign_type_raises[str-ge-Quantity] PASSED [ 67%]
tests/unit/shared/money/test_value_object_protocol.py::test_ordering_against_a_foreign_type_raises[str-ge-Ratio] PASSED [ 67%]
tests/unit/shared/money/test_value_object_protocol.py::test_ordering_against_a_foreign_type_raises[NoneType-lt-Money] PASSED [ 67%]
tests/unit/shared/money/test_value_object_protocol.py::test_ordering_against_a_foreign_type_raises[NoneType-lt-Price] PASSED [ 67%]
tests/unit/shared/money/test_value_object_protocol.py::test_ordering_against_a_foreign_type_raises[NoneType-lt-Quantity] PASSED [ 67%]
tests/unit/shared/money/test_value_object_protocol.py::test_ordering_against_a_foreign_type_raises[NoneType-lt-Ratio] PASSED [ 67%]
tests/unit/shared/money/test_value_object_protocol.py::test_ordering_against_a_foreign_type_raises[NoneType-le-Money] PASSED [ 67%]
tests/unit/shared/money/test_value_object_protocol.py::test_ordering_against_a_foreign_type_raises[NoneType-le-Price] PASSED [ 67%]
tests/unit/shared/money/test_value_object_protocol.py::test_ordering_against_a_foreign_type_raises[NoneType-le-Quantity] PASSED [ 67%]
tests/unit/shared/money/test_value_object_protocol.py::test_ordering_against_a_foreign_type_raises[NoneType-le-Ratio] PASSED [ 67%]
tests/unit/shared/money/test_value_object_protocol.py::test_ordering_against_a_foreign_type_raises[NoneType-gt-Money] PASSED [ 68%]
tests/unit/shared/money/test_value_object_protocol.py::test_ordering_against_a_foreign_type_raises[NoneType-gt-Price] PASSED [ 68%]
tests/unit/shared/money/test_value_object_protocol.py::test_ordering_against_a_foreign_type_raises[NoneType-gt-Quantity] PASSED [ 68%]
tests/unit/shared/money/test_value_object_protocol.py::test_ordering_against_a_foreign_type_raises[NoneType-gt-Ratio] PASSED [ 68%]
tests/unit/shared/money/test_value_object_protocol.py::test_ordering_against_a_foreign_type_raises[NoneType-ge-Money] PASSED [ 68%]
tests/unit/shared/money/test_value_object_protocol.py::test_ordering_against_a_foreign_type_raises[NoneType-ge-Price] PASSED [ 68%]
tests/unit/shared/money/test_value_object_protocol.py::test_ordering_against_a_foreign_type_raises[NoneType-ge-Quantity] PASSED [ 68%]
tests/unit/shared/money/test_value_object_protocol.py::test_ordering_against_a_foreign_type_raises[NoneType-ge-Ratio] PASSED [ 68%]
tests/unit/shared/money/test_value_object_protocol.py::test_ordering_against_a_foreign_type_raises[Decimal-lt-Money] PASSED [ 68%]
tests/unit/shared/money/test_value_object_protocol.py::test_ordering_against_a_foreign_type_raises[Decimal-lt-Price] PASSED [ 68%]
tests/unit/shared/money/test_value_object_protocol.py::test_ordering_against_a_foreign_type_raises[Decimal-lt-Quantity] PASSED [ 68%]
tests/unit/shared/money/test_value_object_protocol.py::test_ordering_against_a_foreign_type_raises[Decimal-lt-Ratio] PASSED [ 68%]
tests/unit/shared/money/test_value_object_protocol.py::test_ordering_against_a_foreign_type_raises[Decimal-le-Money] PASSED [ 68%]
tests/unit/shared/money/test_value_object_protocol.py::test_ordering_against_a_foreign_type_raises[Decimal-le-Price] PASSED [ 68%]
tests/unit/shared/money/test_value_object_protocol.py::test_ordering_against_a_foreign_type_raises[Decimal-le-Quantity] PASSED [ 68%]
tests/unit/shared/money/test_value_object_protocol.py::test_ordering_against_a_foreign_type_raises[Decimal-le-Ratio] PASSED [ 68%]
tests/unit/shared/money/test_value_object_protocol.py::test_ordering_against_a_foreign_type_raises[Decimal-gt-Money] PASSED [ 68%]
tests/unit/shared/money/test_value_object_protocol.py::test_ordering_against_a_foreign_type_raises[Decimal-gt-Price] PASSED [ 68%]
tests/unit/shared/money/test_value_object_protocol.py::test_ordering_against_a_foreign_type_raises[Decimal-gt-Quantity] PASSED [ 68%]
tests/unit/shared/money/test_value_object_protocol.py::test_ordering_against_a_foreign_type_raises[Decimal-gt-Ratio] PASSED [ 68%]
tests/unit/shared/money/test_value_object_protocol.py::test_ordering_against_a_foreign_type_raises[Decimal-ge-Money] PASSED [ 68%]
tests/unit/shared/money/test_value_object_protocol.py::test_ordering_against_a_foreign_type_raises[Decimal-ge-Price] PASSED [ 68%]
tests/unit/shared/money/test_value_object_protocol.py::test_ordering_against_a_foreign_type_raises[Decimal-ge-Quantity] PASSED [ 69%]
tests/unit/shared/money/test_value_object_protocol.py::test_ordering_against_a_foreign_type_raises[Decimal-ge-Ratio] PASSED [ 69%]
tests/unit/shared/money/test_value_object_protocol.py::test_ordering_against_a_foreign_type_raises[object-lt-Money] PASSED [ 69%]
tests/unit/shared/money/test_value_object_protocol.py::test_ordering_against_a_foreign_type_raises[object-lt-Price] PASSED [ 69%]
tests/unit/shared/money/test_value_object_protocol.py::test_ordering_against_a_foreign_type_raises[object-lt-Quantity] PASSED [ 69%]
tests/unit/shared/money/test_value_object_protocol.py::test_ordering_against_a_foreign_type_raises[object-lt-Ratio] PASSED [ 69%]
tests/unit/shared/money/test_value_object_protocol.py::test_ordering_against_a_foreign_type_raises[object-le-Money] PASSED [ 69%]
tests/unit/shared/money/test_value_object_protocol.py::test_ordering_against_a_foreign_type_raises[object-le-Price] PASSED [ 69%]
tests/unit/shared/money/test_value_object_protocol.py::test_ordering_against_a_foreign_type_raises[object-le-Quantity] PASSED [ 69%]
tests/unit/shared/money/test_value_object_protocol.py::test_ordering_against_a_foreign_type_raises[object-le-Ratio] PASSED [ 69%]
tests/unit/shared/money/test_value_object_protocol.py::test_ordering_against_a_foreign_type_raises[object-gt-Money] PASSED [ 69%]
tests/unit/shared/money/test_value_object_protocol.py::test_ordering_against_a_foreign_type_raises[object-gt-Price] PASSED [ 69%]
tests/unit/shared/money/test_value_object_protocol.py::test_ordering_against_a_foreign_type_raises[object-gt-Quantity] PASSED [ 69%]
tests/unit/shared/money/test_value_object_protocol.py::test_ordering_against_a_foreign_type_raises[object-gt-Ratio] PASSED [ 69%]
tests/unit/shared/money/test_value_object_protocol.py::test_ordering_against_a_foreign_type_raises[object-ge-Money] PASSED [ 69%]
tests/unit/shared/money/test_value_object_protocol.py::test_ordering_against_a_foreign_type_raises[object-ge-Price] PASSED [ 69%]
tests/unit/shared/money/test_value_object_protocol.py::test_ordering_against_a_foreign_type_raises[object-ge-Quantity] PASSED [ 69%]
tests/unit/shared/money/test_value_object_protocol.py::test_ordering_against_a_foreign_type_raises[object-ge-Ratio] PASSED [ 69%]
tests/unit/shared/money/test_value_object_protocol.py::test_equality_against_a_foreign_type_is_false_not_an_error[int-Money] PASSED [ 69%]
tests/unit/shared/money/test_value_object_protocol.py::test_equality_against_a_foreign_type_is_false_not_an_error[int-Price] PASSED [ 69%]
tests/unit/shared/money/test_value_object_protocol.py::test_equality_against_a_foreign_type_is_false_not_an_error[int-Quantity] PASSED [ 69%]
tests/unit/shared/money/test_value_object_protocol.py::test_equality_against_a_foreign_type_is_false_not_an_error[int-SignedQuantity] PASSED [ 69%]
tests/unit/shared/money/test_value_object_protocol.py::test_equality_against_a_foreign_type_is_false_not_an_error[int-Ratio] PASSED [ 70%]
tests/unit/shared/money/test_value_object_protocol.py::test_equality_against_a_foreign_type_is_false_not_an_error[float-Money] PASSED [ 70%]
tests/unit/shared/money/test_value_object_protocol.py::test_equality_against_a_foreign_type_is_false_not_an_error[float-Price] PASSED [ 70%]
tests/unit/shared/money/test_value_object_protocol.py::test_equality_against_a_foreign_type_is_false_not_an_error[float-Quantity] PASSED [ 70%]
tests/unit/shared/money/test_value_object_protocol.py::test_equality_against_a_foreign_type_is_false_not_an_error[float-SignedQuantity] PASSED [ 70%]
tests/unit/shared/money/test_value_object_protocol.py::test_equality_against_a_foreign_type_is_false_not_an_error[float-Ratio] PASSED [ 70%]
tests/unit/shared/money/test_value_object_protocol.py::test_equality_against_a_foreign_type_is_false_not_an_error[str-Money] PASSED [ 70%]
tests/unit/shared/money/test_value_object_protocol.py::test_equality_against_a_foreign_type_is_false_not_an_error[str-Price] PASSED [ 70%]
tests/unit/shared/money/test_value_object_protocol.py::test_equality_against_a_foreign_type_is_false_not_an_error[str-Quantity] PASSED [ 70%]
tests/unit/shared/money/test_value_object_protocol.py::test_equality_against_a_foreign_type_is_false_not_an_error[str-SignedQuantity] PASSED [ 70%]
tests/unit/shared/money/test_value_object_protocol.py::test_equality_against_a_foreign_type_is_false_not_an_error[str-Ratio] PASSED [ 70%]
tests/unit/shared/money/test_value_object_protocol.py::test_equality_against_a_foreign_type_is_false_not_an_error[NoneType-Money] PASSED [ 70%]
tests/unit/shared/money/test_value_object_protocol.py::test_equality_against_a_foreign_type_is_false_not_an_error[NoneType-Price] PASSED [ 70%]
tests/unit/shared/money/test_value_object_protocol.py::test_equality_against_a_foreign_type_is_false_not_an_error[NoneType-Quantity] PASSED [ 70%]
tests/unit/shared/money/test_value_object_protocol.py::test_equality_against_a_foreign_type_is_false_not_an_error[NoneType-SignedQuantity] PASSED [ 70%]
tests/unit/shared/money/test_value_object_protocol.py::test_equality_against_a_foreign_type_is_false_not_an_error[NoneType-Ratio] PASSED [ 70%]
tests/unit/shared/money/test_value_object_protocol.py::test_equality_against_a_foreign_type_is_false_not_an_error[Decimal-Money] PASSED [ 70%]
tests/unit/shared/money/test_value_object_protocol.py::test_equality_against_a_foreign_type_is_false_not_an_error[Decimal-Price] PASSED [ 70%]
tests/unit/shared/money/test_value_object_protocol.py::test_equality_against_a_foreign_type_is_false_not_an_error[Decimal-Quantity] PASSED [ 70%]
tests/unit/shared/money/test_value_object_protocol.py::test_equality_against_a_foreign_type_is_false_not_an_error[Decimal-SignedQuantity] PASSED [ 70%]
tests/unit/shared/money/test_value_object_protocol.py::test_equality_against_a_foreign_type_is_false_not_an_error[Decimal-Ratio] PASSED [ 70%]
tests/unit/shared/money/test_value_object_protocol.py::test_equality_against_a_foreign_type_is_false_not_an_error[object-Money] PASSED [ 70%]
tests/unit/shared/money/test_value_object_protocol.py::test_equality_against_a_foreign_type_is_false_not_an_error[object-Price] PASSED [ 70%]
tests/unit/shared/money/test_value_object_protocol.py::test_equality_against_a_foreign_type_is_false_not_an_error[object-Quantity] PASSED [ 71%]
tests/unit/shared/money/test_value_object_protocol.py::test_equality_against_a_foreign_type_is_false_not_an_error[object-SignedQuantity] PASSED [ 71%]
tests/unit/shared/money/test_value_object_protocol.py::test_equality_against_a_foreign_type_is_false_not_an_error[object-Ratio] PASSED [ 71%]
tests/unit/shared/money/test_value_object_protocol.py::test_arithmetic_against_a_foreign_type_raises[int-Money] PASSED [ 71%]
tests/unit/shared/money/test_value_object_protocol.py::test_arithmetic_against_a_foreign_type_raises[int-Price] PASSED [ 71%]
tests/unit/shared/money/test_value_object_protocol.py::test_arithmetic_against_a_foreign_type_raises[int-Quantity] PASSED [ 71%]
tests/unit/shared/money/test_value_object_protocol.py::test_arithmetic_against_a_foreign_type_raises[int-SignedQuantity] PASSED [ 71%]
tests/unit/shared/money/test_value_object_protocol.py::test_arithmetic_against_a_foreign_type_raises[int-Ratio] PASSED [ 71%]
tests/unit/shared/money/test_value_object_protocol.py::test_arithmetic_against_a_foreign_type_raises[float-Money] PASSED [ 71%]
tests/unit/shared/money/test_value_object_protocol.py::test_arithmetic_against_a_foreign_type_raises[float-Price] PASSED [ 71%]
tests/unit/shared/money/test_value_object_protocol.py::test_arithmetic_against_a_foreign_type_raises[float-Quantity] PASSED [ 71%]
tests/unit/shared/money/test_value_object_protocol.py::test_arithmetic_against_a_foreign_type_raises[float-SignedQuantity] PASSED [ 71%]
tests/unit/shared/money/test_value_object_protocol.py::test_arithmetic_against_a_foreign_type_raises[float-Ratio] PASSED [ 71%]
tests/unit/shared/money/test_value_object_protocol.py::test_arithmetic_against_a_foreign_type_raises[str-Money] PASSED [ 71%]
tests/unit/shared/money/test_value_object_protocol.py::test_arithmetic_against_a_foreign_type_raises[str-Price] PASSED [ 71%]
tests/unit/shared/money/test_value_object_protocol.py::test_arithmetic_against_a_foreign_type_raises[str-Quantity] PASSED [ 71%]
tests/unit/shared/money/test_value_object_protocol.py::test_arithmetic_against_a_foreign_type_raises[str-SignedQuantity] PASSED [ 71%]
tests/unit/shared/money/test_value_object_protocol.py::test_arithmetic_against_a_foreign_type_raises[str-Ratio] PASSED [ 71%]
tests/unit/shared/money/test_value_object_protocol.py::test_arithmetic_against_a_foreign_type_raises[NoneType-Money] PASSED [ 71%]
tests/unit/shared/money/test_value_object_protocol.py::test_arithmetic_against_a_foreign_type_raises[NoneType-Price] PASSED [ 71%]
tests/unit/shared/money/test_value_object_protocol.py::test_arithmetic_against_a_foreign_type_raises[NoneType-Quantity] PASSED [ 71%]
tests/unit/shared/money/test_value_object_protocol.py::test_arithmetic_against_a_foreign_type_raises[NoneType-SignedQuantity] PASSED [ 71%]
tests/unit/shared/money/test_value_object_protocol.py::test_arithmetic_against_a_foreign_type_raises[NoneType-Ratio] PASSED [ 72%]
tests/unit/shared/money/test_value_object_protocol.py::test_arithmetic_against_a_foreign_type_raises[Decimal-Money] PASSED [ 72%]
tests/unit/shared/money/test_value_object_protocol.py::test_arithmetic_against_a_foreign_type_raises[Decimal-Price] PASSED [ 72%]
tests/unit/shared/money/test_value_object_protocol.py::test_arithmetic_against_a_foreign_type_raises[Decimal-Quantity] PASSED [ 72%]
tests/unit/shared/money/test_value_object_protocol.py::test_arithmetic_against_a_foreign_type_raises[Decimal-SignedQuantity] PASSED [ 72%]
tests/unit/shared/money/test_value_object_protocol.py::test_arithmetic_against_a_foreign_type_raises[Decimal-Ratio] PASSED [ 72%]
tests/unit/shared/money/test_value_object_protocol.py::test_arithmetic_against_a_foreign_type_raises[object-Money] PASSED [ 72%]
tests/unit/shared/money/test_value_object_protocol.py::test_arithmetic_against_a_foreign_type_raises[object-Price] PASSED [ 72%]
tests/unit/shared/money/test_value_object_protocol.py::test_arithmetic_against_a_foreign_type_raises[object-Quantity] PASSED [ 72%]
tests/unit/shared/money/test_value_object_protocol.py::test_arithmetic_against_a_foreign_type_raises[object-SignedQuantity] PASSED [ 72%]
tests/unit/shared/money/test_value_object_protocol.py::test_arithmetic_against_a_foreign_type_raises[object-Ratio] PASSED [ 72%]
tests/unit/shared/money/test_value_object_protocol.py::test_zero_is_falsy_and_non_zero_is_truthy[Money] PASSED [ 72%]
tests/unit/shared/money/test_value_object_protocol.py::test_zero_is_falsy_and_non_zero_is_truthy[Price] PASSED [ 72%]
tests/unit/shared/money/test_value_object_protocol.py::test_zero_is_falsy_and_non_zero_is_truthy[Quantity] PASSED [ 72%]
tests/unit/shared/money/test_value_object_protocol.py::test_zero_is_falsy_and_non_zero_is_truthy[SignedQuantity] PASSED [ 72%]
tests/unit/shared/money/test_value_object_protocol.py::test_zero_is_falsy_and_non_zero_is_truthy[Ratio] PASSED [ 72%]
tests/unit/shared/money/test_value_object_protocol.py::test_repr_is_unambiguous_and_str_is_readable[Money] PASSED [ 72%]
tests/unit/shared/money/test_value_object_protocol.py::test_repr_is_unambiguous_and_str_is_readable[Price] PASSED [ 72%]
tests/unit/shared/money/test_value_object_protocol.py::test_repr_is_unambiguous_and_str_is_readable[Quantity] PASSED [ 72%]
tests/unit/shared/money/test_value_object_protocol.py::test_repr_is_unambiguous_and_str_is_readable[SignedQuantity] PASSED [ 72%]
tests/unit/shared/money/test_value_object_protocol.py::test_repr_is_unambiguous_and_str_is_readable[Ratio] PASSED [ 72%]
tests/unit/shared/money/test_value_object_protocol.py::test_every_value_object_is_hashable_and_slotted[Money] PASSED [ 72%]
tests/unit/shared/money/test_value_object_protocol.py::test_every_value_object_is_hashable_and_slotted[Price] PASSED [ 73%]
tests/unit/shared/money/test_value_object_protocol.py::test_every_value_object_is_hashable_and_slotted[Quantity] PASSED [ 73%]
tests/unit/shared/money/test_value_object_protocol.py::test_every_value_object_is_hashable_and_slotted[SignedQuantity] PASSED [ 73%]
tests/unit/shared/money/test_value_object_protocol.py::test_every_value_object_is_hashable_and_slotted[Ratio] PASSED [ 73%]
tests/unit/shared/money/test_value_object_protocol.py::test_no_value_object_converts_to_float[Money] PASSED [ 73%]
tests/unit/shared/money/test_value_object_protocol.py::test_no_value_object_converts_to_float[Price] PASSED [ 73%]
tests/unit/shared/money/test_value_object_protocol.py::test_no_value_object_converts_to_float[Quantity] PASSED [ 73%]
tests/unit/shared/money/test_value_object_protocol.py::test_no_value_object_converts_to_float[SignedQuantity] PASSED [ 73%]
tests/unit/shared/money/test_value_object_protocol.py::test_no_value_object_converts_to_float[Ratio] PASSED [ 73%]
tests/unit/shared/money/test_value_object_protocol.py::test_zero_reports_itself_as_zero[Money] PASSED [ 73%]
tests/unit/shared/money/test_value_object_protocol.py::test_zero_reports_itself_as_zero[Price] PASSED [ 73%]
tests/unit/shared/money/test_value_object_protocol.py::test_zero_reports_itself_as_zero[Quantity] PASSED [ 73%]
tests/unit/shared/money/test_value_object_protocol.py::test_zero_reports_itself_as_zero[SignedQuantity] PASSED [ 73%]
tests/unit/shared/money/test_value_object_protocol.py::test_zero_reports_itself_as_zero[Ratio] PASSED [ 73%]
tests/unit/shared/money/test_value_object_protocol.py::test_negation_and_absolute_value_where_they_apply PASSED [ 73%]
tests/unit/shared/money/test_value_object_protocol.py::test_signed_quantity_ordering_and_comparison PASSED [ 73%]
tests/unit/shared/money/test_value_object_protocol.py::test_quantity_scales_from_either_side PASSED [ 73%]
tests/unit/shared/money/test_value_object_protocol.py::test_money_scales_from_either_side PASSED [ 73%]
tests/unit/shared/money/test_value_object_protocol.py::test_notional_scales_from_either_side PASSED [ 73%]
tests/unit/shared/money/test_value_object_protocol.py::test_every_binary_operator_rejects_a_foreign_operand[sub-int-Money] PASSED [ 73%]
tests/unit/shared/money/test_value_object_protocol.py::test_every_binary_operator_rejects_a_foreign_operand[sub-int-Price] PASSED [ 73%]
tests/unit/shared/money/test_value_object_protocol.py::test_every_binary_operator_rejects_a_foreign_operand[sub-int-Quantity] PASSED [ 73%]
tests/unit/shared/money/test_value_object_protocol.py::test_every_binary_operator_rejects_a_foreign_operand[sub-int-SignedQuantity] PASSED [ 74%]
tests/unit/shared/money/test_value_object_protocol.py::test_every_binary_operator_rejects_a_foreign_operand[sub-int-Ratio] PASSED [ 74%]
tests/unit/shared/money/test_value_object_protocol.py::test_every_binary_operator_rejects_a_foreign_operand[sub-float-Money] PASSED [ 74%]
tests/unit/shared/money/test_value_object_protocol.py::test_every_binary_operator_rejects_a_foreign_operand[sub-float-Price] PASSED [ 74%]
tests/unit/shared/money/test_value_object_protocol.py::test_every_binary_operator_rejects_a_foreign_operand[sub-float-Quantity] PASSED [ 74%]
tests/unit/shared/money/test_value_object_protocol.py::test_every_binary_operator_rejects_a_foreign_operand[sub-float-SignedQuantity] PASSED [ 74%]
tests/unit/shared/money/test_value_object_protocol.py::test_every_binary_operator_rejects_a_foreign_operand[sub-float-Ratio] PASSED [ 74%]
tests/unit/shared/money/test_value_object_protocol.py::test_every_binary_operator_rejects_a_foreign_operand[sub-str-Money] PASSED [ 74%]
tests/unit/shared/money/test_value_object_protocol.py::test_every_binary_operator_rejects_a_foreign_operand[sub-str-Price] PASSED [ 74%]
tests/unit/shared/money/test_value_object_protocol.py::test_every_binary_operator_rejects_a_foreign_operand[sub-str-Quantity] PASSED [ 74%]
tests/unit/shared/money/test_value_object_protocol.py::test_every_binary_operator_rejects_a_foreign_operand[sub-str-SignedQuantity] PASSED [ 74%]
tests/unit/shared/money/test_value_object_protocol.py::test_every_binary_operator_rejects_a_foreign_operand[sub-str-Ratio] PASSED [ 74%]
tests/unit/shared/money/test_value_object_protocol.py::test_every_binary_operator_rejects_a_foreign_operand[sub-NoneType-Money] PASSED [ 74%]
tests/unit/shared/money/test_value_object_protocol.py::test_every_binary_operator_rejects_a_foreign_operand[sub-NoneType-Price] PASSED [ 74%]
tests/unit/shared/money/test_value_object_protocol.py::test_every_binary_operator_rejects_a_foreign_operand[sub-NoneType-Quantity] PASSED [ 74%]
tests/unit/shared/money/test_value_object_protocol.py::test_every_binary_operator_rejects_a_foreign_operand[sub-NoneType-SignedQuantity] PASSED [ 74%]
tests/unit/shared/money/test_value_object_protocol.py::test_every_binary_operator_rejects_a_foreign_operand[sub-NoneType-Ratio] PASSED [ 74%]
tests/unit/shared/money/test_value_object_protocol.py::test_every_binary_operator_rejects_a_foreign_operand[sub-Decimal-Money] PASSED [ 74%]
tests/unit/shared/money/test_value_object_protocol.py::test_every_binary_operator_rejects_a_foreign_operand[sub-Decimal-Price] PASSED [ 74%]
tests/unit/shared/money/test_value_object_protocol.py::test_every_binary_operator_rejects_a_foreign_operand[sub-Decimal-Quantity] PASSED [ 74%]
tests/unit/shared/money/test_value_object_protocol.py::test_every_binary_operator_rejects_a_foreign_operand[sub-Decimal-SignedQuantity] PASSED [ 74%]
tests/unit/shared/money/test_value_object_protocol.py::test_every_binary_operator_rejects_a_foreign_operand[sub-Decimal-Ratio] PASSED [ 74%]
tests/unit/shared/money/test_value_object_protocol.py::test_every_binary_operator_rejects_a_foreign_operand[sub-object-Money] PASSED [ 75%]
tests/unit/shared/money/test_value_object_protocol.py::test_every_binary_operator_rejects_a_foreign_operand[sub-object-Price] PASSED [ 75%]
tests/unit/shared/money/test_value_object_protocol.py::test_every_binary_operator_rejects_a_foreign_operand[sub-object-Quantity] PASSED [ 75%]
tests/unit/shared/money/test_value_object_protocol.py::test_every_binary_operator_rejects_a_foreign_operand[sub-object-SignedQuantity] PASSED [ 75%]
tests/unit/shared/money/test_value_object_protocol.py::test_every_binary_operator_rejects_a_foreign_operand[sub-object-Ratio] PASSED [ 75%]
tests/unit/shared/money/test_value_object_protocol.py::test_every_binary_operator_rejects_a_foreign_operand[mul-int-Money] SKIPPED [ 75%]
tests/unit/shared/money/test_value_object_protocol.py::test_every_binary_operator_rejects_a_foreign_operand[mul-int-Price] SKIPPED [ 75%]
tests/unit/shared/money/test_value_object_protocol.py::test_every_binary_operator_rejects_a_foreign_operand[mul-int-Quantity] SKIPPED [ 75%]
tests/unit/shared/money/test_value_object_protocol.py::test_every_binary_operator_rejects_a_foreign_operand[mul-int-SignedQuantity] SKIPPED [ 75%]
tests/unit/shared/money/test_value_object_protocol.py::test_every_binary_operator_rejects_a_foreign_operand[mul-int-Ratio] SKIPPED [ 75%]
tests/unit/shared/money/test_value_object_protocol.py::test_every_binary_operator_rejects_a_foreign_operand[mul-float-Money] PASSED [ 75%]
tests/unit/shared/money/test_value_object_protocol.py::test_every_binary_operator_rejects_a_foreign_operand[mul-float-Price] PASSED [ 75%]
tests/unit/shared/money/test_value_object_protocol.py::test_every_binary_operator_rejects_a_foreign_operand[mul-float-Quantity] PASSED [ 75%]
tests/unit/shared/money/test_value_object_protocol.py::test_every_binary_operator_rejects_a_foreign_operand[mul-float-SignedQuantity] PASSED [ 75%]
tests/unit/shared/money/test_value_object_protocol.py::test_every_binary_operator_rejects_a_foreign_operand[mul-float-Ratio] PASSED [ 75%]
tests/unit/shared/money/test_value_object_protocol.py::test_every_binary_operator_rejects_a_foreign_operand[mul-str-Money] PASSED [ 75%]
tests/unit/shared/money/test_value_object_protocol.py::test_every_binary_operator_rejects_a_foreign_operand[mul-str-Price] PASSED [ 75%]
tests/unit/shared/money/test_value_object_protocol.py::test_every_binary_operator_rejects_a_foreign_operand[mul-str-Quantity] PASSED [ 75%]
tests/unit/shared/money/test_value_object_protocol.py::test_every_binary_operator_rejects_a_foreign_operand[mul-str-SignedQuantity] PASSED [ 75%]
tests/unit/shared/money/test_value_object_protocol.py::test_every_binary_operator_rejects_a_foreign_operand[mul-str-Ratio] PASSED [ 75%]
tests/unit/shared/money/test_value_object_protocol.py::test_every_binary_operator_rejects_a_foreign_operand[mul-NoneType-Money] PASSED [ 75%]
tests/unit/shared/money/test_value_object_protocol.py::test_every_binary_operator_rejects_a_foreign_operand[mul-NoneType-Price] PASSED [ 75%]
tests/unit/shared/money/test_value_object_protocol.py::test_every_binary_operator_rejects_a_foreign_operand[mul-NoneType-Quantity] PASSED [ 75%]
tests/unit/shared/money/test_value_object_protocol.py::test_every_binary_operator_rejects_a_foreign_operand[mul-NoneType-SignedQuantity] PASSED [ 76%]
tests/unit/shared/money/test_value_object_protocol.py::test_every_binary_operator_rejects_a_foreign_operand[mul-NoneType-Ratio] PASSED [ 76%]
tests/unit/shared/money/test_value_object_protocol.py::test_every_binary_operator_rejects_a_foreign_operand[mul-Decimal-Money] PASSED [ 76%]
tests/unit/shared/money/test_value_object_protocol.py::test_every_binary_operator_rejects_a_foreign_operand[mul-Decimal-Price] PASSED [ 76%]
tests/unit/shared/money/test_value_object_protocol.py::test_every_binary_operator_rejects_a_foreign_operand[mul-Decimal-Quantity] PASSED [ 76%]
tests/unit/shared/money/test_value_object_protocol.py::test_every_binary_operator_rejects_a_foreign_operand[mul-Decimal-SignedQuantity] PASSED [ 76%]
tests/unit/shared/money/test_value_object_protocol.py::test_every_binary_operator_rejects_a_foreign_operand[mul-Decimal-Ratio] PASSED [ 76%]
tests/unit/shared/money/test_value_object_protocol.py::test_every_binary_operator_rejects_a_foreign_operand[mul-object-Money] PASSED [ 76%]
tests/unit/shared/money/test_value_object_protocol.py::test_every_binary_operator_rejects_a_foreign_operand[mul-object-Price] PASSED [ 76%]
tests/unit/shared/money/test_value_object_protocol.py::test_every_binary_operator_rejects_a_foreign_operand[mul-object-Quantity] PASSED [ 76%]
tests/unit/shared/money/test_value_object_protocol.py::test_every_binary_operator_rejects_a_foreign_operand[mul-object-SignedQuantity] PASSED [ 76%]
tests/unit/shared/money/test_value_object_protocol.py::test_every_binary_operator_rejects_a_foreign_operand[mul-object-Ratio] PASSED [ 76%]
tests/unit/shared/money/test_value_object_protocol.py::test_scaling_by_a_bool_is_refused[Money] PASSED [ 76%]
tests/unit/shared/money/test_value_object_protocol.py::test_scaling_by_a_bool_is_refused[Price] PASSED [ 76%]
tests/unit/shared/money/test_value_object_protocol.py::test_scaling_by_a_bool_is_refused[Quantity] PASSED [ 76%]
tests/unit/shared/money/test_value_object_protocol.py::test_scaling_by_a_bool_is_refused[SignedQuantity] PASSED [ 76%]
tests/unit/shared/money/test_value_object_protocol.py::test_scaling_by_a_bool_is_refused[Ratio] PASSED [ 76%]
tests/unit/shared/money/test_value_object_protocol.py::test_money_division_guards_its_divisor_type PASSED [ 76%]
tests/unit/shared/money/test_value_object_protocol.py::test_quantity_in_lots_rejects_a_non_positive_lot_size PASSED [ 76%]
tests/unit/shared/money/test_value_object_protocol.py::test_money_per_unit_refuses_zero_quantity PASSED [ 76%]
tests/unit/shared/money/test_value_object_protocol.py::test_money_ratio_to_zero_is_refused PASSED [ 76%]
tests/unit/shared/money/test_value_object_protocol.py::test_split_requires_a_positive_part_count PASSED [ 76%]
tests/unit/shared/test_bootstrap.py::test_bootstrap_returns_a_wired_context PASSED [ 77%]
tests/unit/shared/test_bootstrap.py::test_logging_is_configured_before_anything_can_log PASSED [ 77%]
tests/unit/shared/test_bootstrap.py::test_the_startup_banner_states_the_facts_an_operator_needs PASSED [ 77%]
tests/unit/shared/test_bootstrap.py::test_a_secret_created_after_bootstrap_is_still_redacted PASSED [ 77%]
tests/unit/shared/test_bootstrap.py::test_bootstrap_refuses_unsafe_configuration PASSED [ 77%]
tests/unit/shared/test_bootstrap.py::test_a_tracing_misconfiguration_is_warned_about_loudly PASSED [ 77%]
tests/unit/shared/test_bootstrap.py::test_the_context_is_immutable PASSED [ 77%]
tests/unit/shared/test_context.py::test_nothing_is_bound_by_default PASSED [ 77%]
tests/unit/shared/test_context.py::test_generated_ids_are_prefixed_and_unique PASSED [ 77%]
tests/unit/shared/test_context.py::test_binding_generates_an_id_when_none_is_supplied PASSED [ 77%]
tests/unit/shared/test_context.py::test_generation_can_be_declined PASSED [ 77%]
tests/unit/shared/test_context.py::test_a_supplied_id_is_honoured PASSED [ 77%]
tests/unit/shared/test_context.py::test_context_is_restored_on_exit PASSED [ 77%]
tests/unit/shared/test_context.py::test_context_is_restored_even_when_the_block_raises PASSED [ 77%]
tests/unit/shared/test_context.py::test_nesting_narrows_rather_than_resets PASSED [ 77%]
tests/unit/shared/test_context.py::test_log_fields_omit_unbound_identifiers PASSED [ 77%]
tests/unit/shared/test_context.py::test_context_propagates_across_await PASSED [ 77%]
tests/unit/shared/test_context.py::test_concurrent_tasks_do_not_leak_into_each_other PASSED [ 77%]
tests/unit/shared/test_context.py::test_context_does_not_reach_a_thread_without_help PASSED [ 77%]
tests/unit/shared/test_context.py::test_copy_context_into_carries_it_across_a_thread PASSED [ 77%]
tests/unit/shared/test_context.py::test_the_wrapper_preserves_identity_for_debuggability PASSED [ 77%]
tests/unit/shared/test_environment.py::test_exactly_four_environments_exist PASSED [ 77%]
tests/unit/shared/test_environment.py::test_environment_compares_as_a_string PASSED [ 78%]
tests/unit/shared/test_environment.py::test_predicates[local-True-False-False] PASSED [ 78%]
tests/unit/shared/test_environment.py::test_predicates[test-True-False-False] PASSED [ 78%]
tests/unit/shared/test_environment.py::test_predicates[staging-False-True-False] PASSED [ 78%]
tests/unit/shared/test_environment.py::test_predicates[production-False-True-True] PASSED [ 78%]
tests/unit/shared/test_environment.py::test_staging_is_deployed_not_development PASSED [ 78%]
tests/unit/shared/test_environment.py::test_only_production_could_ever_allow_live_orders PASSED [ 78%]
tests/unit/shared/test_environment.py::test_an_unknown_environment_string_is_rejected PASSED [ 78%]
tests/unit/shared/test_errors.py::test_error_codes_are_pinned PASSED     [ 78%]
tests/unit/shared/test_errors.py::test_error_codes_are_unique PASSED     [ 78%]
tests/unit/shared/test_errors.py::test_every_error_is_exported[AuthenticationError] PASSED [ 78%]
tests/unit/shared/test_errors.py::test_every_error_is_exported[ConfigurationError] PASSED [ 78%]
tests/unit/shared/test_errors.py::test_every_error_is_exported[ConflictError] PASSED [ 78%]
tests/unit/shared/test_errors.py::test_every_error_is_exported[DataQualityError] PASSED [ 78%]
tests/unit/shared/test_errors.py::test_every_error_is_exported[DegradedModeError] PASSED [ 78%]
tests/unit/shared/test_errors.py::test_every_error_is_exported[ExternalServiceError] PASSED [ 78%]
tests/unit/shared/test_errors.py::test_every_error_is_exported[InvariantViolation] PASSED [ 78%]
tests/unit/shared/test_errors.py::test_every_error_is_exported[MissingDataError] PASSED [ 78%]
tests/unit/shared/test_errors.py::test_every_error_is_exported[NotFoundError] PASSED [ 78%]
tests/unit/shared/test_errors.py::test_every_error_is_exported[PermissionDeniedError] PASSED [ 78%]
tests/unit/shared/test_errors.py::test_every_error_is_exported[PreconditionUnknownError] PASSED [ 78%]
tests/unit/shared/test_errors.py::test_every_error_is_exported[RateLimitedError] PASSED [ 78%]
tests/unit/shared/test_errors.py::test_every_error_is_exported[SafetyError] PASSED [ 79%]
tests/unit/shared/test_errors.py::test_every_error_is_exported[StaleDataError] PASSED [ 79%]
tests/unit/shared/test_errors.py::test_every_error_is_exported[TokenExpiredError] PASSED [ 79%]
tests/unit/shared/test_errors.py::test_every_error_is_exported[TokenRevokedError] PASSED [ 79%]
tests/unit/shared/test_errors.py::test_every_error_is_exported[UnsafeConfigurationError] PASSED [ 79%]
tests/unit/shared/test_errors.py::test_every_error_is_exported[UpstreamAuthenticationError] PASSED [ 79%]
tests/unit/shared/test_errors.py::test_every_error_is_exported[UpstreamTimeoutError] PASSED [ 79%]
tests/unit/shared/test_errors.py::test_every_error_is_exported[UpstreamUnavailableError] PASSED [ 79%]
tests/unit/shared/test_errors.py::test_every_error_is_exported[ValidationError] PASSED [ 79%]
tests/unit/shared/test_errors.py::test_context_is_structured_not_interpolated PASSED [ 79%]
tests/unit/shared/test_errors.py::test_str_includes_the_code PASSED      [ 79%]
tests/unit/shared/test_errors.py::test_repr_never_reveals_context_values PASSED [ 79%]
tests/unit/shared/test_errors.py::test_to_dict_is_the_deliberate_way_to_get_values PASSED [ 79%]
tests/unit/shared/test_errors.py::test_external_errors_are_retryable_and_others_are_not PASSED [ 79%]
tests/unit/shared/test_errors.py::test_safety_errors_are_their_own_branch PASSED [ 79%]
tests/unit/shared/test_errors.py::test_subclasses_narrow_without_breaking_except_clauses PASSED [ 79%]
tests/unit/shared/test_errors.py::test_malformed_codes_are_rejected_at_construction[CFG-001] PASSED [ 79%]
tests/unit/shared/test_errors.py::test_malformed_codes_are_rejected_at_construction[DHR-CONFIG-001] PASSED [ 79%]
tests/unit/shared/test_errors.py::test_malformed_codes_are_rejected_at_construction[DHR-cfg-001] PASSED [ 79%]
tests/unit/shared/test_errors.py::test_malformed_codes_are_rejected_at_construction[DHR-CFG-1] PASSED [ 79%]
tests/unit/shared/test_errors.py::test_malformed_codes_are_rejected_at_construction[nonsense] PASSED [ 79%]
tests/unit/shared/test_errors.py::test_error_code_behaves_as_a_string PASSED [ 79%]
tests/unit/shared/test_errors.py::test_errors_survive_pickling_for_celery_transport PASSED [ 79%]
tests/unit/shared/test_errors.py::test_a_secret_in_error_context_does_not_leak_through_repr_or_str PASSED [ 80%]
tests/unit/shared/test_events.py::test_an_event_carries_its_facts PASSED [ 80%]
tests/unit/shared/test_events.py::test_event_type_is_derived_from_the_class PASSED [ 80%]
tests/unit/shared/test_events.py::test_each_occurrence_gets_a_unique_identifier PASSED [ 80%]
tests/unit/shared/test_events.py::test_an_explicit_event_id_is_honoured PASSED [ 80%]
tests/unit/shared/test_events.py::test_events_are_immutable PASSED       [ 80%]
tests/unit/shared/test_events.py::test_a_naive_timestamp_is_refused PASSED [ 80%]
tests/unit/shared/test_events.py::test_construction_is_keyword_only PASSED [ 80%]
tests/unit/shared/test_events.py::test_occurred_at_is_distinct_from_when_it_was_recorded PASSED [ 80%]
tests/unit/shared/test_events.py::test_the_base_carries_no_transport_metadata PASSED [ 80%]
tests/unit/shared/test_events.py::test_events_are_slotted PASSED         [ 80%]
tests/unit/shared/test_identity.py::test_a_fresh_identifier_is_unique PASSED [ 80%]
tests/unit/shared/test_identity.py::test_a_deterministic_identifier_is_stable_across_calls PASSED [ 80%]
tests/unit/shared/test_identity.py::test_different_natural_keys_give_different_identifiers PASSED [ 80%]
tests/unit/shared/test_identity.py::test_parts_cannot_be_ambiguously_joined PASSED [ 80%]
tests/unit/shared/test_identity.py::test_an_empty_natural_key_is_refused[parts0] PASSED [ 80%]
tests/unit/shared/test_identity.py::test_an_empty_natural_key_is_refused[parts1] PASSED [ 80%]
tests/unit/shared/test_identity.py::test_an_empty_natural_key_is_refused[parts2] PASSED [ 80%]
tests/unit/shared/test_identity.py::test_string_form_round_trips PASSED  [ 80%]
tests/unit/shared/test_identity.py::test_a_bare_uuid_parses PASSED       [ 80%]
tests/unit/shared/test_identity.py::test_the_string_form_is_prefixed_and_greppable PASSED [ 80%]
tests/unit/shared/test_identity.py::test_parsing_the_wrong_prefix_is_refused PASSED [ 80%]
tests/unit/shared/test_identity.py::test_malformed_identifiers_are_refused[] PASSED [ 81%]
tests/unit/shared/test_identity.py::test_malformed_identifiers_are_refused[not-a-uuid] PASSED [ 81%]
tests/unit/shared/test_identity.py::test_malformed_identifiers_are_refused[inst_nonsense] PASSED [ 81%]
tests/unit/shared/test_identity.py::test_malformed_identifiers_are_refused[inst_] PASSED [ 81%]
tests/unit/shared/test_identity.py::test_construction_requires_an_actual_uuid[a-string] PASSED [ 81%]
tests/unit/shared/test_identity.py::test_construction_requires_an_actual_uuid[42] PASSED [ 81%]
tests/unit/shared/test_identity.py::test_construction_requires_an_actual_uuid[None] PASSED [ 81%]
tests/unit/shared/test_identity.py::test_construction_requires_an_actual_uuid[bytes] PASSED [ 81%]
tests/unit/shared/test_identity.py::test_identifiers_of_different_kinds_never_compare_equal PASSED [ 81%]
tests/unit/shared/test_identity.py::test_identifiers_are_hashable_and_immutable PASSED [ 81%]
tests/unit/shared/test_identity.py::test_identifiers_survive_pickling PASSED [ 81%]
tests/unit/shared/test_identity.py::test_no_broker_identifier_appears_in_the_module PASSED [ 81%]
tests/unit/shared/test_invariants.py::test_a_holding_invariant_is_silent PASSED [ 81%]
tests/unit/shared/test_invariants.py::test_a_violated_invariant_raises_with_context PASSED [ 81%]
tests/unit/shared/test_invariants.py::test_an_invariant_violation_is_a_safety_error PASSED [ 81%]
tests/unit/shared/test_invariants.py::test_invariants_are_not_assertions PASSED [ 81%]
tests/unit/shared/test_invariants.py::test_unreachable_always_raises PASSED [ 81%]
tests/unit/shared/test_invariants.py::test_any_falsy_condition_violates[False] PASSED [ 81%]
tests/unit/shared/test_invariants.py::test_any_falsy_condition_violates[0] PASSED [ 81%]
tests/unit/shared/test_invariants.py::test_any_falsy_condition_violates[] PASSED [ 81%]
tests/unit/shared/test_invariants.py::test_any_falsy_condition_violates[falsy3] PASSED [ 81%]
tests/unit/shared/test_invariants.py::test_any_falsy_condition_violates[falsy4] PASSED [ 81%]
tests/unit/shared/test_invariants.py::test_any_falsy_condition_violates[None] PASSED [ 82%]
tests/unit/shared/test_logging_redaction.py::test_logging_reports_whether_it_is_configured PASSED [ 82%]
tests/unit/shared/test_logging_redaction.py::test_sensitive_field_names_are_redacted[password] PASSED [ 82%]
tests/unit/shared/test_logging_redaction.py::test_sensitive_field_names_are_redacted[api_key] PASSED [ 82%]
tests/unit/shared/test_logging_redaction.py::test_sensitive_field_names_are_redacted[apiKey] PASSED [ 82%]
tests/unit/shared/test_logging_redaction.py::test_sensitive_field_names_are_redacted[access_token] PASSED [ 82%]
tests/unit/shared/test_logging_redaction.py::test_sensitive_field_names_are_redacted[kite_api_secret] PASSED [ 82%]
tests/unit/shared/test_logging_redaction.py::test_sensitive_field_names_are_redacted[authorization] PASSED [ 82%]
tests/unit/shared/test_logging_redaction.py::test_sensitive_field_names_are_redacted[totp] PASSED [ 82%]
tests/unit/shared/test_logging_redaction.py::test_sensitive_field_names_are_redacted[db_password_hash] PASSED [ 82%]
tests/unit/shared/test_logging_redaction.py::test_sensitive_field_names_are_redacted[session_id] PASSED [ 82%]
tests/unit/shared/test_logging_redaction.py::test_sensitive_field_names_are_redacted[private_key] PASSED [ 82%]
tests/unit/shared/test_logging_redaction.py::test_a_secret_interpolated_into_a_message_is_redacted PASSED [ 82%]
tests/unit/shared/test_logging_redaction.py::test_a_secret_in_an_innocuously_named_field_is_redacted PASSED [ 82%]
tests/unit/shared/test_logging_redaction.py::test_a_secret_nested_in_a_structure_is_redacted PASSED [ 82%]
tests/unit/shared/test_logging_redaction.py::test_a_secret_in_an_exception_argument_is_redacted PASSED [ 82%]
tests/unit/shared/test_logging_redaction.py::test_redaction_survives_bound_context PASSED [ 82%]
tests/unit/shared/test_logging_redaction.py::test_ordinary_content_is_untouched PASSED [ 82%]
tests/unit/shared/test_logging_redaction.py::test_short_values_do_not_trigger_redaction PASSED [ 82%]
tests/unit/shared/test_logging_redaction.py::test_secrets_inside_sequences_are_redacted PASSED [ 82%]
tests/unit/shared/test_logging_redaction.py::test_a_sensitive_field_name_redacts_the_whole_value PASSED [ 82%]
tests/unit/shared/test_logging_redaction.py::test_every_record_carries_service_identity PASSED [ 82%]
tests/unit/shared/test_logging_redaction.py::test_timestamps_are_utc_with_an_explicit_offset PASSED [ 83%]
tests/unit/shared/test_logging_redaction.py::test_correlation_appears_only_when_bound PASSED [ 83%]
tests/unit/shared/test_logging_redaction.py::test_console_format_is_available_for_humans PASSED [ 83%]
tests/unit/shared/test_logging_redaction.py::test_logging_an_exception_warns_about_nothing[json] PASSED [ 83%]
tests/unit/shared/test_logging_redaction.py::test_logging_an_exception_warns_about_nothing[console] PASSED [ 83%]
tests/unit/shared/test_logging_redaction.py::test_a_secret_inside_a_traceback_is_redacted PASSED [ 83%]
tests/unit/shared/test_logging_redaction.py::test_s06_identity_material_is_redacted_by_sensitive_field_name PASSED [ 83%]
tests/unit/shared/test_logging_redaction.py::test_s06_opened_secrets_are_redacted_after_interpolation PASSED [ 83%]
tests/unit/shared/test_observability.py::test_an_empty_registry_is_ready PASSED [ 83%]
tests/unit/shared/test_observability.py::test_degraded_is_still_ready PASSED [ 83%]
tests/unit/shared/test_observability.py::test_any_unhealthy_dependency_makes_the_process_not_ready PASSED [ 83%]
tests/unit/shared/test_observability.py::test_a_check_that_raises_counts_as_unhealthy PASSED [ 83%]
tests/unit/shared/test_observability.py::test_a_failing_check_does_not_leak_its_exception_message PASSED [ 83%]
tests/unit/shared/test_observability.py::test_a_hanging_check_times_out_rather_than_hanging_the_probe PASSED [ 83%]
tests/unit/shared/test_observability.py::test_checks_run_concurrently PASSED [ 83%]
tests/unit/shared/test_observability.py::test_duplicate_registration_is_rejected PASSED [ 83%]
tests/unit/shared/test_observability.py::test_the_report_renders_a_per_dependency_breakdown PASSED [ 83%]
tests/unit/shared/test_observability.py::test_metric_names_must_follow_the_convention[ticks_total] PASSED [ 83%]
tests/unit/shared/test_observability.py::test_metric_names_must_follow_the_convention[dhruva_ticks] PASSED [ 83%]
tests/unit/shared/test_observability.py::test_metric_names_must_follow_the_convention[DHRUVA_MARKETDATA_TICKS_TOTAL] PASSED [ 83%]
tests/unit/shared/test_observability.py::test_metric_names_must_follow_the_convention[dhruva-marketdata-ticks] PASSED [ 83%]
tests/unit/shared/test_observability.py::test_a_conforming_metric_registers_and_renders PASSED [ 83%]
tests/unit/shared/test_observability.py::test_duplicate_metric_registration_is_rejected PASSED [ 83%]
tests/unit/shared/test_observability.py::test_registries_are_isolated_from_each_other PASSED [ 84%]
tests/unit/shared/test_observability.py::test_histogram_buckets_bracket_the_platform_budgets PASSED [ 84%]
tests/unit/shared/test_observability.py::test_tracing_is_a_no_op_until_a_composition_root_configures_it PASSED [ 84%]
tests/unit/shared/test_secret_value.py::test_no_rendering_path_reveals_the_value[str()-str] PASSED [ 84%]
tests/unit/shared/test_secret_value.py::test_no_rendering_path_reveals_the_value[repr()-repr] PASSED [ 84%]
tests/unit/shared/test_secret_value.py::test_no_rendering_path_reveals_the_value[f-string-<lambda>] PASSED [ 84%]
tests/unit/shared/test_secret_value.py::test_no_rendering_path_reveals_the_value[format()-format] PASSED [ 84%]
tests/unit/shared/test_secret_value.py::test_no_rendering_path_reveals_the_value[str.format-format] PASSED [ 84%]
tests/unit/shared/test_secret_value.py::test_no_rendering_path_reveals_the_value[%-formatting-<lambda>] PASSED [ 84%]
tests/unit/shared/test_secret_value.py::test_no_rendering_path_reveals_the_value[concatenation via join-<lambda>] PASSED [ 84%]
tests/unit/shared/test_secret_value.py::test_format_spec_cannot_leak_a_prefix PASSED [ 84%]
tests/unit/shared/test_secret_value.py::test_reveal_is_the_only_accessor PASSED [ 84%]
tests/unit/shared/test_secret_value.py::test_a_secret_cannot_be_pickled PASSED [ 84%]
tests/unit/shared/test_secret_value.py::test_a_secret_can_be_copied_in_memory PASSED [ 84%]
tests/unit/shared/test_secret_value.py::test_a_secret_cannot_be_hashed PASSED [ 84%]
tests/unit/shared/test_secret_value.py::test_a_secret_is_not_json_serialisable_by_accident PASSED [ 84%]
tests/unit/shared/test_secret_value.py::test_equality_works_between_secrets PASSED [ 84%]
tests/unit/shared/test_secret_value.py::test_comparison_against_a_plain_string_is_not_supported PASSED [ 84%]
tests/unit/shared/test_secret_value.py::test_length_and_truthiness_are_disclosed_deliberately PASSED [ 84%]
tests/unit/shared/test_secret_value.py::test_secrets_join_the_redaction_registry PASSED [ 84%]
tests/unit/shared/test_secret_value.py::test_short_values_are_not_registered PASSED [ 84%]
tests/unit/shared/test_secret_value.py::test_registration_can_be_declined PASSED [ 84%]
tests/unit/shared/test_secret_value.py::test_the_registry_snapshot_is_immutable PASSED [ 85%]
tests/unit/shared/test_secret_value.py::test_no_generated_value_ever_renders PASSED [ 85%]
tests/unit/shared/test_settings.py::test_defaults_are_local_and_safe PASSED [ 85%]
tests/unit/shared/test_settings.py::test_nested_variables_are_read PASSED [ 85%]
tests/unit/shared/test_settings.py::test_an_unknown_variable_is_rejected PASSED [ 85%]
tests/unit/shared/test_settings.py::test_invalid_values_fail_fast_and_name_the_field PASSED [ 85%]
tests/unit/shared/test_settings.py::test_an_unrecognised_log_level_is_rejected PASSED [ 85%]
tests/unit/shared/test_settings.py::test_deployed_environments_reject_debug PASSED [ 85%]
tests/unit/shared/test_settings.py::test_deployed_environments_reject_placeholder_credentials PASSED [ 85%]
tests/unit/shared/test_settings.py::test_deployed_environments_reject_human_readable_logs PASSED [ 85%]
tests/unit/shared/test_settings.py::test_deployed_environments_reject_a_placeholder_master_key PASSED [ 85%]
tests/unit/shared/test_settings.py::test_deployed_environments_reject_a_placeholder_signing_key PASSED [ 85%]
tests/unit/shared/test_settings.py::test_the_access_token_lifetime_defaults_to_the_plan_s_fifteen_minutes PASSED [ 85%]
tests/unit/shared/test_settings.py::test_a_valid_production_configuration_loads PASSED [ 85%]
tests/unit/shared/test_settings.py::test_an_explicit_log_format_is_honoured PASSED [ 85%]
tests/unit/shared/test_settings.py::test_log_format_is_derived_rather_than_defaulted PASSED [ 85%]
tests/unit/shared/test_settings.py::test_settings_are_frozen PASSED      [ 85%]
tests/unit/shared/test_settings.py::test_secrets_never_serialise PASSED  [ 85%]
tests/unit/shared/test_settings.py::test_an_env_file_is_read_when_supplied PASSED [ 85%]
tests/unit/shared/test_settings.py::test_the_environment_wins_over_the_env_file PASSED [ 85%]
tests/unit/shared/test_settings.py::test_tracing_enabled_without_an_endpoint_is_rejected PASSED [ 85%]
tests/unit/shared/test_settings.py::test_an_already_wrapped_secret_is_passed_through PASSED [ 85%]
tests/unit/shared/test_settings.py::test_settings_can_be_constructed_directly_for_tests PASSED [ 86%]
tests/unit/shared/time/test_clock.py::test_every_clock_satisfies_the_port[clock0] PASSED [ 86%]
tests/unit/shared/time/test_clock.py::test_every_clock_satisfies_the_port[clock1] PASSED [ 86%]
tests/unit/shared/time/test_clock.py::test_the_system_clock_returns_aware_utc PASSED [ 86%]
tests/unit/shared/time/test_clock.py::test_a_frozen_clock_does_not_move_on_its_own PASSED [ 86%]
tests/unit/shared/time/test_clock.py::test_advancing_moves_the_clock_forward PASSED [ 86%]
tests/unit/shared/time/test_clock.py::test_a_clock_cannot_move_backwards[kwargs0] PASSED [ 86%]
tests/unit/shared/time/test_clock.py::test_a_clock_cannot_move_backwards[kwargs1] PASSED [ 86%]
tests/unit/shared/time/test_clock.py::test_a_clock_cannot_move_backwards[kwargs2] PASSED [ 86%]
tests/unit/shared/time/test_clock.py::test_a_clock_cannot_move_backwards[kwargs3] PASSED [ 86%]
tests/unit/shared/time/test_clock.py::test_setting_the_clock_is_permitted_where_advancing_is_not PASSED [ 86%]
tests/unit/shared/time/test_clock.py::test_a_naive_instant_is_refused PASSED [ 86%]
tests/unit/shared/time/test_clock.py::test_a_non_utc_instant_is_normalised_rather_than_rejected PASSED [ 86%]
tests/unit/shared/time/test_clock.py::test_repr_identifies_the_instant PASSED [ 86%]
tests/unit/shared/time/test_ranges.py::test_a_date_range_excludes_its_end PASSED [ 86%]
tests/unit/shared/time/test_ranges.py::test_consecutive_ranges_tile_without_gap_or_overlap PASSED [ 86%]
tests/unit/shared/time/test_ranges.py::test_an_inverted_range_is_refused PASSED [ 86%]
tests/unit/shared/time/test_ranges.py::test_an_empty_range_contains_nothing PASSED [ 86%]
tests/unit/shared/time/test_ranges.py::test_iterating_yields_every_date_ascending PASSED [ 86%]
tests/unit/shared/time/test_ranges.py::test_intersection_is_contained_in_both PASSED [ 86%]
tests/unit/shared/time/test_ranges.py::test_overlap_is_symmetric PASSED  [ 86%]
tests/unit/shared/time/test_ranges.py::test_adjacent_ranges_do_not_overlap PASSED [ 86%]
tests/unit/shared/time/test_ranges.py::test_a_time_range_measures_duration PASSED [ 87%]
tests/unit/shared/time/test_ranges.py::test_a_time_range_rejects_naive_bounds PASSED [ 87%]
tests/unit/shared/time/test_ranges.py::test_ranges_render_in_half_open_notation PASSED [ 87%]
tests/unit/shared/time/test_ranges.py::test_ranges_are_frozen_and_hashable PASSED [ 87%]
tests/unit/shared/time/test_ranges.py::test_a_time_range_excludes_its_end PASSED [ 87%]
tests/unit/shared/time/test_ranges.py::test_an_empty_time_range_contains_nothing PASSED [ 87%]
tests/unit/shared/time/test_ranges.py::test_time_ranges_overlap_symmetrically_and_tile_cleanly PASSED [ 87%]
tests/unit/shared/time/test_ranges.py::test_time_range_intersection PASSED [ 87%]
tests/unit/shared/time/test_ranges.py::test_disjoint_time_ranges_intersect_to_empty PASSED [ 87%]
tests/unit/shared/time/test_ranges.py::test_an_inverted_time_range_is_refused PASSED [ 87%]
tests/unit/shared/time/test_ranges.py::test_time_ranges_render_in_half_open_notation PASSED [ 87%]
tests/unit/shared/time/test_trading_day.py::test_the_test_calendar_satisfies_the_port PASSED [ 87%]
tests/unit/shared/time/test_trading_day.py::test_a_trading_day_must_be_verified_against_a_calendar PASSED [ 87%]
tests/unit/shared/time/test_trading_day.py::test_a_non_session_date_is_refused PASSED [ 87%]
tests/unit/shared/time/test_trading_day.py::test_a_holiday_is_refused PASSED [ 87%]
tests/unit/shared/time/test_trading_day.py::test_session_arithmetic_skips_non_sessions PASSED [ 87%]
tests/unit/shared/time/test_trading_day.py::test_session_arithmetic_runs_backwards PASSED [ 87%]
tests/unit/shared/time/test_trading_day.py::test_adding_and_subtracting_sessions_round_trips[1] PASSED [ 87%]
tests/unit/shared/time/test_trading_day.py::test_adding_and_subtracting_sessions_round_trips[2] PASSED [ 87%]
tests/unit/shared/time/test_trading_day.py::test_adding_and_subtracting_sessions_round_trips[5] PASSED [ 87%]
tests/unit/shared/time/test_trading_day.py::test_adding_and_subtracting_sessions_round_trips[10] PASSED [ 87%]
tests/unit/shared/time/test_trading_day.py::test_adding_and_subtracting_sessions_round_trips[21] PASSED [ 87%]
tests/unit/shared/time/test_trading_day.py::test_sessions_between_excludes_the_end PASSED [ 87%]
tests/unit/shared/time/test_trading_day.py::test_trading_days_order_chronologically PASSED [ 88%]
tests/unit/shared/time/test_trading_day.py::test_trading_days_are_hashable_and_usable_as_keys PASSED [ 88%]
tests/unit/shared/time/test_trading_day.py::test_ordering_against_a_foreign_type_raises PASSED [ 88%]
tests/unit/shared/time/test_trading_day.py::test_a_trading_day_is_immutable PASSED [ 88%]
tests/unit/shared/time/test_trading_day.py::test_a_session_is_stored_as_utc_instants PASSED [ 88%]
tests/unit/shared/time/test_trading_day.py::test_session_membership_is_half_open PASSED [ 88%]
tests/unit/shared/time/test_trading_day.py::test_a_regular_session_is_not_partial PASSED [ 88%]
tests/unit/shared/time/test_trading_day.py::test_a_muhurat_session_is_partial PASSED [ 88%]
tests/unit/shared/time/test_trading_day.py::test_a_session_must_close_after_it_opens PASSED [ 88%]
tests/unit/shared/time/test_trading_day.py::test_a_session_rejects_naive_instants PASSED [ 88%]
tests/unit/test_adr_guard.py::test_real_decision_log_is_intact PASSED    [ 88%]
tests/unit/test_adr_guard.py::test_the_corpus_and_the_decision_index_agree PASSED [ 88%]
tests/unit/test_adr_guard.py::test_exactly_one_record_has_been_superseded PASSED [ 88%]
tests/unit/test_adr_guard.py::test_every_real_record_has_the_required_sections PASSED [ 88%]
tests/unit/test_adr_guard.py::test_valid_corpus_passes PASSED            [ 88%]
tests/unit/test_adr_guard.py::test_c1_rejects_a_malformed_filename PASSED [ 88%]
tests/unit/test_adr_guard.py::test_c1_rejects_a_filename_that_disagrees_with_the_heading PASSED [ 88%]
tests/unit/test_adr_guard.py::test_c2_detects_a_gap_left_by_a_deleted_record PASSED [ 88%]
tests/unit/test_adr_guard.py::test_c3_detects_a_missing_section PASSED   [ 88%]
tests/unit/test_adr_guard.py::test_c3_detects_a_missing_metadata_field PASSED [ 88%]
tests/unit/test_adr_guard.py::test_c4_rejects_an_invented_status PASSED  [ 88%]
tests/unit/test_adr_guard.py::test_c4_rejects_a_dangling_supersession_reference PASSED [ 88%]
tests/unit/test_adr_guard.py::test_c5_detects_an_edit_to_an_accepted_record PASSED [ 89%]
tests/unit/test_adr_guard.py::test_c5_permits_a_status_change_to_superseded PASSED [ 89%]
tests/unit/test_adr_guard.py::test_c5_detects_an_accepted_record_with_no_registered_checksum PASSED [ 89%]
tests/unit/test_adr_guard.py::test_c5_detects_a_checksum_for_a_record_that_no_longer_exists PASSED [ 89%]
tests/unit/test_adr_guard.py::test_update_refuses_to_overwrite_an_existing_checksum PASSED [ 89%]
tests/unit/test_adr_guard.py::test_update_is_idempotent PASSED           [ 89%]
tests/unit/test_adr_guard.py::test_digest_ignores_mutable_status_lines PASSED [ 89%]
tests/unit/test_adr_guard.py::test_digest_ignores_trailing_whitespace_but_not_content PASSED [ 89%]
tests/unit/test_adr_guard.py::test_c3_detects_a_record_with_no_heading PASSED [ 89%]
tests/unit/test_adr_guard.py::test_c2_detects_a_reused_decision_number PASSED [ 89%]
tests/unit/test_adr_guard.py::test_update_declines_when_the_corpus_is_structurally_broken PASSED [ 89%]
tests/unit/test_adr_guard.py::test_a_corrupt_checksum_file_fails_loudly PASSED [ 89%]
tests/unit/test_adr_guard.py::test_problems_render_with_filename_and_check_id PASSED [ 89%]
tests/unit/test_adr_guard.py::test_readme_and_template_are_not_treated_as_records PASSED [ 89%]
tests/unit/test_context_boundaries.py::test_real_source_tree_has_no_boundary_violations PASSED [ 89%]
tests/unit/test_context_boundaries.py::test_dependency_matrix_is_acyclic PASSED [ 89%]
tests/unit/test_context_boundaries.py::test_matrix_references_only_known_contexts PASSED [ 89%]
tests/unit/test_context_boundaries.py::test_risk_does_not_depend_on_trading PASSED [ 89%]
tests/unit/test_context_boundaries.py::test_r1_detects_reaching_into_another_contexts_internals PASSED [ 89%]
tests/unit/test_context_boundaries.py::test_r1_allows_import_through_the_public_api PASSED [ 89%]
tests/unit/test_context_boundaries.py::test_r1_allows_from_package_import_api_form PASSED [ 89%]
tests/unit/test_context_boundaries.py::test_r2_detects_an_undeclared_dependency PASSED [ 89%]
tests/unit/test_context_boundaries.py::test_r2_blocks_risk_importing_trading PASSED [ 90%]
tests/unit/test_context_boundaries.py::test_r2_permits_trading_importing_risk PASSED [ 90%]
tests/unit/test_context_boundaries.py::test_r3_detects_import_of_a_composition_root PASSED [ 90%]
tests/unit/test_context_boundaries.py::test_r3_permits_composition_roots_importing_anything PASSED [ 90%]
tests/unit/test_context_boundaries.py::test_r4_detects_the_shared_kernel_importing_a_context PASSED [ 90%]
tests/unit/test_context_boundaries.py::test_plain_import_statement_is_checked_too PASSED [ 90%]
tests/unit/test_context_boundaries.py::test_non_dhruva_imports_are_ignored PASSED [ 90%]
tests/unit/test_context_boundaries.py::test_violations_render_with_path_and_line PASSED [ 90%]
tests/unit/test_context_boundaries.py::test_find_repo_root_locates_the_marker PASSED [ 90%]
tests/unit/test_context_boundaries.py::test_find_repo_root_raises_when_no_marker_exists PASSED [ 90%]
tests/unit/test_context_boundaries.py::test_r9_detects_a_transport_import_in_a_domain_module PASSED [ 90%]
tests/unit/test_context_boundaries.py::test_r9_detects_a_transport_import_in_a_strategy_module PASSED [ 90%]
tests/unit/test_context_boundaries.py::test_r9_permits_a_transport_in_infrastructure PASSED [ 90%]
tests/unit/test_context_boundaries.py::test_r9_permits_the_messaging_ports_in_domain_code PASSED [ 90%]
tests/unit/test_package_metadata.py::test_version_is_semver PASSED       [ 90%]
tests/unit/test_package_metadata.py::test_package_reexports_version PASSED [ 90%]
tests/unit/test_package_metadata.py::test_stage_one_version_is_pre_release PASSED [ 90%]
tests/unit/test_package_metadata.py::test_the_version_matches_the_newest_released_changelog_entry PASSED [ 90%]
tests/unit/test_repository_layout.py::test_nine_contexts_exist PASSED    [ 90%]
tests/unit/test_repository_layout.py::test_context_package_exists[reference] PASSED [ 90%]
tests/unit/test_repository_layout.py::test_context_package_exists[marketdata] PASSED [ 90%]
tests/unit/test_repository_layout.py::test_context_package_exists[analytics] PASSED [ 90%]
tests/unit/test_repository_layout.py::test_context_package_exists[intelligence] PASSED [ 91%]
tests/unit/test_repository_layout.py::test_context_package_exists[strategy] PASSED [ 91%]
tests/unit/test_repository_layout.py::test_context_package_exists[risk] PASSED [ 91%]
tests/unit/test_repository_layout.py::test_context_package_exists[trading] PASSED [ 91%]
tests/unit/test_repository_layout.py::test_context_package_exists[notification] PASSED [ 91%]
tests/unit/test_repository_layout.py::test_context_package_exists[platform] PASSED [ 91%]
tests/unit/test_repository_layout.py::test_context_has_public_api_module[reference] PASSED [ 91%]
tests/unit/test_repository_layout.py::test_context_has_public_api_module[marketdata] PASSED [ 91%]
tests/unit/test_repository_layout.py::test_context_has_public_api_module[analytics] PASSED [ 91%]
tests/unit/test_repository_layout.py::test_context_has_public_api_module[intelligence] PASSED [ 91%]
tests/unit/test_repository_layout.py::test_context_has_public_api_module[strategy] PASSED [ 91%]
tests/unit/test_repository_layout.py::test_context_has_public_api_module[risk] PASSED [ 91%]
tests/unit/test_repository_layout.py::test_context_has_public_api_module[trading] PASSED [ 91%]
tests/unit/test_repository_layout.py::test_context_has_public_api_module[notification] PASSED [ 91%]
tests/unit/test_repository_layout.py::test_context_has_public_api_module[platform] PASSED [ 91%]
tests/unit/test_repository_layout.py::test_context_has_all_four_layers[application-reference] PASSED [ 91%]
tests/unit/test_repository_layout.py::test_context_has_all_four_layers[application-marketdata] PASSED [ 91%]
tests/unit/test_repository_layout.py::test_context_has_all_four_layers[application-analytics] PASSED [ 91%]
tests/unit/test_repository_layout.py::test_context_has_all_four_layers[application-intelligence] PASSED [ 91%]
tests/unit/test_repository_layout.py::test_context_has_all_four_layers[application-strategy] PASSED [ 91%]
tests/unit/test_repository_layout.py::test_context_has_all_four_layers[application-risk] PASSED [ 91%]
tests/unit/test_repository_layout.py::test_context_has_all_four_layers[application-trading] PASSED [ 91%]
tests/unit/test_repository_layout.py::test_context_has_all_four_layers[application-notification] PASSED [ 91%]
tests/unit/test_repository_layout.py::test_context_has_all_four_layers[application-platform] PASSED [ 92%]
tests/unit/test_repository_layout.py::test_context_has_all_four_layers[domain-reference] PASSED [ 92%]
tests/unit/test_repository_layout.py::test_context_has_all_four_layers[domain-marketdata] PASSED [ 92%]
tests/unit/test_repository_layout.py::test_context_has_all_four_layers[domain-analytics] PASSED [ 92%]
tests/unit/test_repository_layout.py::test_context_has_all_four_layers[domain-intelligence] PASSED [ 92%]
tests/unit/test_repository_layout.py::test_context_has_all_four_layers[domain-strategy] PASSED [ 92%]
tests/unit/test_repository_layout.py::test_context_has_all_four_layers[domain-risk] PASSED [ 92%]
tests/unit/test_repository_layout.py::test_context_has_all_four_layers[domain-trading] PASSED [ 92%]
tests/unit/test_repository_layout.py::test_context_has_all_four_layers[domain-notification] PASSED [ 92%]
tests/unit/test_repository_layout.py::test_context_has_all_four_layers[domain-platform] PASSED [ 92%]
tests/unit/test_repository_layout.py::test_context_has_all_four_layers[infrastructure-reference] PASSED [ 92%]
tests/unit/test_repository_layout.py::test_context_has_all_four_layers[infrastructure-marketdata] PASSED [ 92%]
tests/unit/test_repository_layout.py::test_context_has_all_four_layers[infrastructure-analytics] PASSED [ 92%]
tests/unit/test_repository_layout.py::test_context_has_all_four_layers[infrastructure-intelligence] PASSED [ 92%]
tests/unit/test_repository_layout.py::test_context_has_all_four_layers[infrastructure-strategy] PASSED [ 92%]
tests/unit/test_repository_layout.py::test_context_has_all_four_layers[infrastructure-risk] PASSED [ 92%]
tests/unit/test_repository_layout.py::test_context_has_all_four_layers[infrastructure-trading] PASSED [ 92%]
tests/unit/test_repository_layout.py::test_context_has_all_four_layers[infrastructure-notification] PASSED [ 92%]
tests/unit/test_repository_layout.py::test_context_has_all_four_layers[infrastructure-platform] PASSED [ 92%]
tests/unit/test_repository_layout.py::test_context_has_all_four_layers[interfaces-reference] PASSED [ 92%]
tests/unit/test_repository_layout.py::test_context_has_all_four_layers[interfaces-marketdata] PASSED [ 92%]
tests/unit/test_repository_layout.py::test_context_has_all_four_layers[interfaces-analytics] PASSED [ 92%]
tests/unit/test_repository_layout.py::test_context_has_all_four_layers[interfaces-intelligence] PASSED [ 93%]
tests/unit/test_repository_layout.py::test_context_has_all_four_layers[interfaces-strategy] PASSED [ 93%]
tests/unit/test_repository_layout.py::test_context_has_all_four_layers[interfaces-risk] PASSED [ 93%]
tests/unit/test_repository_layout.py::test_context_has_all_four_layers[interfaces-trading] PASSED [ 93%]
tests/unit/test_repository_layout.py::test_context_has_all_four_layers[interfaces-notification] PASSED [ 93%]
tests/unit/test_repository_layout.py::test_context_has_all_four_layers[interfaces-platform] PASSED [ 93%]
tests/unit/test_repository_layout.py::test_composition_roots_exist[api] PASSED [ 93%]
tests/unit/test_repository_layout.py::test_composition_roots_exist[ingest] PASSED [ 93%]
tests/unit/test_repository_layout.py::test_composition_roots_exist[workers] PASSED [ 93%]
tests/unit/test_repository_layout.py::test_context_api_module_imports_cleanly[reference] PASSED [ 93%]
tests/unit/test_repository_layout.py::test_context_api_module_imports_cleanly[marketdata] PASSED [ 93%]
tests/unit/test_repository_layout.py::test_context_api_module_imports_cleanly[analytics] PASSED [ 93%]
tests/unit/test_repository_layout.py::test_context_api_module_imports_cleanly[intelligence] PASSED [ 93%]
tests/unit/test_repository_layout.py::test_context_api_module_imports_cleanly[strategy] PASSED [ 93%]
tests/unit/test_repository_layout.py::test_context_api_module_imports_cleanly[risk] PASSED [ 93%]
tests/unit/test_repository_layout.py::test_context_api_module_imports_cleanly[trading] PASSED [ 93%]
tests/unit/test_repository_layout.py::test_context_api_module_imports_cleanly[notification] PASSED [ 93%]
tests/unit/test_repository_layout.py::test_context_api_module_imports_cleanly[platform] PASSED [ 93%]
tests/unit/test_repository_layout.py::test_shared_kernel_exists PASSED   [ 93%]
tests/unit/test_repository_layout.py::test_package_is_typed PASSED       [ 93%]
tests/unit/test_repository_layout.py::test_root_marker_is_present PASSED [ 93%]
tests/unit/test_repository_layout.py::test_required_repository_files_exist[backend/pyproject.toml] PASSED [ 93%]
tests/unit/test_repository_layout.py::test_required_repository_files_exist[backend/.importlinter] PASSED [ 94%]
tests/unit/test_repository_layout.py::test_required_repository_files_exist[.pre-commit-config.yaml] PASSED [ 94%]
tests/unit/test_repository_layout.py::test_required_repository_files_exist[.github/workflows/ci.yml] PASSED [ 94%]
tests/unit/test_repository_layout.py::test_required_repository_files_exist[.github/workflows/security.yml] PASSED [ 94%]
tests/unit/test_repository_layout.py::test_required_repository_files_exist[infra/docker-compose.yml] PASSED [ 94%]
tests/unit/test_repository_layout.py::test_required_repository_files_exist[docs/adr/README.md] PASSED [ 94%]
tests/unit/test_repository_layout.py::test_required_repository_files_exist[docs/adr/TEMPLATE.md] PASSED [ 94%]
tests/unit/test_repository_layout.py::test_required_repository_files_exist[docs/DHRUVA_MASTER_PROJECT_PLAN.md] PASSED [ 94%]
tests/unit/test_repository_layout.py::test_required_repository_files_exist[docs/DHRUVA_PERSONAL_MVP_PLAN.md] PASSED [ 94%]
tests/unit/test_repository_layout.py::test_required_repository_files_exist[docs/DOMAIN.md] PASSED [ 94%]
tests/unit/test_repository_layout.py::test_required_repository_files_exist[docs/LESSONS.md] PASSED [ 94%]
tests/unit/test_repository_layout.py::test_required_repository_files_exist[docs/decisions.md] PASSED [ 94%]
tests/unit/test_repository_layout.py::test_required_repository_files_exist[docs/session-log.md] PASSED [ 94%]
tests/unit/test_repository_layout.py::test_required_repository_files_exist[Makefile] PASSED [ 94%]
tests/unit/test_repository_layout.py::test_required_repository_files_exist[README.md] PASSED [ 94%]
tests/unit/test_repository_layout.py::test_required_repository_files_exist[CONTRIBUTING.md] PASSED [ 94%]
tests/unit/test_repository_layout.py::test_required_repository_files_exist[CHANGELOG.md] PASSED [ 94%]
tests/unit/test_repository_layout.py::test_no_order_placing_code_exists PASSED [ 94%]
tests/unit/test_secret_hygiene.py::test_no_env_file_is_present_in_the_tree PASSED [ 94%]
tests/unit/test_secret_hygiene.py::test_gitignore_covers_the_patterns_that_matter PASSED [ 94%]
tests/unit/test_secret_hygiene.py::test_the_example_env_file_contains_no_realistic_value PASSED [ 94%]
tests/unit/test_secret_hygiene.py::test_no_source_file_contains_a_credential_shaped_string PASSED [ 94%]
tests/unit/test_secret_hygiene.py::test_ci_scans_full_history_not_just_the_diff PASSED [ 95%]
tests/unit/test_secret_hygiene.py::test_dependency_audit_checks_the_hash_pinned_deployment_lock PASSED [ 95%]
tests/unit/test_secret_hygiene.py::test_dependency_audit_cannot_suppress_findings_or_its_exit_code PASSED [ 95%]
tests/unit/test_toolchain_config.py::test_python_312_is_required PASSED  [ 95%]
tests/unit/test_toolchain_config.py::test_mypy_is_strict PASSED          [ 95%]
tests/unit/test_toolchain_config.py::test_bare_type_ignore_is_an_error PASSED [ 95%]
tests/unit/test_toolchain_config.py::test_required_ruff_rule_families_are_selected[DTZ-ADR-006: naive datetimes are banned] PASSED [ 95%]
tests/unit/test_toolchain_config.py::test_required_ruff_rule_families_are_selected[FIX-Golden Rules: no TODO or FIXME may survive a merge] PASSED [ 95%]
tests/unit/test_toolchain_config.py::test_required_ruff_rule_families_are_selected[S-security linting is on by default (ADR-020)] PASSED [ 95%]
tests/unit/test_toolchain_config.py::test_required_ruff_rule_families_are_selected[ERA-commented-out code is deleted, not archived in place] PASSED [ 95%]
tests/unit/test_toolchain_config.py::test_required_ruff_rule_families_are_selected[D-docstrings are a Definition of Done requirement] PASSED [ 95%]
tests/unit/test_toolchain_config.py::test_required_ruff_rule_families_are_selected[T20-print statements are not structured logging] PASSED [ 95%]
tests/unit/test_toolchain_config.py::test_required_ruff_rule_families_are_selected[ASYNC-ADR-024: no blocking calls on the event loop] PASSED [ 95%]
tests/unit/test_toolchain_config.py::test_relative_imports_are_banned PASSED [ 95%]
tests/unit/test_toolchain_config.py::test_coverage_gate_matches_the_definition_of_done PASSED [ 95%]
tests/unit/test_toolchain_config.py::test_pytest_is_configured_to_fail_loudly PASSED [ 95%]
tests/unit/test_toolchain_config.py::test_declared_markers_cover_the_test_pyramid PASSED [ 95%]
tests/unit/test_toolchain_config.py::test_every_runtime_dependency_is_pinned_and_accounted_for PASSED [ 95%]
tests/unit/test_toolchain_config.py::test_the_tracing_sdk_is_an_extra_not_a_library_dependency PASSED [ 95%]
tests/unit/test_toolchain_config.py::test_the_deployment_lockfile_contains_every_runtime_dependency PASSED [ 95%]
tests/unit/test_toolchain_config.py::test_lockfiles_are_committed_and_hash_pinned PASSED [ 95%]
tests/unit/test_toolchain_config.py::test_python_version_is_declared_consistently PASSED [ 95%]
tests/unit/test_toolchain_config.py::test_console_scripts_expose_the_architectural_controls PASSED [ 95%]
tests/unit/test_toolchain_config.py::test_import_linter_covers_every_context PASSED [ 96%]
tests/unit/test_toolchain_config.py::test_precommit_runs_the_same_gates_as_ci PASSED [ 96%]
tests/unit/test_toolchain_config.py::test_the_authoritative_benchmark_job_can_measure_sub_microsecond_budgets PASSED [ 96%]
tests/unit/test_toolchain_config.py::test_the_canonical_script_reports_a_gating_failure_to_the_shell PASSED [ 96%]
tests/unit/test_toolchain_config.py::test_only_the_windows_benchmark_stage_is_informational PASSED [ 96%]
tests/unit/test_toolchain_config.py::test_every_stage_except_the_benchmarks_gates_the_shell_status PASSED [ 96%]
tests/unit/test_toolchain_config.py::test_the_ordinary_test_job_does_not_claim_stable_timing PASSED [ 96%]
tests/unit/test_tooling_cli.py::test_boundaries_cli_exits_zero_on_a_clean_tree PASSED [ 96%]
tests/unit/test_tooling_cli.py::test_boundaries_cli_exits_one_and_names_the_offender PASSED [ 96%]
tests/unit/test_tooling_cli.py::test_boundaries_cli_accepts_an_explicit_source_root PASSED [ 96%]
tests/unit/test_tooling_cli.py::test_relative_imports_are_still_resolved PASSED [ 96%]
tests/unit/test_tooling_cli.py::test_star_imports_are_checked PASSED     [ 96%]
tests/unit/test_tooling_cli.py::test_an_overdeep_relative_import_does_not_crash_the_checker PASSED [ 96%]
tests/unit/test_tooling_cli.py::test_importing_a_bare_context_package_is_only_a_matrix_question PASSED [ 96%]
tests/unit/test_tooling_cli.py::test_r5_detects_every_way_of_reading_the_environment[import os\n\nX = os.getenv('DHRUVA_DEBUG')\n] PASSED [ 96%]
tests/unit/test_tooling_cli.py::test_r5_detects_every_way_of_reading_the_environment[import os\n\nX = os.environ['DHRUVA_DEBUG']\n] PASSED [ 96%]
tests/unit/test_tooling_cli.py::test_r5_detects_every_way_of_reading_the_environment[from os import getenv\n\nX = getenv('DHRUVA_DEBUG')\n] PASSED [ 96%]
tests/unit/test_tooling_cli.py::test_r5_detects_every_way_of_reading_the_environment[from os import environ\n] PASSED [ 96%]
tests/unit/test_tooling_cli.py::test_r5_detects_every_way_of_reading_the_environment[import dotenv\n] PASSED [ 96%]
tests/unit/test_tooling_cli.py::test_r5_detects_every_way_of_reading_the_environment[from dotenv import load_dotenv\n] PASSED [ 96%]
tests/unit/test_tooling_cli.py::test_r5_permits_the_configuration_module_itself PASSED [ 96%]
tests/unit/test_tooling_cli.py::test_r5_applies_to_composition_roots_too PASSED [ 96%]
tests/unit/test_tooling_cli.py::test_r5_ignores_unrelated_os_usage PASSED [ 97%]
tests/unit/test_tooling_cli.py::test_adr_cli_exits_zero_on_an_intact_log PASSED [ 97%]
tests/unit/test_tooling_cli.py::test_adr_cli_reports_nothing_to_register_when_current PASSED [ 97%]
tests/unit/test_tooling_cli.py::test_adr_cli_exits_one_on_a_silent_edit PASSED [ 97%]
tests/unit/test_tooling_cli.py::test_adr_cli_refuses_an_update_that_would_overwrite PASSED [ 97%]
tests/unit/test_tooling_cli.py::test_adr_cli_accepts_an_explicit_directory PASSED [ 97%]
tests/unit/workers/test_celery_app.py::test_the_broker_url_is_built_from_the_configured_server PASSED [ 97%]
tests/unit/workers/test_celery_app.py::test_an_unauthenticated_broker_url_carries_no_credential_section PASSED [ 97%]
tests/unit/workers/test_celery_app.py::test_the_password_is_percent_encoded_into_the_broker_url PASSED [ 97%]
tests/unit/workers/test_celery_app.py::test_the_password_does_not_reach_the_application_repr PASSED [ 97%]
tests/unit/workers/test_celery_app.py::test_a_worker_waits_for_a_broker_that_is_not_up_yet PASSED [ 97%]
tests/unit/workers/test_celery_app.py::test_only_json_crosses_the_broker PASSED [ 97%]
tests/unit/workers/test_celery_app.py::test_time_is_utc_in_both_directions PASSED [ 97%]
tests/unit/workers/test_celery_app.py::test_a_job_is_acknowledged_after_it_runs_not_when_it_arrives PASSED [ 97%]
tests/unit/workers/test_celery_app.py::test_a_worker_reserves_one_job_at_a_time PASSED [ 97%]
tests/unit/workers/test_celery_app.py::test_the_visibility_timeout_outlasts_a_long_job PASSED [ 97%]
tests/unit/workers/test_celery_app.py::test_no_result_backend_is_configured PASSED [ 97%]
tests/unit/workers/test_celery_app.py::test_celery_does_not_take_over_logging PASSED [ 97%]
tests/unit/workers/test_celery_app.py::test_jobs_are_routed_to_a_named_queue PASSED [ 97%]
tests/unit/workers/test_celery_app.py::test_task_modules_are_declared_rather_than_discovered PASSED [ 97%]
tests/unit/workers/test_celery_app.py::test_no_jobs_are_registered_yet PASSED [ 97%]
tests/unit/workers/test_celery_app.py::test_the_application_is_not_made_the_current_one PASSED [ 97%]
tests/unit/workers/test_celery_app.py::test_each_call_returns_an_independent_application PASSED [ 98%]
tests/unit/workers/test_celery_app.py::test_the_application_is_named_for_the_system PASSED [ 98%]
tests/unit/workers/test_entrypoint.py::test_the_broker_is_configured_from_the_environment PASSED [ 98%]
tests/unit/workers/test_entrypoint.py::test_bringing_the_worker_up_configures_logging PASSED [ 98%]
tests/unit/workers/test_entrypoint.py::test_the_worker_names_itself_distinctly_from_the_api PASSED [ 98%]
tests/unit/workers/test_entrypoint.py::test_the_application_does_not_become_the_current_one PASSED [ 98%]
tests/unit/workers/test_entrypoint.py::test_each_call_returns_an_independent_application PASSED [ 98%]
tests/unit/workers/test_entrypoint.py::test_no_beat_entries_are_registered_yet PASSED [ 98%]
tests/unit/workers/test_entrypoint.py::test_no_tasks_are_registered_yet PASSED [ 98%]
tests/unit/workers/test_entrypoint.py::test_an_env_file_is_passed_through_to_the_runtime PASSED [ 98%]
tests/unit/workers/test_entrypoint.py::test_the_process_environment_still_wins_over_a_file PASSED [ 98%]
tests/unit/workers/test_registry.py::test_the_shipped_registry_is_empty_and_installs_cleanly PASSED [ 98%]
tests/unit/workers/test_registry.py::test_a_definition_knows_whether_it_is_scheduled PASSED [ 98%]
tests/unit/workers/test_registry.py::test_a_definition_is_immutable PASSED [ 98%]
tests/unit/workers/test_registry.py::test_every_job_is_registered_and_returned PASSED [ 98%]
tests/unit/workers/test_registry.py::test_an_unusable_job_name_is_refused_at_installation PASSED [ 98%]
tests/unit/workers/test_registry.py::test_two_jobs_with_the_same_name_are_refused PASSED [ 98%]
tests/unit/workers/test_registry.py::test_nothing_is_registered_when_a_duplicate_is_refused PASSED [ 98%]
tests/unit/workers/test_registry.py::test_a_scheduled_job_gets_a_beat_entry PASSED [ 98%]
tests/unit/workers/test_registry.py::test_an_unscheduled_job_gets_no_beat_entry PASSED [ 98%]
tests/unit/workers/test_registry.py::test_a_scheduled_job_without_a_calendar_is_refused PASSED [ 98%]
tests/unit/workers/test_registry.py::test_the_refusal_names_the_job_and_its_schedule PASSED [ 98%]
tests/unit/workers/test_registry.py::test_an_unscheduled_registry_needs_no_calendar PASSED [ 99%]
tests/unit/workers/test_registry.py::test_installing_twice_does_not_discard_the_first_set_of_entries PASSED [ 99%]
tests/unit/workers/test_tasks.py::test_a_plain_function_becomes_a_task PASSED [ 99%]
tests/unit/workers/test_tasks.py::test_the_task_is_registered_on_the_application_it_was_given PASSED [ 99%]
tests/unit/workers/test_tasks.py::test_two_applications_do_not_share_a_registry PASSED [ 99%]
tests/unit/workers/test_tasks.py::test_the_job_keeps_its_identity PASSED [ 99%]
tests/unit/workers/test_tasks.py::test_an_ordinary_job_name_is_accepted[dhruva.prune] PASSED [ 99%]
tests/unit/workers/test_tasks.py::test_an_ordinary_job_name_is_accepted[dhruva.ledger.prune] PASSED [ 99%]
tests/unit/workers/test_tasks.py::test_an_ordinary_job_name_is_accepted[dhruva.backfill_marketdata] PASSED [ 99%]
tests/unit/workers/test_tasks.py::test_an_ordinary_job_name_is_accepted[dhruva.a.b.c] PASSED [ 99%]
tests/unit/workers/test_tasks.py::test_an_unusable_job_name_is_refused[reconcile-an unprefixed name is one another application can also register] PASSED [ 99%]
tests/unit/workers/test_tasks.py::test_an_unusable_job_name_is_refused[celery.backend_cleanup-a foreign prefix is another system's namespace] PASSED [ 99%]
tests/unit/workers/test_tasks.py::test_an_unusable_job_name_is_refused[dhruva.Reconcile-case differences are invisible in a log field] PASSED [ 99%]
tests/unit/workers/test_tasks.py::test_an_unusable_job_name_is_refused[dhruva.reconcile positions-a space breaks every line-oriented tool] PASSED [ 99%]
tests/unit/workers/test_tasks.py::test_an_unusable_job_name_is_refused[dhruva.-a bare prefix names nothing] PASSED [ 99%]
tests/unit/workers/test_tasks.py::test_an_unusable_job_name_is_refused[dhruva.reconcile.-a trailing dot is a segment that was forgotten] PASSED [ 99%]
tests/unit/workers/test_tasks.py::test_an_unusable_job_name_is_refused[-an empty name is not a name] PASSED [ 99%]
tests/unit/workers/test_tasks.py::test_the_prefix_is_what_the_names_are_checked_against PASSED [ 99%]
tests/unit/workers/test_tasks.py::test_a_job_runs_under_the_correlation_the_message_carried PASSED [ 99%]
tests/unit/workers/test_tasks.py::test_a_job_called_directly_keeps_the_correlation_already_bound PASSED [ 99%]
tests/unit/workers/test_tasks.py::test_a_failing_job_raises_what_it_raised PASSED [ 99%]
tests/unit/workers/test_tasks.py::test_a_failure_is_recorded_before_it_crosses_the_process_boundary PASSED [ 99%]
tests/unit/workers/test_tasks.py::test_an_ordinary_job_logs_no_failure PASSED [100%]

=================================== XPASSES ===================================
=========================== short test summary info ===========================
SKIPPED [5] tests\unit\shared\money\test_value_object_protocol.py:191: scaling by a whole number is a supported operation
XPASS tests/integration/test_repository_correctness.py::test_deadlock_surfaces_as_a_driver_error - Deadlock detection is inherently timing-dependent: PostgreSQL may resolve the cycle before both statements block, in which case neither aborts. Marked non-strict so it records the behaviour without producing a flaky red. Treated as documentation of the expected failure mode rather than a guarantee -- deadlock *retry* is a caller concern and is tested there.
==== 2218 passed, 5 skipped, 29 deselected, 1 xpassed in 69.88s (0:01:09) =====
exit_code: 0
